CountryCode,Year,IndicatorCode,Metric,Value
ARG,2000,EG.ELC.ACCS.ZS,Electricity,95.7
ARG,2000,NY.GDP.MKTP.KD,GDP,395646066535.8751
ARG,2000,NY.GDP.MKTP.KD.ZG,Growth,-0.7889989390569099
ARG,2000,NY.GDP.PCAP.PP.KD,Income,22281.381429995752
ARG,2000,FP.CPI.TOTL.ZG,Inflation,
ARG,2000,IT.NET.USER.ZS,Internet,7.0386830862178
ARG,2000,SP.DYN.LE00.IN,Life,73.91
ARG,2000,SP.POP.TOTL,Population,37213984.0
ARG,2000,NE.TRD.GNFS.ZS,Trade,22.622444777734284
ARG,2001,EG.ELC.ACCS.ZS,Electricity,95.5
ARG,2001,NY.GDP.MKTP.KD,GDP,378202665751.8526
ARG,2001,NY.GDP.MKTP.KD.ZG,Growth,-4.408839682585565
ARG,2001,NY.GDP.PCAP.PP.KD,Income,21066.45812904325
ARG,2001,FP.CPI.TOTL.ZG,Inflation,
ARG,2001,IT.NET.USER.ZS,Internet,9.78080728532407
ARG,2001,SP.DYN.LE00.IN,Life,74.154
ARG,2001,SP.POP.TOTL,Population,37624825.0
ARG,2001,NE.TRD.GNFS.ZS,Trade,21.852255451545282
ARG,2002,EG.ELC.ACCS.ZS,Electricity,96.1
ARG,2002,NY.GDP.MKTP.KD,GDP,336999433710.193
ARG,2002,NY.GDP.MKTP.KD.ZG,Growth,-10.89448482859028
ARG,2002,NY.GDP.PCAP.PP.KD,Income,18571.70204712742
ARG,2002,FP.CPI.TOTL.ZG,Inflation,
ARG,2002,IT.NET.USER.ZS,Internet,10.8821243775325
ARG,2002,SP.DYN.LE00.IN,Life,74.312
ARG,2002,SP.POP.TOTL,Population,38029349.0
ARG,2002,NE.TRD.GNFS.ZS,Trade,41.75272435856421
ARG,2003,EG.ELC.ACCS.ZS,Electricity,96.3
ARG,2003,NY.GDP.MKTP.KD,GDP,366780211148.6741
ARG,2003,NY.GDP.MKTP.KD.ZG,Growth,8.83704079576924
ARG,2003,NY.GDP.PCAP.PP.KD,Income,20005.138511346464
ARG,2003,FP.CPI.TOTL.ZG,Inflation,
ARG,2003,IT.NET.USER.ZS,Internet,11.9136965509954
ARG,2003,SP.DYN.LE00.IN,Life,74.307
ARG,2003,SP.POP.TOTL,Population,38424282.0
ARG,2003,NE.TRD.GNFS.ZS,Trade,40.64474803110855
ARG,2004,EG.ELC.ACCS.ZS,Electricity,96.5
ARG,2004,NY.GDP.MKTP.KD,GDP,399898899166.7381
ARG,2004,NY.GDP.MKTP.KD.ZG,Growth,9.02957330068152
ARG,2004,NY.GDP.PCAP.PP.KD,Income,21591.449396516982
ARG,2004,FP.CPI.TOTL.ZG,Inflation,
ARG,2004,IT.NET.USER.ZS,Internet,16.0366841054923
ARG,2004,SP.DYN.LE00.IN,Life,74.871
ARG,2004,SP.POP.TOTL,Population,38815916.0
ARG,2004,NE.TRD.GNFS.ZS,Trade,40.69264610894695
ARG,2005,EG.ELC.ACCS.ZS,Electricity,96.7
ARG,2005,NY.GDP.MKTP.KD,GDP,435296589745.3388
ARG,2005,NY.GDP.MKTP.KD.ZG,Growth,8.851659920134367
ARG,2005,NY.GDP.PCAP.PP.KD,Income,23262.40757928158
ARG,2005,FP.CPI.TOTL.ZG,Inflation,
ARG,2005,IT.NET.USER.ZS,Internet,17.7205833696065
ARG,2005,SP.DYN.LE00.IN,Life,75.231
ARG,2005,SP.POP.TOTL,Population,39216789.0
ARG,2005,NE.TRD.GNFS.ZS,Trade,40.551270970623804
ARG,2006,EG.ELC.ACCS.ZS,Electricity,97.0
ARG,2006,NY.GDP.MKTP.KD,GDP,470325565798.35266
ARG,2006,NY.GDP.MKTP.KD.ZG,Growth,8.047151500430274
ARG,2006,NY.GDP.PCAP.PP.KD,Income,24877.24939222955
ARG,2006,FP.CPI.TOTL.ZG,Inflation,
ARG,2006,IT.NET.USER.ZS,Internet,20.9272021035896
ARG,2006,SP.DYN.LE00.IN,Life,75.279
ARG,2006,SP.POP.TOTL,Population,39622115.0
ARG,2006,NE.TRD.GNFS.ZS,Trade,40.43347987191512
ARG,2007,EG.ELC.ACCS.ZS,Electricity,97.2
ARG,2007,NY.GDP.MKTP.KD,GDP,512690850741.5605
ARG,2007,NY.GDP.MKTP.KD.ZG,Growth,9.007650875047574
ARG,2007,NY.GDP.PCAP.PP.KD,Income,26850.664593277073
ARG,2007,FP.CPI.TOTL.ZG,Inflation,
ARG,2007,IT.NET.USER.ZS,Internet,25.9466329403819
ARG,2007,SP.DYN.LE00.IN,Life,74.783
ARG,2007,SP.POP.TOTL,Population,40016763.0
ARG,2007,NE.TRD.GNFS.ZS,Trade,40.94517061857098
ARG,2008,EG.ELC.ACCS.ZS,Electricity,97.5
ARG,2008,NY.GDP.MKTP.KD,GDP,533491913656.2786
ARG,2008,NY.GDP.MKTP.KD.ZG,Growth,4.057233103464057
ARG,2008,NY.GDP.PCAP.PP.KD,Income,27658.485344683126
ARG,2008,FP.CPI.TOTL.ZG,Inflation,
ARG,2008,IT.NET.USER.ZS,Internet,28.1126234799907
ARG,2008,SP.DYN.LE00.IN,Life,75.428
ARG,2008,SP.POP.TOTL,Population,40424148.0
ARG,2008,NE.TRD.GNFS.ZS,Trade,40.402673379038234
ARG,2009,EG.ELC.ACCS.ZS,Electricity,97.8
ARG,2009,NY.GDP.MKTP.KD,GDP,501917060966.2351
ARG,2009,NY.GDP.MKTP.KD.ZG,Growth,-5.918525076349468
ARG,2009,NY.GDP.PCAP.PP.KD,Income,25747.197680999467
ARG,2009,FP.CPI.TOTL.ZG,Inflation,
ARG,2009,IT.NET.USER.ZS,Internet,34.0
ARG,2009,SP.DYN.LE00.IN,Life,75.577
ARG,2009,SP.POP.TOTL,Population,40854831.0
ARG,2009,NE.TRD.GNFS.ZS,Trade,34.05712690548787
ARG,2010,EG.ELC.ACCS.ZS,Electricity,98.8
ARG,2010,NY.GDP.MKTP.KD,GDP,552738161802.4628
ARG,2010,NY.GDP.MKTP.KD.ZG,Growth,10.125398156100232
ARG,2010,NY.GDP.PCAP.PP.KD,Income,28056.25702123418
ARG,2010,FP.CPI.TOTL.ZG,Inflation,
ARG,2010,IT.NET.USER.ZS,Internet,45.0
ARG,2010,SP.DYN.LE00.IN,Life,75.68
ARG,2010,SP.POP.TOTL,Population,41288694.0
ARG,2010,NE.TRD.GNFS.ZS,Trade,34.97101326356957
ARG,2011,EG.ELC.ACCS.ZS,Electricity,99.0
ARG,2011,NY.GDP.MKTP.KD,GDP,585924294024.7853
ARG,2011,NY.GDP.MKTP.KD.ZG,Growth,6.003951692805785
ARG,2011,NY.GDP.PCAP.PP.KD,Income,29425.759387608403
ARG,2011,FP.CPI.TOTL.ZG,Inflation,
ARG,2011,IT.NET.USER.ZS,Internet,51.0
ARG,2011,SP.DYN.LE00.IN,Life,76.1
ARG,2011,SP.POP.TOTL,Population,41730660.0
ARG,2011,NE.TRD.GNFS.ZS,Trade,35.20615499996436
ARG,2012,EG.ELC.ACCS.ZS,Electricity,99.1
ARG,2012,NY.GDP.MKTP.KD,GDP,579910247223.428
ARG,2012,NY.GDP.MKTP.KD.ZG,Growth,-1.026420454432099
ARG,2012,NY.GDP.PCAP.PP.KD,Income,28825.966686536078
ARG,2012,FP.CPI.TOTL.ZG,Inflation,
ARG,2012,IT.NET.USER.ZS,Internet,55.79999924
ARG,2012,SP.DYN.LE00.IN,Life,75.802
ARG,2012,SP.POP.TOTL,Population,42161721.0
ARG,2012,NE.TRD.GNFS.ZS,Trade,30.526542371710804
ARG,2013,EG.ELC.ACCS.ZS,Electricity,99.3
ARG,2013,NY.GDP.MKTP.KD,GDP,593858966307.1565
ARG,2013,NY.GDP.MKTP.KD.ZG,Growth,2.4053237807943617
ARG,2013,NY.GDP.PCAP.PP.KD,Income,29227.660181843734
ARG,2013,FP.CPI.TOTL.ZG,Inflation,
ARG,2013,IT.NET.USER.ZS,Internet,59.90000153
ARG,2013,SP.DYN.LE00.IN,Life,75.829
ARG,2013,SP.POP.TOTL,Population,42582455.0
ARG,2013,NE.TRD.GNFS.ZS,Trade,29.33392900210371
ARG,2014,EG.ELC.ACCS.ZS,Electricity,100.0
ARG,2014,NY.GDP.MKTP.KD,GDP,578937574935.6956
ARG,2014,NY.GDP.MKTP.KD.ZG,Growth,-2.5126153208139357
ARG,2014,NY.GDP.PCAP.PP.KD,Income,28200.81525713183
ARG,2014,FP.CPI.TOTL.ZG,Inflation,
ARG,2014,IT.NET.USER.ZS,Internet,64.69999695
ARG,2014,SP.DYN.LE00.IN,Life,76.268
ARG,2014,SP.POP.TOTL,Population,43024071.0
ARG,2014,NE.TRD.GNFS.ZS,Trade,28.406793645227452
ARG,2015,EG.ELC.ACCS.ZS,Electricity,99.7
ARG,2015,NY.GDP.MKTP.KD,GDP,594749285413.2124
ARG,2015,NY.GDP.MKTP.KD.ZG,Growth,2.731159828289435
ARG,2015,NY.GDP.PCAP.PP.KD,Income,28669.206133679614
ARG,2015,FP.CPI.TOTL.ZG,Inflation,
ARG,2015,IT.NET.USER.ZS,Internet,68.0430641088122
ARG,2015,SP.DYN.LE00.IN,Life,76.6
ARG,2015,SP.POP.TOTL,Population,43477012.0
ARG,2015,NE.TRD.GNFS.ZS,Trade,22.48622608897916
ARG,2016,EG.ELC.ACCS.ZS,Electricity,99.9
ARG,2016,NY.GDP.MKTP.KD,GDP,582376550428.09
ARG,2016,NY.GDP.MKTP.KD.ZG,Growth,-2.0803278437781074
ARG,2016,NY.GDP.PCAP.PP.KD,Income,27802.105720149757
ARG,2016,FP.CPI.TOTL.ZG,Inflation,
ARG,2016,IT.NET.USER.ZS,Internet,70.9689808206024
ARG,2016,SP.DYN.LE00.IN,Life,76.105
ARG,2016,SP.POP.TOTL,Population,43900313.0
ARG,2016,NE.TRD.GNFS.ZS,Trade,26.093887848879856
ARG,2017,EG.ELC.ACCS.ZS,Electricity,100.0
ARG,2017,NY.GDP.MKTP.KD,GDP,598790850843.6769
ARG,2017,NY.GDP.MKTP.KD.ZG,Growth,2.818502977759181
ARG,2017,NY.GDP.PCAP.PP.KD,Income,28334.904184742005
ARG,2017,FP.CPI.TOTL.ZG,Inflation,
ARG,2017,IT.NET.USER.ZS,Internet,74.2949068657957
ARG,2017,SP.DYN.LE00.IN,Life,76.543
ARG,2017,SP.POP.TOTL,Population,44288894.0
ARG,2017,NE.TRD.GNFS.ZS,Trade,25.28960113767786
ARG,2018,EG.ELC.ACCS.ZS,Electricity,100.0
ARG,2018,NY.GDP.MKTP.KD,GDP,583118120294.0024
ARG,2018,NY.GDP.MKTP.KD.ZG,Growth,-2.6173964628203805
ARG,2018,NY.GDP.PCAP.PP.KD,Income,27367.115094107976
ARG,2018,FP.CPI.TOTL.ZG,Inflation,34.27722371310032
ARG,2018,IT.NET.USER.ZS,Internet,77.7
ARG,2018,SP.DYN.LE00.IN,Life,76.77
ARG,2018,SP.POP.TOTL,Population,44654882.0
ARG,2018,NE.TRD.GNFS.ZS,Trade,30.762535954992597
ARG,2019,EG.ELC.ACCS.ZS,Electricity,100.0
ARG,2019,NY.GDP.MKTP.KD,GDP,571450737224.442
ARG,2019,NY.GDP.MKTP.KD.ZG,Growth,-2.000861002857846
ARG,2019,NY.GDP.PCAP.PP.KD,Income,26629.552941950053
ARG,2019,FP.CPI.TOTL.ZG,Inflation,53.5483043492339
ARG,2019,IT.NET.USER.ZS,Internet,79.9469520347551
ARG,2019,SP.DYN.LE00.IN,Life,76.847
ARG,2019,SP.POP.TOTL,Population,44973465.0
ARG,2019,NE.TRD.GNFS.ZS,Trade,32.630615045849886
ARG,2020,EG.ELC.ACCS.ZS,Electricity,100.0
ARG,2020,NY.GDP.MKTP.KD,GDP,514874343768.06573
ARG,2020,NY.GDP.MKTP.KD.ZG,Growth,-9.9004848136464
ARG,2020,NY.GDP.PCAP.PP.KD,Income,23877.093140485536
ARG,2020,FP.CPI.TOTL.ZG,Inflation,42.01509473765087
ARG,2020,IT.NET.USER.ZS,Internet,85.51438646
ARG,2020,SP.DYN.LE00.IN,Life,75.878
ARG,2020,SP.POP.TOTL,Population,45191965.0
ARG,2020,NE.TRD.GNFS.ZS,Trade,30.203698807415957
ARG,2021,EG.ELC.ACCS.ZS,Electricity,100.0
ARG,2021,NY.GDP.MKTP.KD,GDP,568636554720.066
ARG,2021,NY.GDP.MKTP.KD.ZG,Growth,10.441811988250564
ARG,2021,NY.GDP.PCAP.PP.KD,Income,26300.274261175044
ARG,2021,FP.CPI.TOTL.ZG,Inflation,48.40937862551991
ARG,2021,IT.NET.USER.ZS,Internet,87.15070683
ARG,2021,SP.DYN.LE00.IN,Life,73.948
ARG,2021,SP.POP.TOTL,Population,45312281.0
ARG,2021,NE.TRD.GNFS.ZS,Trade,33.07868956746599
ARG,2022,EG.ELC.ACCS.ZS,Electricity,100.0
ARG,2022,NY.GDP.MKTP.KD,GDP,602872713790.9158
ARG,2022,NY.GDP.MKTP.KD.ZG,Growth,6.020745375348554
ARG,2022,NY.GDP.PCAP.PP.KD,Income,27825.0273492567
ARG,2022,FP.CPI.TOTL.ZG,Inflation,72.43075753182404
ARG,2022,IT.NET.USER.ZS,Internet,88.37535691
ARG,2022,SP.DYN.LE00.IN,Life,75.806
ARG,2022,SP.POP.TOTL,Population,45407904.0
ARG,2022,NE.TRD.GNFS.ZS,Trade,31.580179260625613
ARG,2023,EG.ELC.ACCS.ZS,Electricity,100.0
ARG,2023,NY.GDP.MKTP.KD,GDP,591684674129.4541
ARG,2023,NY.GDP.MKTP.KD.ZG,Growth,-1.855788030463387
ARG,2023,NY.GDP.PCAP.PP.KD,Income,27230.396849668192
ARG,2023,FP.CPI.TOTL.ZG,Inflation,133.4889355941749
ARG,2023,IT.NET.USER.ZS,Internet,89.22897166
ARG,2023,SP.DYN.LE00.IN,Life,77.395
ARG,2023,SP.POP.TOTL,Population,45538401.0
ARG,2023,NE.TRD.GNFS.ZS,Trade,26.67695124822146
ARG,2024,EG.ELC.ACCS.ZS,Electricity,98.4
ARG,2024,NY.GDP.MKTP.KD,GDP,583738758865.7046
ARG,2024,NY.GDP.MKTP.KD.ZG,Growth,-1.342930721577389
ARG,2024,NY.GDP.PCAP.PP.KD,Income,26771.96576505708
ARG,2024,FP.CPI.TOTL.ZG,Inflation,219.883929014578
ARG,2024,IT.NET.USER.ZS,Internet,89.66715228
ARG,2024,SP.DYN.LE00.IN,Life,77.543
ARG,2024,SP.POP.TOTL,Population,45696159.0
ARG,2024,NE.TRD.GNFS.ZS,Trade,27.929760849367003
AUS,2000,EG.ELC.ACCS.ZS,Electricity,100.0
AUS,2000,NY.GDP.MKTP.KD,GDP,874926744105.9283
AUS,2000,NY.GDP.MKTP.KD.ZG,Growth,3.9160574881715036
AUS,2000,NY.GDP.PCAP.PP.KD,Income,45099.07520970836
AUS,2000,FP.CPI.TOTL.ZG,Inflation,4.45743705920869
AUS,2000,IT.NET.USER.ZS,Internet,46.7561156116738
AUS,2000,SP.DYN.LE00.IN,Life,79.23414634146343
AUS,2000,SP.POP.TOTL,Population,19028802.0
AUS,2000,NE.TRD.GNFS.ZS,Trade,40.86312576919543
AUS,2001,EG.ELC.ACCS.ZS,Electricity,100.0
AUS,2001,NY.GDP.MKTP.KD,GDP,892700520464.3984
AUS,2001,NY.GDP.MKTP.KD.ZG,Growth,2.0314588024889844
AUS,2001,NY.GDP.PCAP.PP.KD,Income,45428.20008375794
AUS,2001,FP.CPI.TOTL.ZG,Inflation,4.40712998561533
AUS,2001,IT.NET.USER.ZS,Internet,52.6892664310395
AUS,2001,SP.DYN.LE00.IN,Life,79.63414634146342
AUS,2001,SP.POP.TOTL,Population,19274701.0
AUS,2001,NE.TRD.GNFS.ZS,Trade,44.13373139719286
AUS,2002,EG.ELC.ACCS.ZS,Electricity,100.0
AUS,2002,NY.GDP.MKTP.KD,GDP,927960453450.1797
AUS,2002,NY.GDP.MKTP.KD.ZG,Growth,3.949805357729417
AUS,2002,NY.GDP.PCAP.PP.KD,Income,46688.39477606326
AUS,2002,FP.CPI.TOTL.ZG,Inflation,2.98157117047457
AUS,2002,IT.NET.USER.ZS,Internet,
AUS,2002,SP.DYN.LE00.IN,Life,79.93658536585367
AUS,2002,SP.POP.TOTL,Population,19495210.0
AUS,2002,NE.TRD.GNFS.ZS,Trade,41.38131281469212
AUS,2003,EG.ELC.ACCS.ZS,Electricity,100.0
AUS,2003,NY.GDP.MKTP.KD,GDP,956646310281.4679
AUS,2003,NY.GDP.MKTP.KD.ZG,Growth,3.091280099775105
AUS,2003,NY.GDP.PCAP.PP.KD,Income,47581.22853458794
AUS,2003,FP.CPI.TOTL.ZG,Inflation,2.73259754838937
AUS,2003,IT.NET.USER.ZS,Internet,
AUS,2003,SP.DYN.LE00.IN,Life,80.23902439024391
AUS,2003,SP.POP.TOTL,Population,19720737.0
AUS,2003,NE.TRD.GNFS.ZS,Trade,40.13480117944817
AUS,2004,EG.ELC.ACCS.ZS,Electricity,100.0
AUS,2004,NY.GDP.MKTP.KD,GDP,997006658239.5356
AUS,2004,NY.GDP.MKTP.KD.ZG,Growth,4.218941475475162
AUS,2004,NY.GDP.PCAP.PP.KD,Income,49061.276150392485
AUS,2004,FP.CPI.TOTL.ZG,Inflation,2.34325687131265
AUS,2004,IT.NET.USER.ZS,Internet,
AUS,2004,SP.DYN.LE00.IN,Life,80.49024390243903
AUS,2004,SP.POP.TOTL,Population,19932722.0
AUS,2004,NE.TRD.GNFS.ZS,Trade,36.95051596182888
AUS,2005,EG.ELC.ACCS.ZS,Electricity,100.0
AUS,2005,NY.GDP.MKTP.KD,GDP,1028467016034.9532
AUS,2005,NY.GDP.MKTP.KD.ZG,Growth,3.155481213231681
AUS,2005,NY.GDP.PCAP.PP.KD,Income,49997.06649539411
AUS,2005,FP.CPI.TOTL.ZG,Inflation,2.69182949622197
AUS,2005,IT.NET.USER.ZS,Internet,63.0
AUS,2005,SP.DYN.LE00.IN,Life,80.84146341463415
AUS,2005,SP.POP.TOTL,Population,20176844.0
AUS,2005,NE.TRD.GNFS.ZS,Trade,39.09788225648107
AUS,2006,EG.ELC.ACCS.ZS,Electricity,100.0
AUS,2006,NY.GDP.MKTP.KD,GDP,1056965077770.6257
AUS,2006,NY.GDP.MKTP.KD.ZG,Growth,2.7709261737474975
AUS,2006,NY.GDP.PCAP.PP.KD,Income,50693.724864979835
AUS,2006,FP.CPI.TOTL.ZG,Inflation,3.55528696972984
AUS,2006,IT.NET.USER.ZS,Internet,66.0
AUS,2006,SP.DYN.LE00.IN,Life,81.04146341463415
AUS,2006,SP.POP.TOTL,Population,20450966.0
AUS,2006,NE.TRD.GNFS.ZS,Trade,41.48789234891527
AUS,2007,EG.ELC.ACCS.ZS,Electricity,100.0
AUS,2007,NY.GDP.MKTP.KD,GDP,1097018464974.3981
AUS,2007,NY.GDP.MKTP.KD.ZG,Growth,3.789471198826533
AUS,2007,NY.GDP.PCAP.PP.KD,Income,51663.240395388064
AUS,2007,FP.CPI.TOTL.ZG,Inflation,2.32761442623159
AUS,2007,IT.NET.USER.ZS,Internet,69.45
AUS,2007,SP.DYN.LE00.IN,Life,81.29268292682927
AUS,2007,SP.POP.TOTL,Population,20827622.0
AUS,2007,NE.TRD.GNFS.ZS,Trade,41.92974512765614
AUS,2008,EG.ELC.ACCS.ZS,Electricity,100.0
AUS,2008,NY.GDP.MKTP.KD,GDP,1136774249983.457
AUS,2008,NY.GDP.MKTP.KD.ZG,Growth,3.6239850356563323
AUS,2008,NY.GDP.PCAP.PP.KD,Income,52473.381916077255
AUS,2008,FP.CPI.TOTL.ZG,Inflation,4.35029726664093
AUS,2008,IT.NET.USER.ZS,Internet,71.67
AUS,2008,SP.DYN.LE00.IN,Life,81.39512195121952
AUS,2008,SP.POP.TOTL,Population,21249199.0
AUS,2008,NE.TRD.GNFS.ZS,Trade,42.75222078803084
AUS,2009,EG.ELC.ACCS.ZS,Electricity,100.0
AUS,2009,NY.GDP.MKTP.KD,GDP,1158996461663.322
AUS,2009,NY.GDP.MKTP.KD.ZG,Growth,1.954848262985223
AUS,2009,NY.GDP.PCAP.PP.KD,Income,52407.91153785844
AUS,2009,FP.CPI.TOTL.ZG,Inflation,1.77112025681656
AUS,2009,IT.NET.USER.ZS,Internet,74.25
AUS,2009,SP.DYN.LE00.IN,Life,81.54390243902441
AUS,2009,SP.POP.TOTL,Population,21691653.0
AUS,2009,NE.TRD.GNFS.ZS,Trade,45.593612086778904
AUS,2010,EG.ELC.ACCS.ZS,Electricity,100.0
AUS,2010,NY.GDP.MKTP.KD,GDP,1184610839239.7397
AUS,2010,NY.GDP.MKTP.KD.ZG,Growth,2.210047953007347
AUS,2010,NY.GDP.PCAP.PP.KD,Income,52739.2681556133
AUS,2010,FP.CPI.TOTL.ZG,Inflation,2.9183370211222
AUS,2010,IT.NET.USER.ZS,Internet,76.0
AUS,2010,SP.DYN.LE00.IN,Life,81.69512195121953
AUS,2010,SP.POP.TOTL,Population,22031750.0
AUS,2010,NE.TRD.GNFS.ZS,Trade,40.39050708606058
AUS,2011,EG.ELC.ACCS.ZS,Electricity,100.0
AUS,2011,NY.GDP.MKTP.KD,GDP,1212979128949.206
AUS,2011,NY.GDP.MKTP.KD.ZG,Growth,2.3947349433061476
AUS,2011,NY.GDP.PCAP.PP.KD,Income,53257.047323760315
AUS,2011,FP.CPI.TOTL.ZG,Inflation,3.30384784681081
AUS,2011,IT.NET.USER.ZS,Internet,79.4876977139029
AUS,2011,SP.DYN.LE00.IN,Life,81.89512195121951
AUS,2011,SP.POP.TOTL,Population,22340024.0
AUS,2011,NE.TRD.GNFS.ZS,Trade,41.721986014968905
AUS,2012,EG.ELC.ACCS.ZS,Electricity,100.0
AUS,2012,NY.GDP.MKTP.KD,GDP,1260921781880.7534
AUS,2012,NY.GDP.MKTP.KD.ZG,Growth,3.9524713811918417
AUS,2012,NY.GDP.PCAP.PP.KD,Income,54403.8836902433
AUS,2012,FP.CPI.TOTL.ZG,Inflation,1.76278299052228
AUS,2012,IT.NET.USER.ZS,Internet,79.0
AUS,2012,SP.DYN.LE00.IN,Life,82.04634146341463
AUS,2012,SP.POP.TOTL,Population,22733465.0
AUS,2012,NE.TRD.GNFS.ZS,Trade,43.019849552755815
AUS,2013,EG.ELC.ACCS.ZS,Electricity,100.0
AUS,2013,NY.GDP.MKTP.KD,GDP,1294392358274.4224
AUS,2013,NY.GDP.MKTP.KD.ZG,Growth,2.6544530259240418
AUS,2013,NY.GDP.PCAP.PP.KD,Income,54895.005258898425
AUS,2013,FP.CPI.TOTL.ZG,Inflation,2.44988248109259
AUS,2013,IT.NET.USER.ZS,Internet,83.453497167
AUS,2013,SP.DYN.LE00.IN,Life,82.14878048780488
AUS,2013,SP.POP.TOTL,Population,23128129.0
AUS,2013,NE.TRD.GNFS.ZS,Trade,41.10051188105599
AUS,2014,EG.ELC.ACCS.ZS,Electricity,100.0
AUS,2014,NY.GDP.MKTP.KD,GDP,1328061960035.2056
AUS,2014,NY.GDP.MKTP.KD.ZG,Growth,2.601189781873316
AUS,2014,NY.GDP.PCAP.PP.KD,Income,55489.068844146044
AUS,2014,FP.CPI.TOTL.ZG,Inflation,2.48792932080492
AUS,2014,IT.NET.USER.ZS,Internet,84.0
AUS,2014,SP.DYN.LE00.IN,Life,82.30000000000001
AUS,2014,SP.POP.TOTL,Population,23475686.0
AUS,2014,NE.TRD.GNFS.ZS,Trade,42.2993095385282
AUS,2015,EG.ELC.ACCS.ZS,Electricity,100.0
AUS,2015,NY.GDP.MKTP.KD,GDP,1356805839935.903
AUS,2015,NY.GDP.MKTP.KD.ZG,Growth,2.164347806478517
AUS,2015,NY.GDP.PCAP.PP.KD,Income,55879.995881710274
AUS,2015,FP.CPI.TOTL.ZG,Inflation,1.50836803138463
AUS,2015,IT.NET.USER.ZS,Internet,84.5605149091408
AUS,2015,SP.DYN.LE00.IN,Life,82.40000000000002
AUS,2015,SP.POP.TOTL,Population,23815995.0
AUS,2015,NE.TRD.GNFS.ZS,Trade,41.49475069399008
AUS,2016,EG.ELC.ACCS.ZS,Electricity,100.0
AUS,2016,NY.GDP.MKTP.KD,GDP,1394194533274.6436
AUS,2016,NY.GDP.MKTP.KD.ZG,Growth,2.755640655298677
AUS,2016,NY.GDP.PCAP.PP.KD,Income,56529.95182468703
AUS,2016,FP.CPI.TOTL.ZG,Inflation,1.27699365720306
AUS,2016,IT.NET.USER.ZS,Internet,86.54000092
AUS,2016,SP.DYN.LE00.IN,Life,82.4487804878049
AUS,2016,SP.POP.TOTL,Population,24190907.0
AUS,2016,NE.TRD.GNFS.ZS,Trade,40.81340221732101
AUS,2017,EG.ELC.ACCS.ZS,Electricity,100.0
AUS,2017,NY.GDP.MKTP.KD,GDP,1426167740135.1646
AUS,2017,NY.GDP.MKTP.KD.ZG,Growth,2.293310301929182
AUS,2017,NY.GDP.PCAP.PP.KD,Income,56881.85698591039
AUS,2017,FP.CPI.TOTL.ZG,Inflation,1.94864309065653
AUS,2017,IT.NET.USER.ZS,Internet,86.5450488476768
AUS,2017,SP.DYN.LE00.IN,Life,82.50000000000001
AUS,2017,SP.POP.TOTL,Population,24592588.0
AUS,2017,NE.TRD.GNFS.ZS,Trade,42.0354135251854
AUS,2018,EG.ELC.ACCS.ZS,Electricity,100.0
AUS,2018,NY.GDP.MKTP.KD,GDP,1467158231105.0986
AUS,2018,NY.GDP.MKTP.KD.ZG,Growth,2.874170394995005
AUS,2018,NY.GDP.PCAP.PP.KD,Income,57647.845506810496
AUS,2018,FP.CPI.TOTL.ZG,Inflation,1.91140002818579
AUS,2018,IT.NET.USER.ZS,Internet,90.0082016
AUS,2018,SP.DYN.LE00.IN,Life,82.7487804878049
AUS,2018,SP.POP.TOTL,Population,24963258.0
AUS,2018,NE.TRD.GNFS.ZS,Trade,43.57322536452184
AUS,2019,EG.ELC.ACCS.ZS,Electricity,100.0
AUS,2019,NY.GDP.MKTP.KD,GDP,1499347932643.9536
AUS,2019,NY.GDP.MKTP.KD.ZG,Growth,2.194017036227166
AUS,2019,NY.GDP.PCAP.PP.KD,Income,58048.61884208314
AUS,2019,FP.CPI.TOTL.ZG,Inflation,1.610770929127
AUS,2019,IT.NET.USER.ZS,Internet,93.60990143
AUS,2019,SP.DYN.LE00.IN,Life,82.9
AUS,2019,SP.POP.TOTL,Population,25334826.0
AUS,2019,NE.TRD.GNFS.ZS,Trade,46.00168270521715
AUS,2020,EG.ELC.ACCS.ZS,Electricity,100.0
AUS,2020,NY.GDP.MKTP.KD,GDP,1497345824797.3398
AUS,2020,NY.GDP.MKTP.KD.ZG,Growth,-0.13353190430477468
AUS,2020,NY.GDP.PCAP.PP.KD,Income,57260.46505301084
AUS,2020,FP.CPI.TOTL.ZG,Inflation,0.846900734607273
AUS,2020,IT.NET.USER.ZS,Internet,94.6934967
AUS,2020,SP.DYN.LE00.IN,Life,83.2
AUS,2020,SP.POP.TOTL,Population,25649248.0
AUS,2020,NE.TRD.GNFS.ZS,Trade,44.499564103879024
AUS,2021,EG.ELC.ACCS.ZS,Electricity,100.0
AUS,2021,NY.GDP.MKTP.KD,GDP,1527396783519.6814
AUS,2021,NY.GDP.MKTP.KD.ZG,Growth,2.006948443350339
AUS,2021,NY.GDP.PCAP.PP.KD,Income,58327.414684232484
AUS,2021,FP.CPI.TOTL.ZG,Inflation,2.86391284709318
AUS,2021,IT.NET.USER.ZS,Internet,96.97219849
AUS,2021,SP.DYN.LE00.IN,Life,83.3
AUS,2021,SP.POP.TOTL,Population,25685412.0
AUS,2021,NE.TRD.GNFS.ZS,Trade,40.20223593905949
AUS,2022,EG.ELC.ACCS.ZS,Electricity,100.0
AUS,2022,NY.GDP.MKTP.KD,GDP,1592357665099.431
AUS,2022,NY.GDP.MKTP.KD.ZG,Growth,4.253045592387323
AUS,2022,NY.GDP.PCAP.PP.KD,Income,60029.13291907325
AUS,2022,FP.CPI.TOTL.ZG,Inflation,6.59409658717841
AUS,2022,IT.NET.USER.ZS,Internet,96.11940002
AUS,2022,SP.DYN.LE00.IN,Life,83.2
AUS,2022,SP.POP.TOTL,Population,26018721.0
AUS,2022,NE.TRD.GNFS.ZS,Trade,45.69464188057522
AUS,2023,EG.ELC.ACCS.ZS,Electricity,100.0
AUS,2023,NY.GDP.MKTP.KD,GDP,1649424913623.6006
AUS,2023,NY.GDP.MKTP.KD.ZG,Growth,3.583821007989812
AUS,2023,NY.GDP.PCAP.PP.KD,Income,60684.95962048829
AUS,2023,FP.CPI.TOTL.ZG,Inflation,5.59701792296707
AUS,2023,IT.NET.USER.ZS,Internet,96.1160965
AUS,2023,SP.DYN.LE00.IN,Life,83.05121951219513
AUS,2023,SP.POP.TOTL,Population,26659922.0
AUS,2023,NE.TRD.GNFS.ZS,Trade,49.044339318427966
AUS,2024,EG.ELC.ACCS.ZS,Electricity,100.0
AUS,2024,NY.GDP.MKTP.KD,GDP,1672078242948.2178
AUS,2024,NY.GDP.MKTP.KD.ZG,Growth,1.3734077336597466
AUS,2024,NY.GDP.PCAP.PP.KD,Income,60309.583177233944
AUS,2024,FP.CPI.TOTL.ZG,Inflation,3.16656665428797
AUS,2024,IT.NET.USER.ZS,Internet,96.13140106
AUS,2024,SP.DYN.LE00.IN,Life,83.05121951219513
AUS,2024,SP.POP.TOTL,Population,27194286.0
AUS,2024,NE.TRD.GNFS.ZS,Trade,47.14538110651953
BRA,2000,EG.ELC.ACCS.ZS,Electricity,94.4
BRA,2000,NY.GDP.MKTP.KD,GDP,1186419100640.61
BRA,2000,NY.GDP.MKTP.KD.ZG,Growth,4.3879494474561795
BRA,2000,NY.GDP.PCAP.PP.KD,Income,14005.347187423129
BRA,2000,FP.CPI.TOTL.ZG,Inflation,7.044141059472658
BRA,2000,IT.NET.USER.ZS,Internet,2.87068515854108
BRA,2000,SP.DYN.LE00.IN,Life,69.584
BRA,2000,SP.POP.TOTL,Population,174018282.0
BRA,2000,NE.TRD.GNFS.ZS,Trade,22.639761356794075
BRA,2001,EG.ELC.ACCS.ZS,Electricity,96.0
BRA,2001,NY.GDP.MKTP.KD,GDP,1202909097020.6729
BRA,2001,NY.GDP.MKTP.KD.ZG,Growth,1.3898964009563741
BRA,2001,NY.GDP.PCAP.PP.KD,Income,14016.13137722363
BRA,2001,FP.CPI.TOTL.ZG,Inflation,6.840359024875233
BRA,2001,IT.NET.USER.ZS,Internet,4.52849486902851
BRA,2001,SP.DYN.LE00.IN,Life,69.98
BRA,2001,SP.POP.TOTL,Population,176301203.0
BRA,2001,NE.TRD.GNFS.ZS,Trade,26.936285022064038
BRA,2002,EG.ELC.ACCS.ZS,Electricity,96.7
BRA,2002,NY.GDP.MKTP.KD,GDP,1239639467497.7605
BRA,2002,NY.GDP.MKTP.KD.ZG,Growth,3.053461859093119
BRA,2002,NY.GDP.PCAP.PP.KD,Income,14265.904877029177
BRA,2002,FP.CPI.TOTL.ZG,Inflation,8.450164377083315
BRA,2002,IT.NET.USER.ZS,Internet,9.14942508560748
BRA,2002,SP.DYN.LE00.IN,Life,70.396
BRA,2002,SP.POP.TOTL,Population,178503484.0
BRA,2002,NE.TRD.GNFS.ZS,Trade,27.618357402230938
BRA,2003,EG.ELC.ACCS.ZS,Electricity,97.0
BRA,2003,NY.GDP.MKTP.KD,GDP,1253781634016.713
BRA,2003,NY.GDP.MKTP.KD.ZG,Growth,1.1408289982488782
BRA,2003,NY.GDP.PCAP.PP.KD,Income,14259.366408932197
BRA,2003,FP.CPI.TOTL.ZG,Inflation,14.71491972281472
BRA,2003,IT.NET.USER.ZS,Internet,13.2075861035303
BRA,2003,SP.DYN.LE00.IN,Life,70.884
BRA,2003,SP.POP.TOTL,Population,180622688.0
BRA,2003,NE.TRD.GNFS.ZS,Trade,28.140384723159283
BRA,2004,EG.ELC.ACCS.ZS,Electricity,96.8
BRA,2004,NY.GDP.MKTP.KD,GDP,1325999012757.6345
BRA,2004,NY.GDP.MKTP.KD.ZG,Growth,5.75996463670954
BRA,2004,NY.GDP.PCAP.PP.KD,Income,14911.260960859201
BRA,2004,FP.CPI.TOTL.ZG,Inflation,6.597185099859633
BRA,2004,IT.NET.USER.ZS,Internet,19.073672274442
BRA,2004,SP.DYN.LE00.IN,Life,71.361
BRA,2004,SP.POP.TOTL,Population,182675143.0
BRA,2004,NE.TRD.GNFS.ZS,Trade,29.678252478753542
BRA,2005,EG.ELC.ACCS.ZS,Electricity,97.1
BRA,2005,NY.GDP.MKTP.KD,GDP,1368459252277.7253
BRA,2005,NY.GDP.MKTP.KD.ZG,Growth,3.2021320613043116
BRA,2005,NY.GDP.PCAP.PP.KD,Income,15221.013828154135
BRA,2005,FP.CPI.TOTL.ZG,Inflation,6.86953720898964
BRA,2005,IT.NET.USER.ZS,Internet,21.022747248827
BRA,2005,SP.DYN.LE00.IN,Life,71.832
BRA,2005,SP.POP.TOTL,Population,184688101.0
BRA,2005,NE.TRD.GNFS.ZS,Trade,27.086795204331466
BRA,2006,EG.ELC.ACCS.ZS,Electricity,97.6
BRA,2006,NY.GDP.MKTP.KD,GDP,1422677453370.699
BRA,2006,NY.GDP.MKTP.KD.ZG,Growth,3.9619887112261694
BRA,2006,NY.GDP.PCAP.PP.KD,Income,15657.47957169828
BRA,2006,FP.CPI.TOTL.ZG,Inflation,4.18356812896909
BRA,2006,IT.NET.USER.ZS,Internet,28.17840004
BRA,2006,SP.DYN.LE00.IN,Life,72.296
BRA,2006,SP.POP.TOTL,Population,186653106.0
BRA,2006,NE.TRD.GNFS.ZS,Trade,26.04169989179001
BRA,2007,EG.ELC.ACCS.ZS,Electricity,98.1
BRA,2007,NY.GDP.MKTP.KD,GDP,1509032133942.1814
BRA,2007,NY.GDP.MKTP.KD.ZG,Growth,6.0698706067833825
BRA,2007,NY.GDP.PCAP.PP.KD,Income,16440.58374003197
BRA,2007,FP.CPI.TOTL.ZG,Inflation,3.641272991026522
BRA,2007,IT.NET.USER.ZS,Internet,30.87999916
BRA,2007,SP.DYN.LE00.IN,Life,72.73
BRA,2007,SP.POP.TOTL,Population,188552320.0
BRA,2007,NE.TRD.GNFS.ZS,Trade,25.292611375539405
BRA,2008,EG.ELC.ACCS.ZS,Electricity,98.5
BRA,2008,NY.GDP.MKTP.KD,GDP,1585905180197.004
BRA,2008,NY.GDP.MKTP.KD.ZG,Growth,5.094195446587364
BRA,2008,NY.GDP.PCAP.PP.KD,Income,17113.367982264288
BRA,2008,FP.CPI.TOTL.ZG,Inflation,5.67859390284168
BRA,2008,IT.NET.USER.ZS,Internet,33.83
BRA,2008,SP.DYN.LE00.IN,Life,73.111
BRA,2008,SP.POP.TOTL,Population,190367302.0
BRA,2008,NE.TRD.GNFS.ZS,Trade,27.25756941735604
BRA,2009,EG.ELC.ACCS.ZS,Electricity,98.9
BRA,2009,NY.GDP.MKTP.KD,GDP,1583909921137.4202
BRA,2009,NY.GDP.MKTP.KD.ZG,Growth,-0.12581200216116883
BRA,2009,NY.GDP.PCAP.PP.KD,Income,16939.440781032754
BRA,2009,FP.CPI.TOTL.ZG,Inflation,4.888034798767986
BRA,2009,IT.NET.USER.ZS,Internet,39.22
BRA,2009,SP.DYN.LE00.IN,Life,73.457
BRA,2009,SP.POP.TOTL,Population,192079951.0
BRA,2009,NE.TRD.GNFS.ZS,Trade,22.10597560603325
BRA,2010,EG.ELC.ACCS.ZS,Electricity,98.6
BRA,2010,NY.GDP.MKTP.KD,GDP,1703150236756.7844
BRA,2010,NY.GDP.MKTP.KD.ZG,Growth,7.5282258181536434
BRA,2010,NY.GDP.PCAP.PP.KD,Income,18062.15811036592
BRA,2010,FP.CPI.TOTL.ZG,Inflation,5.038726901080747
BRA,2010,IT.NET.USER.ZS,Internet,40.65
BRA,2010,SP.DYN.LE00.IN,Life,73.779
BRA,2010,SP.POP.TOTL,Population,193701929.0
BRA,2010,NE.TRD.GNFS.ZS,Trade,22.772178113176984
BRA,2011,EG.ELC.ACCS.ZS,Electricity,99.3
BRA,2011,NY.GDP.MKTP.KD,GDP,1770840632844.1025
BRA,2011,NY.GDP.MKTP.KD.ZG,Growth,3.9744230794470212
BRA,2011,NY.GDP.PCAP.PP.KD,Income,18627.81045293967
BRA,2011,FP.CPI.TOTL.ZG,Inflation,6.6364496221309
BRA,2011,IT.NET.USER.ZS,Internet,45.69
BRA,2011,SP.DYN.LE00.IN,Life,74.047
BRA,2011,SP.POP.TOTL,Population,195284734.0
BRA,2011,NE.TRD.GNFS.ZS,Trade,23.93440517587209
BRA,2012,EG.ELC.ACCS.ZS,Electricity,99.5
BRA,2012,NY.GDP.MKTP.KD,GDP,1804861597828.479
BRA,2012,NY.GDP.MKTP.KD.ZG,Growth,1.9211759857653732
BRA,2012,NY.GDP.PCAP.PP.KD,Income,18832.219552707473
BRA,2012,FP.CPI.TOTL.ZG,Inflation,5.403499140369971
BRA,2012,IT.NET.USER.ZS,Internet,48.56
BRA,2012,SP.DYN.LE00.IN,Life,74.335
BRA,2012,SP.POP.TOTL,Population,196876111.0
BRA,2012,NE.TRD.GNFS.ZS,Trade,25.11427361073983
BRA,2013,EG.ELC.ACCS.ZS,Electricity,99.6
BRA,2013,NY.GDP.MKTP.KD,GDP,1859094488272.1243
BRA,2013,NY.GDP.MKTP.KD.ZG,Growth,3.004822669444323
BRA,2013,NY.GDP.PCAP.PP.KD,Income,19241.505981572554
BRA,2013,FP.CPI.TOTL.ZG,Inflation,6.204310666401007
BRA,2013,IT.NET.USER.ZS,Internet,51.04
BRA,2013,SP.DYN.LE00.IN,Life,74.609
BRA,2013,SP.POP.TOTL,Population,198478299.0
BRA,2013,NE.TRD.GNFS.ZS,Trade,25.785957327467397
BRA,2014,EG.ELC.ACCS.ZS,Electricity,99.7
BRA,2014,NY.GDP.MKTP.KD,GDP,1868463501662.2988
BRA,2014,NY.GDP.MKTP.KD.ZG,Growth,0.5039557402422474
BRA,2014,NY.GDP.PCAP.PP.KD,Income,19183.172744636024
BRA,2014,FP.CPI.TOTL.ZG,Inflation,6.329040155161389
BRA,2014,IT.NET.USER.ZS,Internet,54.5510018796392
BRA,2014,SP.DYN.LE00.IN,Life,74.823
BRA,2014,SP.POP.TOTL,Population,200085127.0
BRA,2014,NE.TRD.GNFS.ZS,Trade,24.685405813129123
BRA,2015,EG.ELC.ACCS.ZS,Electricity,99.7
BRA,2015,NY.GDP.MKTP.KD,GDP,1802212206814.504
BRA,2015,NY.GDP.MKTP.KD.ZG,Growth,-3.545763392694255
BRA,2015,NY.GDP.PCAP.PP.KD,Income,18357.0690617991
BRA,2015,FP.CPI.TOTL.ZG,Inflation,9.029901024161363
BRA,2015,IT.NET.USER.ZS,Internet,58.3279517340924
BRA,2015,SP.DYN.LE00.IN,Life,75.106
BRA,2015,SP.POP.TOTL,Population,201675532.0
BRA,2015,NE.TRD.GNFS.ZS,Trade,26.95362593736003
BRA,2016,EG.ELC.ACCS.ZS,Electricity,99.7
BRA,2016,NY.GDP.MKTP.KD,GDP,1743173232416.637
BRA,2016,NY.GDP.MKTP.KD.ZG,Growth,-3.275916907821923
BRA,2016,NY.GDP.PCAP.PP.KD,Income,17620.927243413644
BRA,2016,FP.CPI.TOTL.ZG,Inflation,8.739143523293931
BRA,2016,IT.NET.USER.ZS,Internet,60.8725400681261
BRA,2016,SP.DYN.LE00.IN,Life,75.081
BRA,2016,SP.POP.TOTL,Population,203218114.0
BRA,2016,NE.TRD.GNFS.ZS,Trade,24.53368207770058
BRA,2017,EG.ELC.ACCS.ZS,Electricity,99.8
BRA,2017,NY.GDP.MKTP.KD,GDP,1766233131666.655
BRA,2017,NY.GDP.MKTP.KD.ZG,Growth,1.3228690540439914
BRA,2017,NY.GDP.PCAP.PP.KD,Income,17724.47995777842
BRA,2017,FP.CPI.TOTL.ZG,Inflation,3.446373350326692
BRA,2017,IT.NET.USER.ZS,Internet,67.4712845236305
BRA,2017,SP.DYN.LE00.IN,Life,75.383
BRA,2017,SP.POP.TOTL,Population,204703445.0
BRA,2017,NE.TRD.GNFS.ZS,Trade,24.319734374305654
BRA,2018,EG.ELC.ACCS.ZS,Electricity,99.7
BRA,2018,NY.GDP.MKTP.KD,GDP,1797736844969.1604
BRA,2018,NY.GDP.MKTP.KD.ZG,Growth,1.7836667616339952
BRA,2018,NY.GDP.PCAP.PP.KD,Income,17917.749212335882
BRA,2018,FP.CPI.TOTL.ZG,Inflation,3.664850283767288
BRA,2018,IT.NET.USER.ZS,Internet,70.4342825404361
BRA,2018,SP.DYN.LE00.IN,Life,75.633
BRA,2018,SP.POP.TOTL,Population,206107261.0
BRA,2018,NE.TRD.GNFS.ZS,Trade,28.876203376386574
BRA,2019,EG.ELC.ACCS.ZS,Electricity,99.8
BRA,2019,NY.GDP.MKTP.KD,GDP,1819683217699.3813
BRA,2019,NY.GDP.MKTP.KD.ZG,Growth,1.2207778236084152
BRA,2019,NY.GDP.PCAP.PP.KD,Income,18018.62091515179
BRA,2019,FP.CPI.TOTL.ZG,Inflation,3.732976212168936
BRA,2019,IT.NET.USER.ZS,Internet,73.9124399133589
BRA,2019,SP.DYN.LE00.IN,Life,75.809
BRA,2019,SP.POP.TOTL,Population,207455459.0
BRA,2019,NE.TRD.GNFS.ZS,Trade,28.890257869896356
BRA,2020,EG.ELC.ACCS.ZS,Electricity,99.7
BRA,2020,NY.GDP.MKTP.KD,GDP,1760056587795.4631
BRA,2020,NY.GDP.MKTP.KD.ZG,Growth,-3.276758796473601
BRA,2020,NY.GDP.PCAP.PP.KD,Income,17327.51572494663
BRA,2020,FP.CPI.TOTL.ZG,Inflation,3.211768038033762
BRA,2020,IT.NET.USER.ZS,Internet,81.34269353
BRA,2020,SP.DYN.LE00.IN,Life,74.506
BRA,2020,SP.POP.TOTL,Population,208660842.0
BRA,2020,NE.TRD.GNFS.ZS,Trade,32.30207854379395
BRA,2021,EG.ELC.ACCS.ZS,Electricity,99.5
BRA,2021,NY.GDP.MKTP.KD,GDP,1843881119920.2031
BRA,2021,NY.GDP.MKTP.KD.ZG,Growth,4.762604379086085
BRA,2021,NY.GDP.PCAP.PP.KD,Income,18075.706004906784
BRA,2021,FP.CPI.TOTL.ZG,Inflation,8.30165975585673
BRA,2021,IT.NET.USER.ZS,Internet,80.68989314
BRA,2021,SP.DYN.LE00.IN,Life,73.038
BRA,2021,SP.POP.TOTL,Population,209550294.0
BRA,2021,NE.TRD.GNFS.ZS,Trade,37.656330759808206
BRA,2022,EG.ELC.ACCS.ZS,Electricity,100.0
BRA,2022,NY.GDP.MKTP.KD,GDP,1899505377558.02
BRA,2022,NY.GDP.MKTP.KD.ZG,Growth,3.0166943539301485
BRA,2022,NY.GDP.PCAP.PP.KD,Income,18554.04618285662
BRA,2022,FP.CPI.TOTL.ZG,Inflation,9.280106089568728
BRA,2022,IT.NET.USER.ZS,Internet,80.52775094
BRA,2022,SP.DYN.LE00.IN,Life,74.872
BRA,2022,SP.POP.TOTL,Population,210306415.0
BRA,2022,NE.TRD.GNFS.ZS,Trade,38.816065976339715
BRA,2023,EG.ELC.ACCS.ZS,Electricity,99.8
BRA,2023,NY.GDP.MKTP.KD,GDP,1961080794855.5972
BRA,2023,NY.GDP.MKTP.KD.ZG,Growth,3.2416553290698147
BRA,2023,NY.GDP.PCAP.PP.KD,Income,19079.81221340277
BRA,2023,FP.CPI.TOTL.ZG,Inflation,4.593562822832039
BRA,2023,IT.NET.USER.ZS,Internet,84.15060238
BRA,2023,SP.DYN.LE00.IN,Life,75.848
BRA,2023,SP.POP.TOTL,Population,211140729.0
BRA,2023,NE.TRD.GNFS.ZS,Trade,33.6662298301438
BRA,2024,EG.ELC.ACCS.ZS,Electricity,99.8
BRA,2024,NY.GDP.MKTP.KD,GDP,2028136327872.3708
BRA,2024,NY.GDP.MKTP.KD.ZG,Growth,3.419315165019057
BRA,2024,NY.GDP.PCAP.PP.KD,Income,19652.365499171046
BRA,2024,FP.CPI.TOTL.ZG,Inflation,4.367464076523365
BRA,2024,IT.NET.USER.ZS,Internet,84.46347227
BRA,2024,SP.DYN.LE00.IN,Life,76.023
BRA,2024,SP.POP.TOTL,Population,211998573.0
BRA,2024,NE.TRD.GNFS.ZS,Trade,35.58452393862435
CAN,2000,EG.ELC.ACCS.ZS,Electricity,100.0
CAN,2000,NY.GDP.MKTP.KD,GDP,1163200843613.226
CAN,2000,NY.GDP.MKTP.KD.ZG,Growth,5.138539189941582
CAN,2000,NY.GDP.PCAP.PP.KD,Income,48399.28644455472
CAN,2000,FP.CPI.TOTL.ZG,Inflation,2.719439956919762
CAN,2000,IT.NET.USER.ZS,Internet,51.3
CAN,2000,SP.DYN.LE00.IN,Life,79.16682926829269
CAN,2000,SP.POP.TOTL,Population,30685730.0
CAN,2000,NE.TRD.GNFS.ZS,Trade,82.76535785032137
CAN,2001,EG.ELC.ACCS.ZS,Electricity,100.0
CAN,2001,NY.GDP.MKTP.KD,GDP,1185012000891.5762
CAN,2001,NY.GDP.MKTP.KD.ZG,Growth,1.8750981309984667
CAN,2001,NY.GDP.PCAP.PP.KD,Income,48774.14832265156
CAN,2001,FP.CPI.TOTL.ZG,Inflation,2.525120139799056
CAN,2001,IT.NET.USER.ZS,Internet,60.2
CAN,2001,SP.DYN.LE00.IN,Life,79.39804878048783
CAN,2001,SP.POP.TOTL,Population,31020855.0
CAN,2001,NE.TRD.GNFS.ZS,Trade,78.34421839436978
CAN,2002,EG.ELC.ACCS.ZS,Electricity,100.0
CAN,2002,NY.GDP.MKTP.KD,GDP,1220553536588.1257
CAN,2002,NY.GDP.MKTP.KD.ZG,Growth,2.999255338326435
CAN,2002,NY.GDP.PCAP.PP.KD,Income,49694.98709143627
CAN,2002,FP.CPI.TOTL.ZG,Inflation,2.258394409408551
CAN,2002,IT.NET.USER.ZS,Internet,61.5932992681952
CAN,2002,SP.DYN.LE00.IN,Life,79.53073170731709
CAN,2002,SP.POP.TOTL,Population,31359199.0
CAN,2002,NE.TRD.GNFS.ZS,Trade,75.70690523243492
CAN,2003,EG.ELC.ACCS.ZS,Electricity,100.0
CAN,2003,NY.GDP.MKTP.KD,GDP,1242601434048.7104
CAN,2003,NY.GDP.MKTP.KD.ZG,Growth,1.8063851195102956
CAN,2003,NY.GDP.PCAP.PP.KD,Income,50139.76645799939
CAN,2003,FP.CPI.TOTL.ZG,Inflation,2.758563213601121
CAN,2003,IT.NET.USER.ZS,Internet,64.2
CAN,2003,SP.DYN.LE00.IN,Life,79.71512195121952
CAN,2003,SP.POP.TOTL,Population,31642461.0
CAN,2003,NE.TRD.GNFS.ZS,Trade,69.83998329539732
CAN,2004,EG.ELC.ACCS.ZS,Electricity,100.0
CAN,2004,NY.GDP.MKTP.KD,GDP,1281027191102.5151
CAN,2004,NY.GDP.MKTP.KD.ZG,Growth,3.0923638103815563
CAN,2004,NY.GDP.PCAP.PP.KD,Income,51210.65939661375
CAN,2004,FP.CPI.TOTL.ZG,Inflation,1.857258718572564
CAN,2004,IT.NET.USER.ZS,Internet,65.9559634648989
CAN,2004,SP.DYN.LE00.IN,Life,79.99219512195123
CAN,2004,SP.POP.TOTL,Population,31938807.0
CAN,2004,NE.TRD.GNFS.ZS,Trade,70.19236744090288
CAN,2005,EG.ELC.ACCS.ZS,Electricity,100.0
CAN,2005,NY.GDP.MKTP.KD,GDP,1322153985116.9739
CAN,2005,NY.GDP.MKTP.KD.ZG,Growth,3.2104544150279253
CAN,2005,NY.GDP.PCAP.PP.KD,Income,52356.537148635376
CAN,2005,FP.CPI.TOTL.ZG,Inflation,2.213552034397675
CAN,2005,IT.NET.USER.ZS,Internet,71.66
CAN,2005,SP.DYN.LE00.IN,Life,80.11268292682928
CAN,2005,SP.POP.TOTL,Population,32242732.0
CAN,2005,NE.TRD.GNFS.ZS,Trade,69.75854416021554
CAN,2006,EG.ELC.ACCS.ZS,Electricity,100.0
CAN,2006,NY.GDP.MKTP.KD,GDP,1357031663572.7676
CAN,2006,NY.GDP.MKTP.KD.ZG,Growth,2.6379437530272156
CAN,2006,NY.GDP.PCAP.PP.KD,Income,53195.76085738506
CAN,2006,FP.CPI.TOTL.ZG,Inflation,2.002025395341613
CAN,2006,IT.NET.USER.ZS,Internet,72.40000153
CAN,2006,SP.DYN.LE00.IN,Life,80.54365853658538
CAN,2006,SP.POP.TOTL,Population,32571193.0
CAN,2006,NE.TRD.GNFS.ZS,Trade,68.05080034531514
CAN,2007,EG.ELC.ACCS.ZS,Electricity,100.0
CAN,2007,NY.GDP.MKTP.KD,GDP,1384849517992.2996
CAN,2007,NY.GDP.MKTP.KD.ZG,Growth,2.0499045944361853
CAN,2007,NY.GDP.PCAP.PP.KD,Income,53761.84079916845
CAN,2007,FP.CPI.TOTL.ZG,Inflation,2.13838399266837
CAN,2007,IT.NET.USER.ZS,Internet,73.2
CAN,2007,SP.DYN.LE00.IN,Life,80.54365853658538
CAN,2007,SP.POP.TOTL,Population,32888886.0
CAN,2007,NE.TRD.GNFS.ZS,Trade,66.28341974823473
CAN,2008,EG.ELC.ACCS.ZS,Electricity,100.0
CAN,2008,NY.GDP.MKTP.KD,GDP,1398634398326.8208
CAN,2008,NY.GDP.MKTP.KD.ZG,Growth,0.9954063712645222
CAN,2008,NY.GDP.PCAP.PP.KD,Income,53711.65803296536
CAN,2008,FP.CPI.TOTL.ZG,Inflation,2.370270674442985
CAN,2008,IT.NET.USER.ZS,Internet,76.69999695
CAN,2008,SP.DYN.LE00.IN,Life,80.72463414634147
CAN,2008,SP.POP.TOTL,Population,33247298.0
CAN,2008,NE.TRD.GNFS.ZS,Trade,67.02344657112303
CAN,2009,EG.ELC.ACCS.ZS,Electricity,100.0
CAN,2009,NY.GDP.MKTP.KD,GDP,1357862999005.369
CAN,2009,NY.GDP.MKTP.KD.ZG,Growth,-2.915086270595552
CAN,2009,NY.GDP.PCAP.PP.KD,Income,51552.40203219755
CAN,2009,FP.CPI.TOTL.ZG,Inflation,0.299466803009299
CAN,2009,IT.NET.USER.ZS,Internet,80.3
CAN,2009,SP.DYN.LE00.IN,Life,81.0660975609756
CAN,2009,SP.POP.TOTL,Population,33630069.0
CAN,2009,NE.TRD.GNFS.ZS,Trade,58.474280183054304
CAN,2010,EG.ELC.ACCS.ZS,Electricity,100.0
CAN,2010,NY.GDP.MKTP.KD,GDP,1399831914632.4954
CAN,2010,NY.GDP.MKTP.KD.ZG,Growth,3.0908063374485124
CAN,2010,NY.GDP.PCAP.PP.KD,Income,52558.42006178058
CAN,2010,FP.CPI.TOTL.ZG,Inflation,1.77687154092627
CAN,2010,IT.NET.USER.ZS,Internet,80.3
CAN,2010,SP.DYN.LE00.IN,Life,81.32219512195122
CAN,2010,SP.POP.TOTL,Population,34005902.0
CAN,2010,NE.TRD.GNFS.ZS,Trade,60.20790467524423
CAN,2011,EG.ELC.ACCS.ZS,Electricity,100.0
CAN,2011,NY.GDP.MKTP.KD,GDP,1443747363549.1274
CAN,2011,NY.GDP.MKTP.KD.ZG,Growth,3.1371944343875953
CAN,2011,NY.GDP.PCAP.PP.KD,Income,53681.10848093447
CAN,2011,FP.CPI.TOTL.ZG,Inflation,2.91213508872351
CAN,2011,IT.NET.USER.ZS,Internet,83.0
CAN,2011,SP.DYN.LE00.IN,Life,81.48268292682928
CAN,2011,SP.POP.TOTL,Population,34339221.0
CAN,2011,NE.TRD.GNFS.ZS,Trade,62.49842171005461
CAN,2012,EG.ELC.ACCS.ZS,Electricity,100.0
CAN,2012,NY.GDP.MKTP.KD,GDP,1469094677743.4846
CAN,2012,NY.GDP.MKTP.KD.ZG,Growth,1.755661332052341
CAN,2012,NY.GDP.PCAP.PP.KD,Income,54034.78216803184
CAN,2012,FP.CPI.TOTL.ZG,Inflation,1.515678231245166
CAN,2012,IT.NET.USER.ZS,Internet,83.0
CAN,2012,SP.DYN.LE00.IN,Life,81.66365853658537
CAN,2012,SP.POP.TOTL,Population,34713395.0
CAN,2012,NE.TRD.GNFS.ZS,Trade,62.59578874320134
CAN,2013,EG.ELC.ACCS.ZS,Electricity,100.0
CAN,2013,NY.GDP.MKTP.KD,GDP,1503263081057.7014
CAN,2013,NY.GDP.MKTP.KD.ZG,Growth,2.3258135661276214
CAN,2013,NY.GDP.PCAP.PP.KD,Income,54712.15685936768
CAN,2013,FP.CPI.TOTL.ZG,Inflation,0.9382918978153169
CAN,2013,IT.NET.USER.ZS,Internet,85.80000305
CAN,2013,SP.DYN.LE00.IN,Life,81.74487804878049
CAN,2013,SP.POP.TOTL,Population,35080992.0
CAN,2013,NE.TRD.GNFS.ZS,Trade,62.2315329073432
CAN,2014,EG.ELC.ACCS.ZS,Electricity,100.0
CAN,2014,NY.GDP.MKTP.KD,GDP,1546458845944.0688
CAN,2014,NY.GDP.MKTP.KD.ZG,Growth,2.8734667557973097
CAN,2014,NY.GDP.PCAP.PP.KD,Income,55723.46156525055
CAN,2014,FP.CPI.TOTL.ZG,Inflation,1.906635907178614
CAN,2014,IT.NET.USER.ZS,Internet,87.12000275
CAN,2014,SP.DYN.LE00.IN,Life,81.78439024390245
CAN,2014,SP.POP.TOTL,Population,35434066.0
CAN,2014,NE.TRD.GNFS.ZS,Trade,64.37859761321249
CAN,2015,EG.ELC.ACCS.ZS,Electricity,100.0
CAN,2015,NY.GDP.MKTP.KD,GDP,1556510380200.2317
CAN,2015,NY.GDP.MKTP.KD.ZG,Growth,0.6499710149109603
CAN,2015,NY.GDP.PCAP.PP.KD,Income,55660.84558407595
CAN,2015,FP.CPI.TOTL.ZG,Inflation,1.125241360942775
CAN,2015,IT.NET.USER.ZS,Internet,90.0
CAN,2015,SP.DYN.LE00.IN,Life,81.82585365853659
CAN,2015,SP.POP.TOTL,Population,35704498.0
CAN,2015,NE.TRD.GNFS.ZS,Trade,66.16483558442236
CAN,2016,EG.ELC.ACCS.ZS,Electricity,100.0
CAN,2016,NY.GDP.MKTP.KD,GDP,1572675533072.0347
CAN,2016,NY.GDP.MKTP.KD.ZG,Growth,1.0385509198932255
CAN,2016,NY.GDP.PCAP.PP.KD,Income,55606.13299481844
CAN,2016,FP.CPI.TOTL.ZG,Inflation,1.428759547010855
CAN,2016,IT.NET.USER.ZS,Internet,91.16000366
CAN,2016,SP.DYN.LE00.IN,Life,81.94000000000001
CAN,2016,SP.POP.TOTL,Population,36110803.0
CAN,2016,NE.TRD.GNFS.ZS,Trade,65.36361998188133
CAN,2017,EG.ELC.ACCS.ZS,Electricity,100.0
CAN,2017,NY.GDP.MKTP.KD,GDP,1620387912547.7263
CAN,2017,NY.GDP.MKTP.KD.ZG,Growth,3.033834918413916
CAN,2017,NY.GDP.PCAP.PP.KD,Income,56612.306219177655
CAN,2017,FP.CPI.TOTL.ZG,Inflation,1.596884128529766
CAN,2017,IT.NET.USER.ZS,Internet,92.70140076
CAN,2017,SP.DYN.LE00.IN,Life,81.8078048780488
CAN,2017,SP.POP.TOTL,Population,36545075.0
CAN,2017,NE.TRD.GNFS.ZS,Trade,65.10090879108455
CAN,2018,EG.ELC.ACCS.ZS,Electricity,100.0
CAN,2018,NY.GDP.MKTP.KD,GDP,1664834560154.1526
CAN,2018,NY.GDP.MKTP.KD.ZG,Growth,2.742963414022455
CAN,2018,NY.GDP.PCAP.PP.KD,Income,57337.46828700332
CAN,2018,FP.CPI.TOTL.ZG,Inflation,2.268225672481033
CAN,2018,IT.NET.USER.ZS,Internet,94.64
CAN,2018,SP.DYN.LE00.IN,Life,81.80365853658537
CAN,2018,SP.POP.TOTL,Population,37072620.0
CAN,2018,NE.TRD.GNFS.ZS,Trade,66.59982627162995
CAN,2019,EG.ELC.ACCS.ZS,Electricity,100.0
CAN,2019,NY.GDP.MKTP.KD,GDP,1696606794629.5222
CAN,2019,NY.GDP.MKTP.KD.ZG,Growth,1.9084319388725106
CAN,2019,NY.GDP.PCAP.PP.KD,Income,57583.82307392043
CAN,2019,FP.CPI.TOTL.ZG,Inflation,1.949269024115927
CAN,2019,IT.NET.USER.ZS,Internet,91.91290283
CAN,2019,SP.DYN.LE00.IN,Life,82.15853658536587
CAN,2019,SP.POP.TOTL,Population,37618495.0
CAN,2019,NE.TRD.GNFS.ZS,Trade,66.17134227306049
CAN,2020,EG.ELC.ACCS.ZS,Electricity,100.0
CAN,2020,NY.GDP.MKTP.KD,GDP,1611127783961.7817
CAN,2020,NY.GDP.MKTP.KD.ZG,Growth,-5.038233427940867
CAN,2020,NY.GDP.PCAP.PP.KD,Income,54092.8576890836
CAN,2020,FP.CPI.TOTL.ZG,Inflation,0.7169996323078274
CAN,2020,IT.NET.USER.ZS,Internet,92.3
CAN,2020,SP.DYN.LE00.IN,Life,81.53000000000002
CAN,2020,SP.POP.TOTL,Population,38028638.0
CAN,2020,NE.TRD.GNFS.ZS,Trade,61.15668833867966
CAN,2021,EG.ELC.ACCS.ZS,Electricity,100.0
CAN,2021,NY.GDP.MKTP.KD,GDP,1706998394665.3154
CAN,2021,NY.GDP.MKTP.KD.ZG,Growth,5.950528049847591
CAN,2021,NY.GDP.PCAP.PP.KD,Income,56995.09520207115
CAN,2021,FP.CPI.TOTL.ZG,Inflation,3.395193185275278
CAN,2021,IT.NET.USER.ZS,Internet,93.93710327
CAN,2021,SP.DYN.LE00.IN,Life,81.45146341463416
CAN,2021,SP.POP.TOTL,Population,38239864.0
CAN,2021,NE.TRD.GNFS.ZS,Trade,62.246861263034766
CAN,2022,EG.ELC.ACCS.ZS,Electricity,100.0
CAN,2022,NY.GDP.MKTP.KD,GDP,1787149136135.4475
CAN,2022,NY.GDP.MKTP.KD.ZG,Growth,4.695419850459032
CAN,2022,NY.GDP.PCAP.PP.KD,Income,58583.129986013795
CAN,2022,FP.CPI.TOTL.ZG,Inflation,6.802801153416128
CAN,2022,IT.NET.USER.ZS,Internet,94.0
CAN,2022,SP.DYN.LE00.IN,Life,81.0948780487805
CAN,2022,SP.POP.TOTL,Population,38950132.0
CAN,2022,NE.TRD.GNFS.ZS,Trade,66.95316206920509
CAN,2023,EG.ELC.ACCS.ZS,Electricity,100.0
CAN,2023,NY.GDP.MKTP.KD,GDP,1822053687169.6829
CAN,2023,NY.GDP.MKTP.KD.ZG,Growth,1.9530855219902463
CAN,2023,NY.GDP.PCAP.PP.KD,Income,58088.37780779945
CAN,2023,FP.CPI.TOTL.ZG,Inflation,3.879001597884255
CAN,2023,IT.NET.USER.ZS,Internet,94.14530182
CAN,2023,SP.DYN.LE00.IN,Life,81.62634146341465
CAN,2023,SP.POP.TOTL,Population,40049088.0
CAN,2023,NE.TRD.GNFS.ZS,Trade,66.57454250150327
CAN,2024,EG.ELC.ACCS.ZS,Electricity,100.0
CAN,2024,NY.GDP.MKTP.KD,GDP,1859337753256.201
CAN,2024,NY.GDP.MKTP.KD.ZG,Growth,2.0462660540170106
CAN,2024,NY.GDP.PCAP.PP.KD,Income,57534.09151853351
CAN,2024,FP.CPI.TOTL.ZG,Inflation,2.381583832811731
CAN,2024,IT.NET.USER.ZS,Internet,94.353302
CAN,2024,SP.DYN.LE00.IN,Life,82.10804878048782
CAN,2024,SP.POP.TOTL,Population,41262329.0
CAN,2024,NE.TRD.GNFS.ZS,Trade,65.12149873043744
CHL,2000,EG.ELC.ACCS.ZS,Electricity,97.9
CHL,2000,NY.GDP.MKTP.KD,GDP,131243743563.39742
CHL,2000,NY.GDP.MKTP.KD.ZG,Growth,4.971621488297103
CHL,2000,NY.GDP.PCAP.PP.KD,Income,17529.420599769237
CHL,2000,FP.CPI.TOTL.ZG,Inflation,3.843272957065652
CHL,2000,IT.NET.USER.ZS,Internet,16.6
CHL,2000,SP.DYN.LE00.IN,Life,77.128
CHL,2000,SP.POP.TOTL,Population,15503635.0
CHL,2000,NE.TRD.GNFS.ZS,Trade,58.71192333358124
CHL,2001,EG.ELC.ACCS.ZS,Electricity,97.1
CHL,2001,NY.GDP.MKTP.KD,GDP,135383217071.739
CHL,2001,NY.GDP.MKTP.KD.ZG,Growth,3.154034924599671
CHL,2001,NY.GDP.PCAP.PP.KD,Income,17874.531386693776
CHL,2001,FP.CPI.TOTL.ZG,Inflation,3.569100530014667
CHL,2001,IT.NET.USER.ZS,Internet,19.1
CHL,2001,SP.DYN.LE00.IN,Life,77.58
CHL,2001,SP.POP.TOTL,Population,15683849.0
CHL,2001,NE.TRD.GNFS.ZS,Trade,62.14476633276795
CHL,2002,EG.ELC.ACCS.ZS,Electricity,97.3
CHL,2002,NY.GDP.MKTP.KD,GDP,139719269577.32013
CHL,2002,NY.GDP.MKTP.KD.ZG,Growth,3.2027991352011327
CHL,2002,NY.GDP.PCAP.PP.KD,Income,18244.51968273147
CHL,2002,FP.CPI.TOTL.ZG,Inflation,2.489398166507051
CHL,2002,IT.NET.USER.ZS,Internet,22.1
CHL,2002,SP.DYN.LE00.IN,Life,77.84
CHL,2002,SP.POP.TOTL,Population,15857925.0
CHL,2002,NE.TRD.GNFS.ZS,Trade,62.483854741459076
CHL,2003,EG.ELC.ACCS.ZS,Electricity,98.8
CHL,2003,NY.GDP.MKTP.KD,GDP,146318553366.96793
CHL,2003,NY.GDP.MKTP.KD.ZG,Growth,4.7232452686104125
CHL,2003,NY.GDP.PCAP.PP.KD,Income,18907.345874575512
CHL,2003,FP.CPI.TOTL.ZG,Inflation,2.810178757436101
CHL,2003,IT.NET.USER.ZS,Internet,25.4737788864723
CHL,2003,SP.DYN.LE00.IN,Life,77.884
CHL,2003,SP.POP.TOTL,Population,16024752.0
CHL,2003,NE.TRD.GNFS.ZS,Trade,65.6934161956491
CHL,2004,EG.ELC.ACCS.ZS,Electricity,97.5
CHL,2004,NY.GDP.MKTP.KD,GDP,156084225513.95547
CHL,2004,NY.GDP.MKTP.KD.ZG,Growth,6.674254168229226
CHL,2004,NY.GDP.PCAP.PP.KD,Income,19966.70931060948
CHL,2004,FP.CPI.TOTL.ZG,Inflation,1.054738714035168
CHL,2004,IT.NET.USER.ZS,Internet,28.1779101232438
CHL,2004,SP.DYN.LE00.IN,Life,78.276
CHL,2004,SP.POP.TOTL,Population,16187322.0
CHL,2004,NE.TRD.GNFS.ZS,Trade,69.88936038259537
CHL,2005,EG.ELC.ACCS.ZS,Electricity,97.7
CHL,2005,NY.GDP.MKTP.KD,GDP,165194933117.6293
CHL,2005,NY.GDP.MKTP.KD.ZG,Growth,5.837045719177581
CHL,2005,NY.GDP.PCAP.PP.KD,Income,20923.479756183002
CHL,2005,FP.CPI.TOTL.ZG,Inflation,3.052576213878492
CHL,2005,IT.NET.USER.ZS,Internet,31.1753006
CHL,2005,SP.DYN.LE00.IN,Life,78.459
CHL,2005,SP.POP.TOTL,Population,16348778.0
CHL,2005,NE.TRD.GNFS.ZS,Trade,72.06253337295298
CHL,2006,EG.ELC.ACCS.ZS,Electricity,99.4
CHL,2006,NY.GDP.MKTP.KD,GDP,175189211415.66748
CHL,2006,NY.GDP.MKTP.KD.ZG,Growth,6.049990825639682
CHL,2006,NY.GDP.PCAP.PP.KD,Income,21973.738291438865
CHL,2006,FP.CPI.TOTL.ZG,Inflation,3.392017336994053
CHL,2006,IT.NET.USER.ZS,Internet,34.4977511736017
CHL,2006,SP.DYN.LE00.IN,Life,78.533
CHL,2006,SP.POP.TOTL,Population,16509195.0
CHL,2006,NE.TRD.GNFS.ZS,Trade,73.7116341203328
CHL,2007,EG.ELC.ACCS.ZS,Electricity,98.0
CHL,2007,NY.GDP.MKTP.KD,GDP,184243394522.92725
CHL,2007,NY.GDP.MKTP.KD.ZG,Growth,5.1682309852843105
CHL,2007,NY.GDP.PCAP.PP.KD,Income,22884.299710884592
CHL,2007,FP.CPI.TOTL.ZG,Inflation,4.407799383980443
CHL,2007,IT.NET.USER.ZS,Internet,35.90000153
CHL,2007,SP.DYN.LE00.IN,Life,78.652
CHL,2007,SP.POP.TOTL,Population,16671581.0
CHL,2007,NE.TRD.GNFS.ZS,Trade,76.97702405914228
CHL,2008,EG.ELC.ACCS.ZS,Electricity,98.2
CHL,2008,NY.GDP.MKTP.KD,GDP,191225100461.15848
CHL,2008,NY.GDP.MKTP.KD.ZG,Growth,3.7893928063523816
CHL,2008,NY.GDP.PCAP.PP.KD,Income,23515.347317826894
CHL,2008,FP.CPI.TOTL.ZG,Inflation,8.716268730396072
CHL,2008,IT.NET.USER.ZS,Internet,37.29999924
CHL,2008,SP.DYN.LE00.IN,Life,78.752
CHL,2008,SP.POP.TOTL,Population,16838988.0
CHL,2008,NE.TRD.GNFS.ZS,Trade,80.676626653784
CHL,2009,EG.ELC.ACCS.ZS,Electricity,99.6
CHL,2009,NY.GDP.MKTP.KD,GDP,189087132632.6044
CHL,2009,NY.GDP.MKTP.KD.ZG,Growth,-1.1180372364287763
CHL,2009,NY.GDP.PCAP.PP.KD,Income,23019.02994540938
CHL,2009,FP.CPI.TOTL.ZG,Inflation,0.3530451783609367
CHL,2009,IT.NET.USER.ZS,Internet,41.56
CHL,2009,SP.DYN.LE00.IN,Life,78.89
CHL,2009,SP.POP.TOTL,Population,17009731.0
CHL,2009,NE.TRD.GNFS.ZS,Trade,66.68603124949956
CHL,2010,EG.ELC.ACCS.ZS,Electricity,99.5
CHL,2010,NY.GDP.MKTP.KD,GDP,200151851762.2254
CHL,2010,NY.GDP.MKTP.KD.ZG,Growth,5.851651022240475
CHL,2010,NY.GDP.PCAP.PP.KD,Income,24122.47879243864
CHL,2010,FP.CPI.TOTL.ZG,Inflation,1.410711079543209
CHL,2010,IT.NET.USER.ZS,Internet,45.0
CHL,2010,SP.DYN.LE00.IN,Life,79.095
CHL,2010,SP.POP.TOTL,Population,17181464.0
CHL,2010,NE.TRD.GNFS.ZS,Trade,69.71768023326237
CHL,2011,EG.ELC.ACCS.ZS,Electricity,99.6
CHL,2011,NY.GDP.MKTP.KD,GDP,212609096429.35544
CHL,2011,NY.GDP.MKTP.KD.ZG,Growth,6.223896785091384
CHL,2011,NY.GDP.PCAP.PP.KD,Income,25372.27414807724
CHL,2011,FP.CPI.TOTL.ZG,Inflation,3.341216942593021
CHL,2011,IT.NET.USER.ZS,Internet,52.2496072877744
CHL,2011,SP.DYN.LE00.IN,Life,79.236
CHL,2011,SP.POP.TOTL,Population,17351816.0
CHL,2011,NE.TRD.GNFS.ZS,Trade,72.481642209343
CHL,2012,EG.ELC.ACCS.ZS,Electricity,100.0
CHL,2012,NY.GDP.MKTP.KD,GDP,225695909224.9596
CHL,2012,NY.GDP.MKTP.KD.ZG,Growth,6.155340018554938
CHL,2012,NY.GDP.PCAP.PP.KD,Income,26676.811015401894
CHL,2012,FP.CPI.TOTL.ZG,Inflation,3.007448402130474
CHL,2012,IT.NET.USER.ZS,Internet,55.04999924
CHL,2012,SP.DYN.LE00.IN,Life,79.221
CHL,2012,SP.POP.TOTL,Population,17519119.0
CHL,2012,NE.TRD.GNFS.ZS,Trade,68.15614353392706
CHL,2013,EG.ELC.ACCS.ZS,Electricity,99.6
CHL,2013,NY.GDP.MKTP.KD,GDP,233163076995.03662
CHL,2013,NY.GDP.MKTP.KD.ZG,Growth,3.3085082471008462
CHL,2013,NY.GDP.PCAP.PP.KD,Income,27297.818514536615
CHL,2013,FP.CPI.TOTL.ZG,Inflation,1.789555539845903
CHL,2013,IT.NET.USER.ZS,Internet,58.0
CHL,2013,SP.DYN.LE00.IN,Life,79.551
CHL,2013,SP.POP.TOTL,Population,17687006.0
CHL,2013,NE.TRD.GNFS.ZS,Trade,65.14328770637373
CHL,2014,EG.ELC.ACCS.ZS,Electricity,100.0
CHL,2014,NY.GDP.MKTP.KD,GDP,237342873662.27084
CHL,2014,NY.GDP.MKTP.KD.ZG,Growth,1.7926494713925933
CHL,2014,NY.GDP.PCAP.PP.KD,Income,27511.56100304042
CHL,2014,FP.CPI.TOTL.ZG,Inflation,4.718675278546717
CHL,2014,IT.NET.USER.ZS,Internet,61.11000061
CHL,2014,SP.DYN.LE00.IN,Life,79.714
CHL,2014,SP.POP.TOTL,Population,17864195.0
CHL,2014,NE.TRD.GNFS.ZS,Trade,65.6346274347707
CHL,2015,EG.ELC.ACCS.ZS,Electricity,99.7
CHL,2015,NY.GDP.MKTP.KD,GDP,242450355830.88394
CHL,2015,NY.GDP.MKTP.KD.ZG,Growth,2.151942499811838
CHL,2015,NY.GDP.PCAP.PP.KD,Income,27817.95848480237
CHL,2015,FP.CPI.TOTL.ZG,Inflation,4.348773532170441
CHL,2015,IT.NET.USER.ZS,Internet,76.6295919508796
CHL,2015,SP.DYN.LE00.IN,Life,80.008
CHL,2015,SP.POP.TOTL,Population,18047625.0
CHL,2015,NE.TRD.GNFS.ZS,Trade,59.34911056812312
CHL,2016,EG.ELC.ACCS.ZS,Electricity,100.0
CHL,2016,NY.GDP.MKTP.KD,GDP,246700604515.85986
CHL,2016,NY.GDP.MKTP.KD.ZG,Growth,1.7530387490709956
CHL,2016,NY.GDP.PCAP.PP.KD,Income,27965.347352683086
CHL,2016,FP.CPI.TOTL.ZG,Inflation,3.786193558931184
CHL,2016,IT.NET.USER.ZS,Internet,83.5585860244169
CHL,2016,SP.DYN.LE00.IN,Life,80.295
CHL,2016,SP.POP.TOTL,Population,18267221.0
CHL,2016,NE.TRD.GNFS.ZS,Trade,56.05786030709946
CHL,2017,EG.ELC.ACCS.ZS,Electricity,99.7
CHL,2017,NY.GDP.MKTP.KD,GDP,250050047209.61914
CHL,2017,NY.GDP.MKTP.KD.ZG,Growth,1.3576953734395687
CHL,2017,NY.GDP.PCAP.PP.KD,Income,27899.59797770116
CHL,2017,FP.CPI.TOTL.ZG,Inflation,2.182718468685193
CHL,2017,IT.NET.USER.ZS,Internet,82.3274869338464
CHL,2017,SP.DYN.LE00.IN,Life,80.61
CHL,2017,SP.POP.TOTL,Population,18558868.0
CHL,2017,NE.TRD.GNFS.ZS,Trade,56.026158639321324
CHL,2018,EG.ELC.ACCS.ZS,Electricity,100.0
CHL,2018,NY.GDP.MKTP.KD,GDP,260027117802.78525
CHL,2018,NY.GDP.MKTP.KD.ZG,Growth,3.9900294778997676
CHL,2018,NY.GDP.PCAP.PP.KD,Income,28499.406400040625
CHL,2018,FP.CPI.TOTL.ZG,Inflation,2.434889813530572
CHL,2018,IT.NET.USER.ZS,Internet,84.90000153
CHL,2018,SP.DYN.LE00.IN,Life,80.559
CHL,2018,SP.POP.TOTL,Population,18893191.0
CHL,2018,NE.TRD.GNFS.ZS,Trade,58.177051303588215
CHL,2019,EG.ELC.ACCS.ZS,Electricity,100.0
CHL,2019,NY.GDP.MKTP.KD,GDP,261702273348.86008
CHL,2019,NY.GDP.MKTP.KD.ZG,Growth,0.6442234026319227
CHL,2019,NY.GDP.PCAP.PP.KD,Income,28227.979050759383
CHL,2019,FP.CPI.TOTL.ZG,Inflation,2.557544757033266
CHL,2019,IT.NET.USER.ZS,Internet,85.01760101
CHL,2019,SP.DYN.LE00.IN,Life,80.324
CHL,2019,SP.POP.TOTL,Population,19197744.0
CHL,2019,NE.TRD.GNFS.ZS,Trade,57.60691578565367
CHL,2020,EG.ELC.ACCS.ZS,Electricity,100.0
CHL,2020,NY.GDP.MKTP.KD,GDP,245634546877.0391
CHL,2020,NY.GDP.MKTP.KD.ZG,Growth,-6.139696941188603
CHL,2020,NY.GDP.PCAP.PP.KD,Income,26258.40385532415
CHL,2020,FP.CPI.TOTL.ZG,Inflation,3.045490848043265
CHL,2020,IT.NET.USER.ZS,Internet,87.45929718
CHL,2020,SP.DYN.LE00.IN,Life,79.349
CHL,2020,SP.POP.TOTL,Population,19370624.0
CHL,2020,NE.TRD.GNFS.ZS,Trade,58.16876939333737
CHL,2021,EG.ELC.ACCS.ZS,Electricity,100.0
CHL,2021,NY.GDP.MKTP.KD,GDP,273483125955.6709
CHL,2021,NY.GDP.MKTP.KD.ZG,Growth,11.337403240991335
CHL,2021,NY.GDP.PCAP.PP.KD,Income,29106.635652205307
CHL,2021,FP.CPI.TOTL.ZG,Inflation,4.524568382591437
CHL,2021,IT.NET.USER.ZS,Internet,90.23280334
CHL,2021,SP.DYN.LE00.IN,Life,78.876
CHL,2021,SP.POP.TOTL,Population,19456334.0
CHL,2021,NE.TRD.GNFS.ZS,Trade,64.83999247917362
CHL,2022,EG.ELC.ACCS.ZS,Electricity,100.0
CHL,2022,NY.GDP.MKTP.KD,GDP,279127595176.47656
CHL,2022,NY.GDP.MKTP.KD.ZG,Growth,2.063918642541978
CHL,2022,NY.GDP.PCAP.PP.KD,Income,29560.45138057852
CHL,2022,FP.CPI.TOTL.ZG,Inflation,11.64386671105596
CHL,2022,IT.NET.USER.ZS,Internet,92.31819916
CHL,2022,SP.DYN.LE00.IN,Life,79.176
CHL,2022,SP.POP.TOTL,Population,19553036.0
CHL,2022,NE.TRD.GNFS.ZS,Trade,75.23341975337591
CHL,2023,EG.ELC.ACCS.ZS,Electricity,100.0
CHL,2023,NY.GDP.MKTP.KD,GDP,281017358307.65765
CHL,2023,NY.GDP.MKTP.KD.ZG,Growth,0.6770248315958582
CHL,2023,NY.GDP.PCAP.PP.KD,Income,29600.418861316757
CHL,2023,FP.CPI.TOTL.ZG,Inflation,7.581682514079624
CHL,2023,IT.NET.USER.ZS,Internet,94.45742345
CHL,2023,SP.DYN.LE00.IN,Life,81.167
CHL,2023,SP.POP.TOTL,Population,19658835.0
CHL,2023,NE.TRD.GNFS.ZS,Trade,60.676644473615724
CHL,2024,EG.ELC.ACCS.ZS,Electricity,99.0
CHL,2024,NY.GDP.MKTP.KD,GDP,288900250332.8191
CHL,2024,NY.GDP.MKTP.KD.ZG,Growth,2.805126371066109
CHL,2024,NY.GDP.PCAP.PP.KD,Income,30267.644091990747
CHL,2024,FP.CPI.TOTL.ZG,Inflation,4.29763891572524
CHL,2024,IT.NET.USER.ZS,Internet,95.590243
CHL,2024,SP.DYN.LE00.IN,Life,81.359
CHL,2024,SP.POP.TOTL,Population,19764771.0
CHL,2024,NE.TRD.GNFS.ZS,Trade,63.957746530256344
CHN,2000,EG.ELC.ACCS.ZS,Electricity,96.7
CHN,2000,NY.GDP.MKTP.KD,GDP,2824916263542.9644
CHN,2000,NY.GDP.MKTP.KD.ZG,Growth,8.573573289261006
CHN,2000,NY.GDP.PCAP.PP.KD,Income,4065.8670780442853
CHN,2000,FP.CPI.TOTL.ZG,Inflation,0.3478112268645869
CHN,2000,IT.NET.USER.ZS,Internet,1.77591320677415
CHN,2000,SP.DYN.LE00.IN,Life,72.288
CHN,2000,SP.POP.TOTL,Population,1262645000.0
CHN,2000,NE.TRD.GNFS.ZS,Trade,39.01094247749984
CHN,2001,EG.ELC.ACCS.ZS,Electricity,97.0
CHN,2001,NY.GDP.MKTP.KD,GDP,3060063619716.507
CHN,2001,NY.GDP.MKTP.KD.ZG,Growth,8.324046953470557
CHN,2001,NY.GDP.PCAP.PP.KD,Income,4372.435606083391
CHN,2001,FP.CPI.TOTL.ZG,Inflation,0.7191256091201137
CHN,2001,IT.NET.USER.ZS,Internet,2.63965021485872
CHN,2001,SP.DYN.LE00.IN,Life,72.675
CHN,2001,SP.POP.TOTL,Population,1271850000.0
CHN,2001,NE.TRD.GNFS.ZS,Trade,38.082646951833446
CHN,2002,EG.ELC.ACCS.ZS,Electricity,97.2
CHN,2002,NY.GDP.MKTP.KD,GDP,3342692586001.969
CHN,2002,NY.GDP.MKTP.KD.ZG,Growth,9.236048703838605
CHN,2002,NY.GDP.PCAP.PP.KD,Income,4744.381824753065
CHN,2002,FP.CPI.TOTL.ZG,Inflation,-0.7319709023502436
CHN,2002,IT.NET.USER.ZS,Internet,4.59570433077551
CHN,2002,SP.DYN.LE00.IN,Life,73.034
CHN,2002,SP.POP.TOTL,Population,1280400000.0
CHN,2002,NE.TRD.GNFS.ZS,Trade,42.194442338741275
CHN,2003,EG.ELC.ACCS.ZS,Electricity,97.4
CHN,2003,NY.GDP.MKTP.KD,GDP,3680766226629.829
CHN,2003,NY.GDP.MKTP.KD.ZG,Growth,10.113811902524162
CHN,2003,NY.GDP.PCAP.PP.KD,Income,5191.7811830816745
CHN,2003,FP.CPI.TOTL.ZG,Inflation,1.127603487296372
CHN,2003,IT.NET.USER.ZS,Internet,6.2
CHN,2003,SP.DYN.LE00.IN,Life,73.385
CHN,2003,SP.POP.TOTL,Population,1288400000.0
CHN,2003,NE.TRD.GNFS.ZS,Trade,51.077480130180305
CHN,2004,EG.ELC.ACCS.ZS,Electricity,97.7
CHN,2004,NY.GDP.MKTP.KD,GDP,4054011719388.3594
CHN,2004,NY.GDP.MKTP.KD.ZG,Growth,10.140429187220619
CHN,2004,NY.GDP.PCAP.PP.KD,Income,5684.388171873298
CHN,2004,FP.CPI.TOTL.ZG,Inflation,3.824637431081595
CHN,2004,IT.NET.USER.ZS,Internet,7.3
CHN,2004,SP.DYN.LE00.IN,Life,73.727
CHN,2004,SP.POP.TOTL,Population,1296075000.0
CHN,2004,NE.TRD.GNFS.ZS,Trade,58.64033404084389
CHN,2005,EG.ELC.ACCS.ZS,Electricity,97.9
CHN,2005,NY.GDP.MKTP.KD,GDP,4518338478814.266
CHN,2005,NY.GDP.MKTP.KD.ZG,Growth,11.453513003064543
CHN,2005,NY.GDP.PCAP.PP.KD,Income,6298.299298085975
CHN,2005,FP.CPI.TOTL.ZG,Inflation,1.776414076675707
CHN,2005,IT.NET.USER.ZS,Internet,8.52325700269541
CHN,2005,SP.DYN.LE00.IN,Life,74.085
CHN,2005,SP.POP.TOTL,Population,1303720000.0
CHN,2005,NE.TRD.GNFS.ZS,Trade,61.36007494082367
CHN,2006,EG.ELC.ACCS.ZS,Electricity,98.2
CHN,2006,NY.GDP.MKTP.KD,GDP,5091050723394.271
CHN,2006,NY.GDP.MKTP.KD.ZG,Growth,12.675284228159484
CHN,2006,NY.GDP.PCAP.PP.KD,Income,7057.111315953044
CHN,2006,FP.CPI.TOTL.ZG,Inflation,1.649430994558598
CHN,2006,IT.NET.USER.ZS,Internet,10.5231526193851
CHN,2006,SP.DYN.LE00.IN,Life,74.404
CHN,2006,SP.POP.TOTL,Population,1311020000.0
CHN,2006,NE.TRD.GNFS.ZS,Trade,63.569579862162726
CHN,2007,EG.ELC.ACCS.ZS,Electricity,98.5
CHN,2007,NY.GDP.MKTP.KD,GDP,5811473655332.236
CHN,2007,NY.GDP.MKTP.KD.ZG,Growth,14.15077105061033
CHN,2007,NY.GDP.PCAP.PP.KD,Income,8013.783757391306
CHN,2007,FP.CPI.TOTL.ZG,Inflation,4.816767673788345
CHN,2007,IT.NET.USER.ZS,Internet,16.0
CHN,2007,SP.DYN.LE00.IN,Life,74.789
CHN,2007,SP.POP.TOTL,Population,1317885000.0
CHN,2007,NE.TRD.GNFS.ZS,Trade,61.26646400061758
CHN,2008,EG.ELC.ACCS.ZS,Electricity,98.8
CHN,2008,NY.GDP.MKTP.KD,GDP,6373372030110.073
CHN,2008,NY.GDP.MKTP.KD.ZG,Growth,9.668776081644538
CHN,2008,NY.GDP.PCAP.PP.KD,Income,8743.702003129902
CHN,2008,FP.CPI.TOTL.ZG,Inflation,5.925251370410918
CHN,2008,IT.NET.USER.ZS,Internet,22.6
CHN,2008,SP.DYN.LE00.IN,Life,74.833
CHN,2008,SP.POP.TOTL,Population,1324655000.0
CHN,2008,NE.TRD.GNFS.ZS,Trade,56.71113300032092
CHN,2009,EG.ELC.ACCS.ZS,Electricity,99.1
CHN,2009,NY.GDP.MKTP.KD,GDP,6972857785771.388
CHN,2009,NY.GDP.MKTP.KD.ZG,Growth,9.406100143364156
CHN,2009,NY.GDP.PCAP.PP.KD,Income,9518.681283519445
CHN,2009,FP.CPI.TOTL.ZG,Inflation,-0.7281652509328982
CHN,2009,IT.NET.USER.ZS,Internet,28.9
CHN,2009,SP.DYN.LE00.IN,Life,75.317
CHN,2009,SP.POP.TOTL,Population,1331260000.0
CHN,2009,NE.TRD.GNFS.ZS,Trade,44.41976443311194
CHN,2010,EG.ELC.ACCS.ZS,Electricity,99.7
CHN,2010,NY.GDP.MKTP.KD,GDP,7711401293675.621
CHN,2010,NY.GDP.MKTP.KD.ZG,Growth,10.591690388570441
CHN,2010,NY.GDP.PCAP.PP.KD,Income,10476.152565240749
CHN,2010,FP.CPI.TOTL.ZG,Inflation,3.175324752691991
CHN,2010,IT.NET.USER.ZS,Internet,34.3
CHN,2010,SP.DYN.LE00.IN,Life,75.668
CHN,2010,SP.POP.TOTL,Population,1337705000.0
CHN,2010,NE.TRD.GNFS.ZS,Trade,49.85407223389774
CHN,2011,EG.ELC.ACCS.ZS,Electricity,99.9
CHN,2011,NY.GDP.MKTP.KD,GDP,8441058131256.551
CHN,2011,NY.GDP.MKTP.KD.ZG,Growth,9.46205248298186
CHN,2011,NY.GDP.PCAP.PP.KD,Income,11404.917983554236
CHN,2011,FP.CPI.TOTL.ZG,Inflation,5.553898922574932
CHN,2011,IT.NET.USER.ZS,Internet,38.3
CHN,2011,SP.DYN.LE00.IN,Life,75.889
CHN,2011,SP.POP.TOTL,Population,1345035000.0
CHN,2011,NE.TRD.GNFS.ZS,Trade,49.94582722536431
CHN,2012,EG.ELC.ACCS.ZS,Electricity,99.9
CHN,2012,NY.GDP.MKTP.KD,GDP,9104341297809.094
CHN,2012,NY.GDP.MKTP.KD.ZG,Growth,7.857820148121704
CHN,2012,NY.GDP.PCAP.PP.KD,Income,12217.93438131015
CHN,2012,FP.CPI.TOTL.ZG,Inflation,2.619524326455406
CHN,2012,IT.NET.USER.ZS,Internet,42.30009842
CHN,2012,SP.DYN.LE00.IN,Life,76.2
CHN,2012,SP.POP.TOTL,Population,1354190000.0
CHN,2012,NE.TRD.GNFS.ZS,Trade,47.480213078431724
CHN,2013,EG.ELC.ACCS.ZS,Electricity,100.0
CHN,2013,NY.GDP.MKTP.KD,GDP,9812516071429.729
CHN,2013,NY.GDP.MKTP.KD.ZG,Growth,7.778429547572571
CHN,2013,NY.GDP.PCAP.PP.KD,Income,13080.87878647439
CHN,2013,FP.CPI.TOTL.ZG,Inflation,2.621050017481148
CHN,2013,IT.NET.USER.ZS,Internet,45.79999924
CHN,2013,SP.DYN.LE00.IN,Life,76.452
CHN,2013,SP.POP.TOTL,Population,1363240000.0
CHN,2013,NE.TRD.GNFS.ZS,Trade,45.916041379557115
CHN,2014,EG.ELC.ACCS.ZS,Electricity,100.0
CHN,2014,NY.GDP.MKTP.KD,GDP,10544628617502.604
CHN,2014,NY.GDP.MKTP.KD.ZG,Growth,7.461007357781611
CHN,2014,NY.GDP.PCAP.PP.KD,Income,13968.51877859216
CHN,2014,FP.CPI.TOTL.ZG,Inflation,1.921641627885208
CHN,2014,IT.NET.USER.ZS,Internet,47.90000153
CHN,2014,SP.DYN.LE00.IN,Life,76.714
CHN,2014,SP.POP.TOTL,Population,1371860000.0
CHN,2014,NE.TRD.GNFS.ZS,Trade,44.06845648125317
CHN,2015,EG.ELC.ACCS.ZS,Electricity,100.0
CHN,2015,NY.GDP.MKTP.KD,GDP,11280814787468.914
CHN,2015,NY.GDP.MKTP.KD.ZG,Growth,6.981622555623673
CHN,2015,NY.GDP.PCAP.PP.KD,Income,14857.108823440529
CHN,2015,FP.CPI.TOTL.ZG,Inflation,1.437023809356548
CHN,2015,IT.NET.USER.ZS,Internet,50.29999924
CHN,2015,SP.DYN.LE00.IN,Life,76.975
CHN,2015,SP.POP.TOTL,Population,1379860000.0
CHN,2015,NE.TRD.GNFS.ZS,Trade,38.697184836262466
CHN,2016,EG.ELC.ACCS.ZS,Electricity,100.0
CHN,2016,NY.GDP.MKTP.KD,GDP,12044942062503.48
CHN,2016,NY.GDP.MKTP.KD.ZG,Growth,6.773688686772701
CHN,2016,NY.GDP.PCAP.PP.KD,Income,15772.837260750168
CHN,2016,FP.CPI.TOTL.ZG,Inflation,2.000001821919434
CHN,2016,IT.NET.USER.ZS,Internet,53.2
CHN,2016,SP.DYN.LE00.IN,Life,77.214
CHN,2016,SP.POP.TOTL,Population,1387790000.0
CHN,2016,NE.TRD.GNFS.ZS,Trade,36.177170692977995
CHN,2017,EG.ELC.ACCS.ZS,Electricity,100.0
CHN,2017,NY.GDP.MKTP.KD,GDP,12874987827480.322
CHN,2017,NY.GDP.MKTP.KD.ZG,Growth,6.891239166361913
CHN,2017,NY.GDP.PCAP.PP.KD,Income,16758.046397685786
CHN,2017,FP.CPI.TOTL.ZG,Inflation,1.593136000714356
CHN,2017,IT.NET.USER.ZS,Internet,54.3
CHN,2017,SP.DYN.LE00.IN,Life,77.235
CHN,2017,SP.POP.TOTL,Population,1396215000.0
CHN,2017,NE.TRD.GNFS.ZS,Trade,36.950852615859965
CHN,2018,EG.ELC.ACCS.ZS,Electricity,100.0
CHN,2018,NY.GDP.MKTP.KD,GDP,13745054545709.254
CHN,2018,NY.GDP.MKTP.KD.ZG,Growth,6.757806142324
CHN,2018,NY.GDP.PCAP.PP.KD,Income,17807.04905522442
CHN,2018,FP.CPI.TOTL.ZG,Inflation,2.07479039965576
CHN,2018,IT.NET.USER.ZS,Internet,65.35839844
CHN,2018,SP.DYN.LE00.IN,Life,77.709
CHN,2018,SP.POP.TOTL,Population,1402760000.0
CHN,2018,NE.TRD.GNFS.ZS,Trade,36.894384391471846
CHN,2019,EG.ELC.ACCS.ZS,Electricity,100.0
CHN,2019,NY.GDP.MKTP.KD,GDP,14579018970009.285
CHN,2019,NY.GDP.MKTP.KD.ZG,Growth,6.067378063336719
CHN,2019,NY.GDP.PCAP.PP.KD,Income,18820.587164564455
CHN,2019,FP.CPI.TOTL.ZG,Inflation,2.899234163582267
CHN,2019,IT.NET.USER.ZS,Internet,64.080881297515
CHN,2019,SP.DYN.LE00.IN,Life,77.94
CHN,2019,SP.POP.TOTL,Population,1407745000.0
CHN,2019,NE.TRD.GNFS.ZS,Trade,35.45443502814074
CHN,2020,EG.ELC.ACCS.ZS,Electricity,100.0
CHN,2020,NY.GDP.MKTP.KD,GDP,14920095680400.871
CHN,2020,NY.GDP.MKTP.KD.ZG,Growth,2.3395038520302336
CHN,2020,NY.GDP.PCAP.PP.KD,Income,19215.101249101157
CHN,2020,FP.CPI.TOTL.ZG,Inflation,2.419421894577823
CHN,2020,IT.NET.USER.ZS,Internet,70.05275998
CHN,2020,SP.DYN.LE00.IN,Life,78.019
CHN,2020,SP.POP.TOTL,Population,1411100000.0
CHN,2020,NE.TRD.GNFS.ZS,Trade,34.337778473884
CHN,2021,EG.ELC.ACCS.ZS,Electricity,100.0
CHN,2021,NY.GDP.MKTP.KD,GDP,16198805195731.6
CHN,2021,NY.GDP.MKTP.KD.ZG,Growth,8.570384149817812
CHN,2021,NY.GDP.PCAP.PP.KD,Income,20843.297834737652
CHN,2021,FP.CPI.TOTL.ZG,Inflation,0.9810151355448816
CHN,2021,IT.NET.USER.ZS,Internet,73.05323517
CHN,2021,SP.DYN.LE00.IN,Life,78.117
CHN,2021,SP.POP.TOTL,Population,1412360000.0
CHN,2021,NE.TRD.GNFS.ZS,Trade,36.64287896437538
CHN,2022,EG.ELC.ACCS.ZS,Electricity,100.0
CHN,2022,NY.GDP.MKTP.KD,GDP,16706452162504.047
CHN,2022,NY.GDP.MKTP.KD.ZG,Growth,3.1338543839406867
CHN,2022,NY.GDP.PCAP.PP.KD,Income,21499.312555975706
CHN,2022,FP.CPI.TOTL.ZG,Inflation,1.973575557390506
CHN,2022,IT.NET.USER.ZS,Internet,75.61131603
CHN,2022,SP.DYN.LE00.IN,Life,78.202
CHN,2022,SP.POP.TOTL,Population,1412175000.0
CHN,2022,NE.TRD.GNFS.ZS,Trade,37.51255567817104
CHN,2023,EG.ELC.ACCS.ZS,Electricity,100.0
CHN,2023,NY.GDP.MKTP.KD,GDP,17611274170444.32
CHN,2023,NY.GDP.MKTP.KD.ZG,Growth,5.41600334492955
CHN,2023,NY.GDP.PCAP.PP.KD,Income,22687.251953432795
CHN,2023,FP.CPI.TOTL.ZG,Inflation,0.2348368288930508
CHN,2023,IT.NET.USER.ZS,Internet,90.6
CHN,2023,SP.DYN.LE00.IN,Life,77.953
CHN,2023,SP.POP.TOTL,Population,1410710000.0
CHN,2023,NE.TRD.GNFS.ZS,Trade,36.7391496938394
CHN,2024,EG.ELC.ACCS.ZS,Electricity,100.0
CHN,2024,NY.GDP.MKTP.KD,GDP,18484494644731.555
CHN,2024,NY.GDP.MKTP.KD.ZG,Growth,4.958303787880908
CHN,2024,NY.GDP.PCAP.PP.KD,Income,23841.476914181672
CHN,2024,FP.CPI.TOTL.ZG,Inflation,0.2181289384391772
CHN,2024,IT.NET.USER.ZS,Internet,92.0
CHN,2024,SP.DYN.LE00.IN,Life,78.017
CHN,2024,SP.POP.TOTL,Population,1408975000.0
CHN,2024,NE.TRD.GNFS.ZS,Trade,37.95606013725439
DEU,2000,EG.ELC.ACCS.ZS,Electricity,100.0
DEU,2000,NY.GDP.MKTP.KD,GDP,2885963533943.4653
DEU,2000,NY.GDP.MKTP.KD.ZG,Growth,2.876523124765896
DEU,2000,NY.GDP.PCAP.PP.KD,Income,49955.646128649554
DEU,2000,FP.CPI.TOTL.ZG,Inflation,1.440268387197411
DEU,2000,IT.NET.USER.ZS,Internet,30.2163466048889
DEU,2000,SP.DYN.LE00.IN,Life,77.92682926829269
DEU,2000,SP.POP.TOTL,Population,82211508.0
DEU,2000,NE.TRD.GNFS.ZS,Trade,59.195599297540454
DEU,2001,EG.ELC.ACCS.ZS,Electricity,100.0
DEU,2001,NY.GDP.MKTP.KD,GDP,2933181986968.515
DEU,2001,NY.GDP.MKTP.KD.ZG,Growth,1.6361417069095552
DEU,2001,NY.GDP.PCAP.PP.KD,Income,50687.650044792426
DEU,2001,FP.CPI.TOTL.ZG,Inflation,1.983857313344713
DEU,2001,IT.NET.USER.ZS,Internet,31.650939416316
DEU,2001,SP.DYN.LE00.IN,Life,78.32926829268293
DEU,2001,SP.POP.TOTL,Population,82349925.0
DEU,2001,NE.TRD.GNFS.ZS,Trade,59.55928636821177
DEU,2002,EG.ELC.ACCS.ZS,Electricity,100.0
DEU,2002,NY.GDP.MKTP.KD,GDP,2926486831428.6304
DEU,2002,NY.GDP.MKTP.KD.ZG,Growth,-0.22825571579363668
DEU,2002,NY.GDP.PCAP.PP.KD,Income,50486.998248551
DEU,2002,FP.CPI.TOTL.ZG,Inflation,1.42080615551526
DEU,2002,IT.NET.USER.ZS,Internet,48.82
DEU,2002,SP.DYN.LE00.IN,Life,78.22926829268293
DEU,2002,SP.POP.TOTL,Population,82488495.0
DEU,2002,NE.TRD.GNFS.ZS,Trade,58.332568724812894
DEU,2003,EG.ELC.ACCS.ZS,Electricity,100.0
DEU,2003,NY.GDP.MKTP.KD,GDP,2910982263391.97
DEU,2003,NY.GDP.MKTP.KD.ZG,Growth,-0.5298013942912974
DEU,2003,NY.GDP.PCAP.PP.KD,Income,50191.7219389611
DEU,2003,FP.CPI.TOTL.ZG,Inflation,1.034222186285621
DEU,2003,IT.NET.USER.ZS,Internet,55.9
DEU,2003,SP.DYN.LE00.IN,Life,78.38048780487806
DEU,2003,SP.POP.TOTL,Population,82534176.0
DEU,2003,NE.TRD.GNFS.ZS,Trade,58.91454429425074
DEU,2004,EG.ELC.ACCS.ZS,Electricity,100.0
DEU,2004,NY.GDP.MKTP.KD,GDP,2944810405337.25
DEU,2004,NY.GDP.MKTP.KD.ZG,Growth,1.1620868450727784
DEU,2004,NY.GDP.PCAP.PP.KD,Income,50786.01764632749
DEU,2004,FP.CPI.TOTL.ZG,Inflation,1.665736966559917
DEU,2004,IT.NET.USER.ZS,Internet,64.73
DEU,2004,SP.DYN.LE00.IN,Life,78.68048780487807
DEU,2004,SP.POP.TOTL,Population,82516260.0
DEU,2004,NE.TRD.GNFS.ZS,Trade,62.90649094651641
DEU,2005,EG.ELC.ACCS.ZS,Electricity,100.0
DEU,2005,NY.GDP.MKTP.KD,GDP,2970886268370.0396
DEU,2005,NY.GDP.MKTP.KD.ZG,Growth,0.8854852925515644
DEU,2005,NY.GDP.PCAP.PP.KD,Income,51264.81937489415
DEU,2005,FP.CPI.TOTL.ZG,Inflation,1.546911147513284
DEU,2005,IT.NET.USER.ZS,Internet,68.71
DEU,2005,SP.DYN.LE00.IN,Life,78.93170731707318
DEU,2005,SP.POP.TOTL,Population,82469422.0
DEU,2005,NE.TRD.GNFS.ZS,Trade,66.95310249343211
DEU,2006,EG.ELC.ACCS.ZS,Electricity,100.0
DEU,2006,NY.GDP.MKTP.KD,GDP,3085761005285.649
DEU,2006,NY.GDP.MKTP.KD.ZG,Growth,3.8666824152320913
DEU,2006,NY.GDP.PCAP.PP.KD,Income,53307.16237675165
DEU,2006,FP.CPI.TOTL.ZG,Inflation,1.57742642840563
DEU,2006,IT.NET.USER.ZS,Internet,72.16
DEU,2006,SP.DYN.LE00.IN,Life,79.1317073170732
DEU,2006,SP.POP.TOTL,Population,82376451.0
DEU,2006,NE.TRD.GNFS.ZS,Trade,72.7591934646234
DEU,2007,EG.ELC.ACCS.ZS,Electricity,100.0
DEU,2007,NY.GDP.MKTP.KD,GDP,3174912263837.6836
DEU,2007,NY.GDP.MKTP.KD.ZG,Growth,2.889117413802495
DEU,2007,NY.GDP.PCAP.PP.KD,Income,54920.65892997236
DEU,2007,FP.CPI.TOTL.ZG,Inflation,2.298344007009506
DEU,2007,IT.NET.USER.ZS,Internet,75.16
DEU,2007,SP.DYN.LE00.IN,Life,79.53414634146343
DEU,2007,SP.POP.TOTL,Population,82266372.0
DEU,2007,NE.TRD.GNFS.ZS,Trade,74.8838416816798
DEU,2008,EG.ELC.ACCS.ZS,Electricity,100.0
DEU,2008,NY.GDP.MKTP.KD,GDP,3203102383827.364
DEU,2008,NY.GDP.MKTP.KD.ZG,Growth,0.8879023307436285
DEU,2008,NY.GDP.PCAP.PP.KD,Income,55513.755885831466
DEU,2008,FP.CPI.TOTL.ZG,Inflation,2.628379816372193
DEU,2008,IT.NET.USER.ZS,Internet,78.0
DEU,2008,SP.DYN.LE00.IN,Life,79.73658536585367
DEU,2008,SP.POP.TOTL,Population,82110097.0
DEU,2008,NE.TRD.GNFS.ZS,Trade,76.11316659457455
DEU,2009,EG.ELC.ACCS.ZS,Electricity,100.0
DEU,2009,NY.GDP.MKTP.KD,GDP,3025504625850.045
DEU,2009,NY.GDP.MKTP.KD.ZG,Growth,-5.544554519206741
DEU,2009,NY.GDP.PCAP.PP.KD,Income,52568.797424994955
DEU,2009,FP.CPI.TOTL.ZG,Inflation,0.3127390073684469
DEU,2009,IT.NET.USER.ZS,Internet,79.0
DEU,2009,SP.DYN.LE00.IN,Life,79.83658536585368
DEU,2009,SP.POP.TOTL,Population,81902307.0
DEU,2009,NE.TRD.GNFS.ZS,Trade,66.13912757571262
DEU,2010,EG.ELC.ACCS.ZS,Electricity,100.0
DEU,2010,NY.GDP.MKTP.KD,GDP,3150598283304.249
DEU,2010,NY.GDP.MKTP.KD.ZG,Growth,4.134637785227582
DEU,2010,NY.GDP.PCAP.PP.KD,Income,54826.255453315
DEU,2010,FP.CPI.TOTL.ZG,Inflation,1.103810377892605
DEU,2010,IT.NET.USER.ZS,Internet,82.0
DEU,2010,SP.DYN.LE00.IN,Life,79.98780487804879
DEU,2010,SP.POP.TOTL,Population,81776930.0
DEU,2010,NE.TRD.GNFS.ZS,Trade,73.88523512002631
DEU,2011,EG.ELC.ACCS.ZS,Electricity,100.0
DEU,2011,NY.GDP.MKTP.KD,GDP,3268996785218.568
DEU,2011,NY.GDP.MKTP.KD.ZG,Growth,3.7579688448933695
DEU,2011,NY.GDP.PCAP.PP.KD,Income,57950.95897296767
DEU,2011,FP.CPI.TOTL.ZG,Inflation,2.075172837358741
DEU,2011,IT.NET.USER.ZS,Internet,81.26999953602
DEU,2011,SP.DYN.LE00.IN,Life,80.43658536585367
DEU,2011,SP.POP.TOTL,Population,80274983.0
DEU,2011,NE.TRD.GNFS.ZS,Trade,78.43300290144198
DEU,2012,EG.ELC.ACCS.ZS,Electricity,100.0
DEU,2012,NY.GDP.MKTP.KD,GDP,3284148978797.693
DEU,2012,NY.GDP.MKTP.KD.ZG,Growth,0.46351203670920427
DEU,2012,NY.GDP.PCAP.PP.KD,Income,58110.376851224464
DEU,2012,FP.CPI.TOTL.ZG,Inflation,2.008488847829562
DEU,2012,IT.NET.USER.ZS,Internet,82.3499984738392
DEU,2012,SP.DYN.LE00.IN,Life,80.53902439024391
DEU,2012,SP.POP.TOTL,Population,80425823.0
DEU,2012,NE.TRD.GNFS.ZS,Trade,79.33164956703152
DEU,2013,EG.ELC.ACCS.ZS,Electricity,100.0
DEU,2013,NY.GDP.MKTP.KD,GDP,3297186905208.2476
DEU,2013,NY.GDP.MKTP.KD.ZG,Growth,0.39699558377914457
DEU,2013,NY.GDP.PCAP.PP.KD,Income,58182.07661769533
DEU,2013,FP.CPI.TOTL.ZG,Inflation,1.504723302518763
DEU,2013,IT.NET.USER.ZS,Internet,84.17
DEU,2013,SP.DYN.LE00.IN,Life,80.49024390243903
DEU,2013,SP.POP.TOTL,Population,80645605.0
DEU,2013,NE.TRD.GNFS.ZS,Trade,77.58602885769305
DEU,2014,EG.ELC.ACCS.ZS,Electricity,100.0
DEU,2014,NY.GDP.MKTP.KD,GDP,3369071713224.267
DEU,2014,NY.GDP.MKTP.KD.ZG,Growth,2.1801860216801714
DEU,2014,NY.GDP.PCAP.PP.KD,Income,59203.23408799625
DEU,2014,FP.CPI.TOTL.ZG,Inflation,0.9067940004342459
DEU,2014,IT.NET.USER.ZS,Internet,86.1937006578756
DEU,2014,SP.DYN.LE00.IN,Life,81.09024390243904
DEU,2014,SP.POP.TOTL,Population,80982500.0
DEU,2014,NE.TRD.GNFS.ZS,Trade,76.8483516336234
DEU,2015,EG.ELC.ACCS.ZS,Electricity,100.0
DEU,2015,NY.GDP.MKTP.KD,GDP,3425099578746.092
DEU,2015,NY.GDP.MKTP.KD.ZG,Growth,1.663006023347748
DEU,2015,NY.GDP.PCAP.PP.KD,Income,59668.98903552816
DEU,2015,FP.CPI.TOTL.ZG,Inflation,0.5144261371254562
DEU,2015,IT.NET.USER.ZS,Internet,87.5897993525767
DEU,2015,SP.DYN.LE00.IN,Life,80.64146341463415
DEU,2015,SP.POP.TOTL,Population,81686611.0
DEU,2015,NE.TRD.GNFS.ZS,Trade,77.75658156869224
DEU,2016,EG.ELC.ACCS.ZS,Electricity,100.0
DEU,2016,NY.GDP.MKTP.KD,GDP,3501212900675.891
DEU,2016,NY.GDP.MKTP.KD.ZG,Growth,2.2222221625937095
DEU,2016,NY.GDP.PCAP.PP.KD,Income,60504.585741716095
DEU,2016,FP.CPI.TOTL.ZG,Inflation,0.4917470084451745
DEU,2016,IT.NET.USER.ZS,Internet,84.1652066441212
DEU,2016,SP.DYN.LE00.IN,Life,80.99024390243903
DEU,2016,SP.POP.TOTL,Population,82348669.0
DEU,2016,NE.TRD.GNFS.ZS,Trade,76.00599021660548
DEU,2017,EG.ELC.ACCS.ZS,Electricity,100.0
DEU,2017,NY.GDP.MKTP.KD,GDP,3599173571724.7007
DEU,2017,NY.GDP.MKTP.KD.ZG,Growth,2.7979067205509978
DEU,2017,NY.GDP.PCAP.PP.KD,Income,61965.43429049647
DEU,2017,FP.CPI.TOTL.ZG,Inflation,1.509494851096283
DEU,2017,IT.NET.USER.ZS,Internet,84.3941537010844
DEU,2017,SP.DYN.LE00.IN,Life,80.99268292682929
DEU,2017,SP.POP.TOTL,Population,82657002.0
DEU,2017,NE.TRD.GNFS.ZS,Trade,77.45483947424478
DEU,2018,EG.ELC.ACCS.ZS,Electricity,100.0
DEU,2018,NY.GDP.MKTP.KD,GDP,3640049243667.4004
DEU,2018,NY.GDP.MKTP.KD.ZG,Growth,1.1356960459984862
DEU,2018,NY.GDP.PCAP.PP.KD,Income,62481.11839710451
DEU,2018,FP.CPI.TOTL.ZG,Inflation,1.732168797669418
DEU,2018,IT.NET.USER.ZS,Internet,87.037112092841
DEU,2018,SP.DYN.LE00.IN,Life,80.89268292682927
DEU,2018,SP.POP.TOTL,Population,82905782.0
DEU,2018,NE.TRD.GNFS.ZS,Trade,79.12522604636536
DEU,2019,EG.ELC.ACCS.ZS,Electricity,100.0
DEU,2019,NY.GDP.MKTP.KD,GDP,3675639268112.0347
DEU,2019,NY.GDP.MKTP.KD.ZG,Growth,0.9777346970387839
DEU,2019,NY.GDP.PCAP.PP.KD,Income,62949.89325118552
DEU,2019,FP.CPI.TOTL.ZG,Inflation,1.445659768882534
DEU,2019,IT.NET.USER.ZS,Internet,88.1345169091916
DEU,2019,SP.DYN.LE00.IN,Life,81.29268292682927
DEU,2019,SP.POP.TOTL,Population,83092962.0
DEU,2019,NE.TRD.GNFS.ZS,Trade,79.0732427175683
DEU,2020,EG.ELC.ACCS.ZS,Electricity,100.0
DEU,2020,NY.GDP.MKTP.KD,GDP,3523764998709.971
DEU,2020,NY.GDP.MKTP.KD.ZG,Growth,-4.131914432399469
DEU,2020,NY.GDP.PCAP.PP.KD,Income,60299.576771080945
DEU,2020,FP.CPI.TOTL.ZG,Inflation,0.1448779258139819
DEU,2020,IT.NET.USER.ZS,Internet,89.81294133
DEU,2020,SP.DYN.LE00.IN,Life,81.04146341463415
DEU,2020,SP.POP.TOTL,Population,83160871.0
DEU,2020,NE.TRD.GNFS.ZS,Trade,72.93353271201373
DEU,2021,EG.ELC.ACCS.ZS,Electricity,100.0
DEU,2021,NY.GDP.MKTP.KD,GDP,3661544208117.1953
DEU,2021,NY.GDP.MKTP.KD.ZG,Growth,3.9099999420410825
DEU,2021,NY.GDP.PCAP.PP.KD,Income,62630.7748127737
DEU,2021,FP.CPI.TOTL.ZG,Inflation,3.06666666666673
DEU,2021,IT.NET.USER.ZS,Internet,91.43060973
DEU,2021,SP.DYN.LE00.IN,Life,80.79024390243903
DEU,2021,SP.POP.TOTL,Population,83196078.0
DEU,2021,NE.TRD.GNFS.ZS,Trade,79.91953486098512
DEU,2022,EG.ELC.ACCS.ZS,Electricity,100.0
DEU,2022,NY.GDP.MKTP.KD,GDP,3727790994177.615
DEU,2022,NY.GDP.MKTP.KD.ZG,Growth,1.8092581243060977
DEU,2022,NY.GDP.PCAP.PP.KD,Income,63777.929102929935
DEU,2022,FP.CPI.TOTL.ZG,Inflation,6.872574385510968
DEU,2022,IT.NET.USER.ZS,Internet,91.62984383
DEU,2022,SP.DYN.LE00.IN,Life,80.6080487804878
DEU,2022,SP.POP.TOTL,Population,83177813.0
DEU,2022,NE.TRD.GNFS.ZS,Trade,88.78575421305011
DEU,2023,EG.ELC.ACCS.ZS,Electricity,100.0
DEU,2023,NY.GDP.MKTP.KD,GDP,3695372350062.4756
DEU,2023,NY.GDP.MKTP.KD.ZG,Growth,-0.8696475785733213
DEU,2023,NY.GDP.PCAP.PP.KD,Income,63140.19490996694
DEU,2023,FP.CPI.TOTL.ZG,Inflation,5.946436677258235
DEU,2023,IT.NET.USER.ZS,Internet,92.4763763
DEU,2023,SP.DYN.LE00.IN,Life,81.04146341463415
DEU,2023,SP.POP.TOTL,Population,83287273.0
DEU,2023,NE.TRD.GNFS.ZS,Trade,81.96254837876336
DEU,2024,EG.ELC.ACCS.ZS,Electricity,100.0
DEU,2024,NY.GDP.MKTP.KD,GDP,3677048776153.856
DEU,2024,NY.GDP.MKTP.KD.ZG,Growth,-0.4958518972603656
DEU,2024,NY.GDP.PCAP.PP.KD,Income,62654.60226402299
DEU,2024,FP.CPI.TOTL.ZG,Inflation,2.256498143387602
DEU,2024,IT.NET.USER.ZS,Internet,93.49999579
DEU,2024,SP.DYN.LE00.IN,Life,80.79268292682927
DEU,2024,SP.POP.TOTL,Population,83516593.0
DEU,2024,NE.TRD.GNFS.ZS,Trade,79.09073058949357
EGY,2000,EG.ELC.ACCS.ZS,Electricity,97.7
EGY,2000,NY.GDP.MKTP.KD,GDP,179683172290.1263
EGY,2000,NY.GDP.MKTP.KD.ZG,Growth,6.370003829917664
EGY,2000,NY.GDP.PCAP.PP.KD,Income,9981.62775081593
EGY,2000,FP.CPI.TOTL.ZG,Inflation,2.683805353485461
EGY,2000,IT.NET.USER.ZS,Internet,0.641265037504813
EGY,2000,SP.DYN.LE00.IN,Life,67.332
EGY,2000,SP.POP.TOTL,Population,73083284.0
EGY,2000,NE.TRD.GNFS.ZS,Trade,39.01793590120553
EGY,2001,EG.ELC.ACCS.ZS,Electricity,97.4
EGY,2001,NY.GDP.MKTP.KD,GDP,186035425185.3062
EGY,2001,NY.GDP.MKTP.KD.ZG,Growth,3.5352519739150665
EGY,2001,NY.GDP.PCAP.PP.KD,Income,10117.333182154243
EGY,2001,FP.CPI.TOTL.ZG,Inflation,2.269757204759556
EGY,2001,IT.NET.USER.ZS,Internet,0.838945611477604
EGY,2001,SP.DYN.LE00.IN,Life,67.612
EGY,2001,SP.POP.TOTL,Population,74652029.0
EGY,2001,NE.TRD.GNFS.ZS,Trade,39.81042654028436
EGY,2002,EG.ELC.ACCS.ZS,Electricity,97.5
EGY,2002,NY.GDP.MKTP.KD,GDP,190482051409.27856
EGY,2002,NY.GDP.MKTP.KD.ZG,Growth,2.3902040267562654
EGY,2002,NY.GDP.PCAP.PP.KD,Income,10143.506345655462
EGY,2002,FP.CPI.TOTL.ZG,Inflation,2.737238550003342
EGY,2002,IT.NET.USER.ZS,Internet,2.71999971465421
EGY,2002,SP.DYN.LE00.IN,Life,67.846
EGY,2002,SP.POP.TOTL,Population,76239137.0
EGY,2002,NE.TRD.GNFS.ZS,Trade,40.987067827922935
EGY,2003,EG.ELC.ACCS.ZS,Electricity,98.8
EGY,2003,NY.GDP.MKTP.KD,GDP,196565009504.22433
EGY,2003,NY.GDP.MKTP.KD.ZG,Growth,3.19345473756772
EGY,2003,NY.GDP.PCAP.PP.KD,Income,10250.37655014897
EGY,2003,FP.CPI.TOTL.ZG,Inflation,4.507776363193035
EGY,2003,IT.NET.USER.ZS,Internet,4.03788510706701
EGY,2003,SP.DYN.LE00.IN,Life,68.045
EGY,2003,SP.POP.TOTL,Population,77853548.0
EGY,2003,NE.TRD.GNFS.ZS,Trade,46.17964071856287
EGY,2004,EG.ELC.ACCS.ZS,Electricity,97.8
EGY,2004,NY.GDP.MKTP.KD,GDP,204608590453.73184
EGY,2004,NY.GDP.MKTP.KD.ZG,Growth,4.092071610199085
EGY,2004,NY.GDP.PCAP.PP.KD,Income,10451.82175115291
EGY,2004,FP.CPI.TOTL.ZG,Inflation,11.27061933205195
EGY,2004,IT.NET.USER.ZS,Internet,11.92
EGY,2004,SP.DYN.LE00.IN,Life,68.211
EGY,2004,SP.POP.TOTL,Population,79477443.0
EGY,2004,NE.TRD.GNFS.ZS,Trade,57.81990521327014
EGY,2005,EG.ELC.ACCS.ZS,Electricity,99.4
EGY,2005,NY.GDP.MKTP.KD,GDP,213758163784.66467
EGY,2005,NY.GDP.MKTP.KD.ZG,Growth,4.471744471062095
EGY,2005,NY.GDP.PCAP.PP.KD,Income,10700.609037252507
EGY,2005,FP.CPI.TOTL.ZG,Inflation,4.869396968719882
EGY,2005,IT.NET.USER.ZS,Internet,12.75
EGY,2005,SP.DYN.LE00.IN,Life,68.355
EGY,2005,SP.POP.TOTL,Population,81101004.0
EGY,2005,NE.TRD.GNFS.ZS,Trade,62.95264623955432
EGY,2006,EG.ELC.ACCS.ZS,Electricity,99.0
EGY,2006,NY.GDP.MKTP.KD,GDP,228387426639.9089
EGY,2006,NY.GDP.MKTP.KD.ZG,Growth,6.8438381936988435
EGY,2006,NY.GDP.PCAP.PP.KD,Income,11211.832022867098
EGY,2006,FP.CPI.TOTL.ZG,Inflation,7.644526445264343
EGY,2006,IT.NET.USER.ZS,Internet,13.66
EGY,2006,SP.DYN.LE00.IN,Life,68.493
EGY,2006,SP.POP.TOTL,Population,82700403.0
EGY,2006,NE.TRD.GNFS.ZS,Trade,61.518536506394696
EGY,2007,EG.ELC.ACCS.ZS,Electricity,98.4
EGY,2007,NY.GDP.MKTP.KD,GDP,244575133304.5542
EGY,2007,NY.GDP.MKTP.KD.ZG,Growth,7.087827426755823
EGY,2007,NY.GDP.PCAP.PP.KD,Income,11782.006071702617
EGY,2007,FP.CPI.TOTL.ZG,Inflation,9.318969057992298
EGY,2007,IT.NET.USER.ZS,Internet,16.03
EGY,2007,SP.DYN.LE00.IN,Life,68.627
EGY,2007,SP.POP.TOTL,Population,84276225.0
EGY,2007,NE.TRD.GNFS.ZS,Trade,65.07787325456499
EGY,2008,EG.ELC.ACCS.ZS,Electricity,99.8
EGY,2008,NY.GDP.MKTP.KD,GDP,262077623378.47815
EGY,2008,NY.GDP.MKTP.KD.ZG,Growth,7.156283567115224
EGY,2008,NY.GDP.PCAP.PP.KD,Income,12391.584762493834
EGY,2008,FP.CPI.TOTL.ZG,Inflation,18.31683168316841
EGY,2008,IT.NET.USER.ZS,Internet,18.01
EGY,2008,SP.DYN.LE00.IN,Life,68.761
EGY,2008,SP.POP.TOTL,Population,85864789.0
EGY,2008,NE.TRD.GNFS.ZS,Trade,71.68062534896706
EGY,2009,EG.ELC.ACCS.ZS,Electricity,98.9
EGY,2009,NY.GDP.MKTP.KD,GDP,274326082660.55685
EGY,2009,NY.GDP.MKTP.KD.ZG,Growth,4.6735998000066274
EGY,2009,NY.GDP.PCAP.PP.KD,Income,12728.081458756351
EGY,2009,FP.CPI.TOTL.ZG,Inflation,11.76349543864433
EGY,2009,IT.NET.USER.ZS,Internet,20.0
EGY,2009,SP.DYN.LE00.IN,Life,68.915
EGY,2009,SP.POP.TOTL,Population,87501636.0
EGY,2009,NE.TRD.GNFS.ZS,Trade,56.55344463634619
EGY,2010,EG.ELC.ACCS.ZS,Electricity,99.4
EGY,2010,NY.GDP.MKTP.KD,GDP,288446290410.3859
EGY,2010,NY.GDP.MKTP.KD.ZG,Growth,5.147234857467424
EGY,2010,NY.GDP.PCAP.PP.KD,Income,13128.98783348306
EGY,2010,FP.CPI.TOTL.ZG,Inflation,11.26518826531855
EGY,2010,IT.NET.USER.ZS,Internet,21.6
EGY,2010,SP.DYN.LE00.IN,Life,69.078
EGY,2010,SP.POP.TOTL,Population,89196072.0
EGY,2010,NE.TRD.GNFS.ZS,Trade,47.936350074589754
EGY,2011,EG.ELC.ACCS.ZS,Electricity,99.4
EGY,2011,NY.GDP.MKTP.KD,GDP,293536132736.1885
EGY,2011,NY.GDP.MKTP.KD.ZG,Growth,1.7645719480604072
EGY,2011,NY.GDP.PCAP.PP.KD,Income,13082.426368023906
EGY,2011,FP.CPI.TOTL.ZG,Inflation,10.0649259874818
EGY,2011,IT.NET.USER.ZS,Internet,25.6
EGY,2011,SP.DYN.LE00.IN,Life,69.232
EGY,2011,SP.POP.TOTL,Population,91093059.0
EGY,2011,NE.TRD.GNFS.ZS,Trade,45.2556341623514
EGY,2012,EG.ELC.ACCS.ZS,Electricity,99.7
EGY,2012,NY.GDP.MKTP.KD,GDP,300070833530.76117
EGY,2012,NY.GDP.MKTP.KD.ZG,Growth,2.226199798184865
EGY,2012,NY.GDP.PCAP.PP.KD,Income,13076.805239487572
EGY,2012,FP.CPI.TOTL.ZG,Inflation,7.111729433430828
EGY,2012,IT.NET.USER.ZS,Internet,26.4
EGY,2012,SP.DYN.LE00.IN,Life,69.464
EGY,2012,SP.POP.TOTL,Population,93161001.0
EGY,2012,NE.TRD.GNFS.ZS,Trade,40.71176927210844
EGY,2013,EG.ELC.ACCS.ZS,Electricity,99.9
EGY,2013,NY.GDP.MKTP.KD,GDP,306628779734.4321
EGY,2013,NY.GDP.MKTP.KD.ZG,Growth,2.18546605363386
EGY,2013,NY.GDP.PCAP.PP.KD,Income,13058.074823823685
EGY,2013,FP.CPI.TOTL.ZG,Inflation,9.46971981064921
EGY,2013,IT.NET.USER.ZS,Internet,29.4
EGY,2013,SP.DYN.LE00.IN,Life,69.632
EGY,2013,SP.POP.TOTL,Population,95333553.0
EGY,2013,NE.TRD.GNFS.ZS,Trade,40.37303805633197
EGY,2014,EG.ELC.ACCS.ZS,Electricity,99.8
EGY,2014,NY.GDP.MKTP.KD,GDP,315569804751.8276
EGY,2014,NY.GDP.MKTP.KD.ZG,Growth,2.9159118805283555
EGY,2014,NY.GDP.PCAP.PP.KD,Income,13136.365629809923
EGY,2014,FP.CPI.TOTL.ZG,Inflation,10.0702154687481
EGY,2014,IT.NET.USER.ZS,Internet,33.8946039115275
EGY,2014,SP.DYN.LE00.IN,Life,69.911
EGY,2014,SP.POP.TOTL,Population,97528654.0
EGY,2014,NE.TRD.GNFS.ZS,Trade,36.92018779342723
EGY,2015,EG.ELC.ACCS.ZS,Electricity,99.3
EGY,2015,NY.GDP.MKTP.KD,GDP,329366576819.407
EGY,2015,NY.GDP.MKTP.KD.ZG,Growth,4.372019077816873
EGY,2015,NY.GDP.PCAP.PP.KD,Income,13425.91195994919
EGY,2015,FP.CPI.TOTL.ZG,Inflation,10.370490343517
EGY,2015,IT.NET.USER.ZS,Internet,37.8193834276939
EGY,2015,SP.DYN.LE00.IN,Life,70.135
EGY,2015,SP.POP.TOTL,Population,99597342.0
EGY,2015,NE.TRD.GNFS.ZS,Trade,34.84594296002291
EGY,2016,EG.ELC.ACCS.ZS,Electricity,100.0
EGY,2016,NY.GDP.MKTP.KD,GDP,343682967577.042
EGY,2016,NY.GDP.MKTP.KD.ZG,Growth,4.346643456019137
EGY,2016,NY.GDP.PCAP.PP.KD,Income,13727.320160081566
EGY,2016,FP.CPI.TOTL.ZG,Inflation,13.81360621482898
EGY,2016,IT.NET.USER.ZS,Internet,41.2480670885772
EGY,2016,SP.DYN.LE00.IN,Life,70.437
EGY,2016,SP.POP.TOTL,Population,101644589.0
EGY,2016,NE.TRD.GNFS.ZS,Trade,30.246549051450504
EGY,2017,EG.ELC.ACCS.ZS,Electricity,100.0
EGY,2017,NY.GDP.MKTP.KD,GDP,358053111989.4754
EGY,2017,NY.GDP.MKTP.KD.ZG,Growth,4.181220999615618
EGY,2017,NY.GDP.PCAP.PP.KD,Income,14018.36059344113
EGY,2017,FP.CPI.TOTL.ZG,Inflation,29.50660839400387
EGY,2017,IT.NET.USER.ZS,Internet,44.9502042452857
EGY,2017,SP.DYN.LE00.IN,Life,70.709
EGY,2017,SP.POP.TOTL,Population,103696057.0
EGY,2017,NE.TRD.GNFS.ZS,Trade,42.832134358160786
EGY,2018,EG.ELC.ACCS.ZS,Electricity,100.0
EGY,2018,NY.GDP.MKTP.KD,GDP,377141312302.88416
EGY,2018,NY.GDP.MKTP.KD.ZG,Growth,5.3311086188715535
EGY,2018,NY.GDP.PCAP.PP.KD,Income,14488.209434026054
EGY,2018,FP.CPI.TOTL.ZG,Inflation,14.40146578074216
EGY,2018,IT.NET.USER.ZS,Internet,46.92433676792
EGY,2018,SP.DYN.LE00.IN,Life,70.974
EGY,2018,SP.POP.TOTL,Population,105682094.0
EGY,2018,NE.TRD.GNFS.ZS,Trade,45.911019673395906
EGY,2019,EG.ELC.ACCS.ZS,Electricity,100.0
EGY,2019,NY.GDP.MKTP.KD,GDP,398080548970.53595
EGY,2019,NY.GDP.MKTP.KD.ZG,Growth,5.5520930708422185
EGY,2019,NY.GDP.PCAP.PP.KD,Income,15026.568243683027
EGY,2019,FP.CPI.TOTL.ZG,Inflation,9.152799593248037
EGY,2019,IT.NET.USER.ZS,Internet,57.2828663990195
EGY,2019,SP.DYN.LE00.IN,Life,71.213
EGY,2019,SP.POP.TOTL,Population,107553158.0
EGY,2019,NE.TRD.GNFS.ZS,Trade,41.12401715511079
EGY,2020,EG.ELC.ACCS.ZS,Electricity,100.0
EGY,2020,NY.GDP.MKTP.KD,GDP,412213064650.3139
EGY,2020,NY.GDP.MKTP.KD.ZG,Growth,3.550164838831151
EGY,2020,NY.GDP.PCAP.PP.KD,Income,15309.235988183531
EGY,2020,FP.CPI.TOTL.ZG,Inflation,5.044932889775388
EGY,2020,IT.NET.USER.ZS,Internet,71.91420096
EGY,2020,SP.DYN.LE00.IN,Life,69.79
EGY,2020,SP.POP.TOTL,Population,109315124.0
EGY,2020,NE.TRD.GNFS.ZS,Trade,32.12625556675226
EGY,2021,EG.ELC.ACCS.ZS,Electricity,100.0
EGY,2021,NY.GDP.MKTP.KD,GDP,425777537422.894
EGY,2021,NY.GDP.MKTP.KD.ZG,Growth,3.290646011932452
EGY,2021,NY.GDP.PCAP.PP.KD,Income,15579.01608615512
EGY,2021,FP.CPI.TOTL.ZG,Inflation,5.214049405130425
EGY,2021,IT.NET.USER.ZS,Internet,72.05599976
EGY,2021,SP.DYN.LE00.IN,Life,68.976
EGY,2021,SP.POP.TOTL,Population,110957008.0
EGY,2021,NE.TRD.GNFS.ZS,Trade,29.856973480812233
EGY,2022,EG.ELC.ACCS.ZS,Electricity,100.0
EGY,2022,NY.GDP.MKTP.KD,GDP,453827104224.85895
EGY,2022,NY.GDP.MKTP.KD.ZG,Growth,6.587845608704669
EGY,2022,NY.GDP.PCAP.PP.KD,Income,16360.390775011048
EGY,2022,FP.CPI.TOTL.ZG,Inflation,13.89566097751779
EGY,2022,IT.NET.USER.ZS,Internet,72.19806556
EGY,2022,SP.DYN.LE00.IN,Life,71.01
EGY,2022,SP.POP.TOTL,Population,112618250.0
EGY,2022,NE.TRD.GNFS.ZS,Trade,36.98310487727128
EGY,2023,EG.ELC.ACCS.ZS,Electricity,100.0
EGY,2023,NY.GDP.MKTP.KD,GDP,470892276432.1794
EGY,2023,NY.GDP.MKTP.KD.ZG,Growth,3.7602805227924705
EGY,2023,NY.GDP.PCAP.PP.KD,Income,16691.38739919619
EGY,2023,FP.CPI.TOTL.ZG,Inflation,33.88477631155461
EGY,2023,IT.NET.USER.ZS,Internet,74.01190186
EGY,2023,SP.DYN.LE00.IN,Life,71.633
EGY,2023,SP.POP.TOTL,Population,114535772.0
EGY,2023,NE.TRD.GNFS.ZS,Trade,40.45040077200307
EGY,2024,EG.ELC.ACCS.ZS,Electricity,100.0
EGY,2024,NY.GDP.MKTP.KD,GDP,482189779212.9023
EGY,2024,NY.GDP.MKTP.KD.ZG,Growth,2.3991692678251013
EGY,2024,NY.GDP.PCAP.PP.KD,Income,16798.151577837994
EGY,2024,FP.CPI.TOTL.ZG,Inflation,28.27058993220827
EGY,2024,IT.NET.USER.ZS,Internet,74.64839935
EGY,2024,SP.DYN.LE00.IN,Life,71.806
EGY,2024,SP.POP.TOTL,Population,116538258.0
EGY,2024,NE.TRD.GNFS.ZS,Trade,39.60075208737333
ESP,2000,EG.ELC.ACCS.ZS,Electricity,100.0
ESP,2000,NY.GDP.MKTP.KD,GDP,977964704474.0311
ESP,2000,NY.GDP.MKTP.KD.ZG,Growth,5.2006412555394235
ESP,2000,NY.GDP.PCAP.PP.KD,Income,39945.89712981783
ESP,2000,FP.CPI.TOTL.ZG,Inflation,3.433515634187641
ESP,2000,IT.NET.USER.ZS,Internet,13.6249608089899
ESP,2000,SP.DYN.LE00.IN,Life,78.96585365853659
ESP,2000,SP.POP.TOTL,Population,40567864.0
ESP,2000,NE.TRD.GNFS.ZS,Trade,60.121624104921636
ESP,2001,EG.ELC.ACCS.ZS,Electricity,100.0
ESP,2001,NY.GDP.MKTP.KD,GDP,1016292009754.1249
ESP,2001,NY.GDP.MKTP.KD.ZG,Growth,3.9190888080881052
ESP,2001,NY.GDP.PCAP.PP.KD,Income,41224.29240573932
ESP,2001,FP.CPI.TOTL.ZG,Inflation,3.589834133381174
ESP,2001,IT.NET.USER.ZS,Internet,18.1487226902932
ESP,2001,SP.DYN.LE00.IN,Life,79.36829268292684
ESP,2001,SP.POP.TOTL,Population,40850412.0
ESP,2001,NE.TRD.GNFS.ZS,Trade,58.013889562570085
ESP,2002,EG.ELC.ACCS.ZS,Electricity,100.0
ESP,2002,NY.GDP.MKTP.KD,GDP,1044295490089.6656
ESP,2002,NY.GDP.MKTP.KD.ZG,Growth,2.755456115640982
ESP,2002,NY.GDP.PCAP.PP.KD,Income,41766.037818879064
ESP,2002,FP.CPI.TOTL.ZG,Inflation,3.065656859022114
ESP,2002,IT.NET.USER.ZS,Internet,20.39
ESP,2002,SP.DYN.LE00.IN,Life,79.56829268292684
ESP,2002,SP.POP.TOTL,Population,41431558.0
ESP,2002,NE.TRD.GNFS.ZS,Trade,55.1021415309759
ESP,2003,EG.ELC.ACCS.ZS,Electricity,100.0
ESP,2003,NY.GDP.MKTP.KD,GDP,1074990358774.1377
ESP,2003,NY.GDP.MKTP.KD.ZG,Growth,2.9392895953075993
ESP,2003,NY.GDP.PCAP.PP.KD,Income,42223.130174522026
ESP,2003,FP.CPI.TOTL.ZG,Inflation,3.038888393966615
ESP,2003,IT.NET.USER.ZS,Internet,39.93
ESP,2003,SP.DYN.LE00.IN,Life,79.61951219512197
ESP,2003,SP.POP.TOTL,Population,42187645.0
ESP,2003,NE.TRD.GNFS.ZS,Trade,53.43578972022579
ESP,2004,EG.ELC.ACCS.ZS,Electricity,100.0
ESP,2004,NY.GDP.MKTP.KD,GDP,1108471271904.2212
ESP,2004,NY.GDP.MKTP.KD.ZG,Growth,3.1145314799160957
ESP,2004,NY.GDP.PCAP.PP.KD,Income,42793.39023260056
ESP,2004,FP.CPI.TOTL.ZG,Inflation,3.039248810909235
ESP,2004,IT.NET.USER.ZS,Internet,44.01
ESP,2004,SP.DYN.LE00.IN,Life,79.87073170731709
ESP,2004,SP.POP.TOTL,Population,42921895.0
ESP,2004,NE.TRD.GNFS.ZS,Trade,54.47951826560736
ESP,2005,EG.ELC.ACCS.ZS,Electricity,100.0
ESP,2005,NY.GDP.MKTP.KD,GDP,1147835587310.1633
ESP,2005,NY.GDP.MKTP.KD.ZG,Growth,3.551225584612496
ESP,2005,NY.GDP.PCAP.PP.KD,Income,43570.76525740327
ESP,2005,FP.CPI.TOTL.ZG,Inflation,3.368814097503834
ESP,2005,IT.NET.USER.ZS,Internet,47.88
ESP,2005,SP.DYN.LE00.IN,Life,80.17073170731709
ESP,2005,SP.POP.TOTL,Population,43653155.0
ESP,2005,NE.TRD.GNFS.ZS,Trade,54.69916670437722
ESP,2006,EG.ELC.ACCS.ZS,Electricity,100.0
ESP,2006,NY.GDP.MKTP.KD,GDP,1194247574981.1267
ESP,2006,NY.GDP.MKTP.KD.ZG,Growth,4.04343515605099
ESP,2006,NY.GDP.PCAP.PP.KD,Income,44572.681545993066
ESP,2006,FP.CPI.TOTL.ZG,Inflation,3.515575768321227
ESP,2006,IT.NET.USER.ZS,Internet,50.37
ESP,2006,SP.DYN.LE00.IN,Life,80.8219512195122
ESP,2006,SP.POP.TOTL,Population,44397319.0
ESP,2006,NE.TRD.GNFS.ZS,Trade,56.08392638232157
ESP,2007,EG.ELC.ACCS.ZS,Electricity,100.0
ESP,2007,NY.GDP.MKTP.KD,GDP,1236446314615.4277
ESP,2007,NY.GDP.MKTP.KD.ZG,Growth,3.5335001316597214
ESP,2007,NY.GDP.PCAP.PP.KD,Income,45301.284341637445
ESP,2007,FP.CPI.TOTL.ZG,Inflation,2.786797458049502
ESP,2007,IT.NET.USER.ZS,Internet,55.11
ESP,2007,SP.DYN.LE00.IN,Life,80.87317073170732
ESP,2007,SP.POP.TOTL,Population,45226803.0
ESP,2007,NE.TRD.GNFS.ZS,Trade,57.626948765754626
ESP,2008,EG.ELC.ACCS.ZS,Electricity,100.0
ESP,2008,NY.GDP.MKTP.KD,GDP,1245931907237.16
ESP,2008,NY.GDP.MKTP.KD.ZG,Growth,0.7671657482906937
ESP,2008,NY.GDP.PCAP.PP.KD,Income,44926.34895181203
ESP,2008,FP.CPI.TOTL.ZG,Inflation,4.075343359573405
ESP,2008,IT.NET.USER.ZS,Internet,59.6
ESP,2008,SP.DYN.LE00.IN,Life,81.17560975609757
ESP,2008,SP.POP.TOTL,Population,45954106.0
ESP,2008,NE.TRD.GNFS.ZS,Trade,55.82813151725229
ESP,2009,EG.ELC.ACCS.ZS,Electricity,100.0
ESP,2009,NY.GDP.MKTP.KD,GDP,1198983535018.3438
ESP,2009,NY.GDP.MKTP.KD.ZG,Growth,-3.768133069400534
ESP,2009,NY.GDP.PCAP.PP.KD,Income,42852.22088845399
ESP,2009,FP.CPI.TOTL.ZG,Inflation,-0.2878130835352406
ESP,2009,IT.NET.USER.ZS,Internet,62.4
ESP,2009,SP.DYN.LE00.IN,Life,81.47560975609755
ESP,2009,SP.POP.TOTL,Population,46362946.0
ESP,2009,NE.TRD.GNFS.ZS,Trade,46.836689997110874
ESP,2010,EG.ELC.ACCS.ZS,Electricity,100.0
ESP,2010,NY.GDP.MKTP.KD,GDP,1200112046037.6494
ESP,2010,NY.GDP.MKTP.KD.ZG,Growth,0.0941223116369514
ESP,2010,NY.GDP.PCAP.PP.KD,Income,42695.52741899325
ESP,2010,FP.CPI.TOTL.ZG,Inflation,1.799864577287689
ESP,2010,IT.NET.USER.ZS,Internet,65.8
ESP,2010,SP.DYN.LE00.IN,Life,81.6268292682927
ESP,2010,SP.POP.TOTL,Population,46576897.0
ESP,2010,NE.TRD.GNFS.ZS,Trade,52.69336997340191
ESP,2011,EG.ELC.ACCS.ZS,Electricity,100.0
ESP,2011,NY.GDP.MKTP.KD,GDP,1192432281393.688
ESP,2011,NY.GDP.MKTP.KD.ZG,Growth,-0.639920636520344
ESP,2011,NY.GDP.PCAP.PP.KD,Income,42271.83467882382
ESP,2011,FP.CPI.TOTL.ZG,Inflation,3.196101888337921
ESP,2011,IT.NET.USER.ZS,Internet,67.0899993926581
ESP,2011,SP.DYN.LE00.IN,Life,82.47560975609757
ESP,2011,SP.POP.TOTL,Population,46742697.0
ESP,2011,NE.TRD.GNFS.ZS,Trade,58.51182288596319
ESP,2012,EG.ELC.ACCS.ZS,Electricity,100.0
ESP,2012,NY.GDP.MKTP.KD,GDP,1158267740898.694
ESP,2012,NY.GDP.MKTP.KD.ZG,Growth,-2.8651136863774838
ESP,2012,NY.GDP.PCAP.PP.KD,Income,41034.04815663563
ESP,2012,FP.CPI.TOTL.ZG,Inflation,2.446127823668086
ESP,2012,IT.NET.USER.ZS,Internet,69.8099999420024
ESP,2012,SP.DYN.LE00.IN,Life,82.4268292682927
ESP,2012,SP.POP.TOTL,Population,46773055.0
ESP,2012,NE.TRD.GNFS.ZS,Trade,60.554034696186356
ESP,2013,EG.ELC.ACCS.ZS,Electricity,100.0
ESP,2013,NY.GDP.MKTP.KD,GDP,1141735527746.3481
ESP,2013,NY.GDP.MKTP.KD.ZG,Growth,-1.4273222475762566
ESP,2013,NY.GDP.PCAP.PP.KD,Income,40594.91400876802
ESP,2013,FP.CPI.TOTL.ZG,Inflation,1.408581091830093
ESP,2013,IT.NET.USER.ZS,Internet,71.635
ESP,2013,SP.DYN.LE00.IN,Life,83.07804878048782
ESP,2013,SP.POP.TOTL,Population,46604197.0
ESP,2013,NE.TRD.GNFS.ZS,Trade,61.66877264413271
ESP,2014,EG.ELC.ACCS.ZS,Electricity,100.0
ESP,2014,NY.GDP.MKTP.KD,GDP,1159095455877.4395
ESP,2014,NY.GDP.MKTP.KD.ZG,Growth,1.520485936472312
ESP,2014,NY.GDP.PCAP.PP.KD,Income,41339.41111694166
ESP,2014,FP.CPI.TOTL.ZG,Inflation,-0.1511148375272347
ESP,2014,IT.NET.USER.ZS,Internet,76.1867089778712
ESP,2014,SP.DYN.LE00.IN,Life,83.22926829268293
ESP,2014,SP.POP.TOTL,Population,46460733.0
ESP,2014,NE.TRD.GNFS.ZS,Trade,63.39926213895003
ESP,2015,EG.ELC.ACCS.ZS,Electricity,100.0
ESP,2015,NY.GDP.MKTP.KD,GDP,1206164777553.1243
ESP,2015,NY.GDP.MKTP.KD.ZG,Growth,4.060866724738659
ESP,2015,NY.GDP.PCAP.PP.KD,Income,43053.76143031402
ESP,2015,FP.CPI.TOTL.ZG,Inflation,-0.5003657099032428
ESP,2015,IT.NET.USER.ZS,Internet,78.6896318703515
ESP,2015,SP.DYN.LE00.IN,Life,82.83170731707318
ESP,2015,SP.POP.TOTL,Population,46422303.0
ESP,2015,NE.TRD.GNFS.ZS,Trade,63.58204122482321
ESP,2016,EG.ELC.ACCS.ZS,Electricity,100.0
ESP,2016,NY.GDP.MKTP.KD,GDP,1241326362266.4795
ESP,2016,NY.GDP.MKTP.KD.ZG,Growth,2.915155985957867
ESP,2016,NY.GDP.PCAP.PP.KD,Income,44274.66761499219
ESP,2016,FP.CPI.TOTL.ZG,Inflation,-0.2025980004263583
ESP,2016,IT.NET.USER.ZS,Internet,80.5613329432179
ESP,2016,SP.DYN.LE00.IN,Life,83.32926829268293
ESP,2016,SP.POP.TOTL,Population,46458139.0
ESP,2016,NE.TRD.GNFS.ZS,Trade,63.188677850729356
ESP,2017,EG.ELC.ACCS.ZS,Electricity,100.0
ESP,2017,NY.GDP.MKTP.KD,GDP,1277275696051.0928
ESP,2017,NY.GDP.MKTP.KD.ZG,Growth,2.896042078650069
ESP,2017,NY.GDP.PCAP.PP.KD,Income,45446.25085756953
ESP,2017,FP.CPI.TOTL.ZG,Inflation,1.956076333639539
ESP,2017,IT.NET.USER.ZS,Internet,84.6022457016524
ESP,2017,SP.DYN.LE00.IN,Life,83.28292682926829
ESP,2017,SP.POP.TOTL,Population,46571232.0
ESP,2017,NE.TRD.GNFS.ZS,Trade,66.167446137857
ESP,2018,EG.ELC.ACCS.ZS,Electricity,100.0
ESP,2018,NY.GDP.MKTP.KD,GDP,1307871701701.2546
ESP,2018,NY.GDP.MKTP.KD.ZG,Growth,2.395411244788775
ESP,2018,NY.GDP.PCAP.PP.KD,Income,46325.20994411408
ESP,2018,FP.CPI.TOTL.ZG,Inflation,1.674981368637994
ESP,2018,IT.NET.USER.ZS,Internet,86.107235525659
ESP,2018,SP.DYN.LE00.IN,Life,83.43170731707319
ESP,2018,SP.POP.TOTL,Population,46782011.0
ESP,2018,NE.TRD.GNFS.ZS,Trade,67.00941039829213
ESP,2019,EG.ELC.ACCS.ZS,Electricity,100.0
ESP,2019,NY.GDP.MKTP.KD,GDP,1333521400432.6887
ESP,2019,NY.GDP.MKTP.KD.ZG,Growth,1.961178508417106
ESP,2019,NY.GDP.PCAP.PP.KD,Income,46896.41711414235
ESP,2019,FP.CPI.TOTL.ZG,Inflation,0.6995189944586482
ESP,2019,IT.NET.USER.ZS,Internet,90.718665325267
ESP,2019,SP.DYN.LE00.IN,Life,83.83170731707318
ESP,2019,SP.POP.TOTL,Population,47118501.0
ESP,2019,NE.TRD.GNFS.ZS,Trade,66.36622504406921
ESP,2020,EG.ELC.ACCS.ZS,Electricity,100.0
ESP,2020,NY.GDP.MKTP.KD,GDP,1187633217292.017
ESP,2020,NY.GDP.MKTP.KD.ZG,Growth,-10.94007063503706
ESP,2020,NY.GDP.PCAP.PP.KD,Income,41553.44779456746
ESP,2020,FP.CPI.TOTL.ZG,Inflation,-0.3227530172996493
ESP,2020,IT.NET.USER.ZS,Internet,93.20564892
ESP,2020,SP.DYN.LE00.IN,Life,82.23170731707317
ESP,2020,SP.POP.TOTL,Population,47359424.0
ESP,2020,NE.TRD.GNFS.ZS,Trade,59.446128014707575
ESP,2021,EG.ELC.ACCS.ZS,Electricity,100.0
ESP,2021,NY.GDP.MKTP.KD,GDP,1267004457826.9172
ESP,2021,NY.GDP.MKTP.KD.ZG,Growth,6.683144204730013
ESP,2021,NY.GDP.PCAP.PP.KD,Income,44251.66582226214
ESP,2021,FP.CPI.TOTL.ZG,Inflation,3.093135119764018
ESP,2021,IT.NET.USER.ZS,Internet,93.89752157
ESP,2021,SP.DYN.LE00.IN,Life,83.1780487804878
ESP,2021,SP.POP.TOTL,Population,47443821.0
ESP,2021,NE.TRD.GNFS.ZS,Trade,66.52458894319103
ESP,2022,EG.ELC.ACCS.ZS,Electricity,100.0
ESP,2022,NY.GDP.MKTP.KD,GDP,1347716659731.449
ESP,2022,NY.GDP.MKTP.KD.ZG,Growth,6.3703171212960115
ESP,2022,NY.GDP.PCAP.PP.KD,Income,46733.48097805359
ESP,2022,FP.CPI.TOTL.ZG,Inflation,8.390576341186367
ESP,2022,IT.NET.USER.ZS,Internet,94.4855432
ESP,2022,SP.DYN.LE00.IN,Life,83.13414634146342
ESP,2022,SP.POP.TOTL,Population,47786102.0
ESP,2022,NE.TRD.GNFS.ZS,Trade,78.4657338703054
ESP,2023,EG.ELC.ACCS.ZS,Electricity,100.0
ESP,2023,NY.GDP.MKTP.KD,GDP,1380882052539.266
ESP,2023,NY.GDP.MKTP.KD.ZG,Growth,2.4608579680558194
ESP,2023,NY.GDP.PCAP.PP.KD,Income,47322.59370045036
ESP,2023,FP.CPI.TOTL.ZG,Inflation,3.532361334924332
ESP,2023,IT.NET.USER.ZS,Internet,95.44564516
ESP,2023,SP.DYN.LE00.IN,Life,83.93414634146342
ESP,2023,SP.POP.TOTL,Population,48352528.0
ESP,2023,NE.TRD.GNFS.ZS,Trade,71.79763660557326
ESP,2024,EG.ELC.ACCS.ZS,Electricity,100.0
ESP,2024,NY.GDP.MKTP.KD,GDP,1428595035672.3743
ESP,2024,NY.GDP.MKTP.KD.ZG,Growth,3.4552540563019107
ESP,2024,NY.GDP.PCAP.PP.KD,Income,48460.29140696611
ESP,2024,FP.CPI.TOTL.ZG,Inflation,2.747147886618002
ESP,2024,IT.NET.USER.ZS,Internet,95.7574516
ESP,2024,SP.DYN.LE00.IN,Life,83.8878048780488
ESP,2024,SP.POP.TOTL,Population,48848840.0
ESP,2024,NE.TRD.GNFS.ZS,Trade,69.9502612382631
FRA,2000,EG.ELC.ACCS.ZS,Electricity,100.0
FRA,2000,NY.GDP.MKTP.KD,GDP,2025858476151.3687
FRA,2000,NY.GDP.MKTP.KD.ZG,Growth,4.140999964029149
FRA,2000,NY.GDP.PCAP.PP.KD,Income,45922.4789363701
FRA,2000,FP.CPI.TOTL.ZG,Inflation,1.675959887209284
FRA,2000,IT.NET.USER.ZS,Internet,14.3079239430677
FRA,2000,SP.DYN.LE00.IN,Life,79.05609756097562
FRA,2000,SP.POP.TOTL,Population,60918661.0
FRA,2000,NE.TRD.GNFS.ZS,Trade,57.786047031819706
FRA,2001,EG.ELC.ACCS.ZS,Electricity,100.0
FRA,2001,NY.GDP.MKTP.KD,GDP,2064338989612.9624
FRA,2001,NY.GDP.MKTP.KD.ZG,Growth,1.8994670118663635
FRA,2001,NY.GDP.PCAP.PP.KD,Income,46454.870692736455
FRA,2001,FP.CPI.TOTL.ZG,Inflation,1.63478079549599
FRA,2001,IT.NET.USER.ZS,Internet,26.3259035521688
FRA,2001,SP.DYN.LE00.IN,Life,79.15853658536587
FRA,2001,SP.POP.TOTL,Population,61364377.0
FRA,2001,NE.TRD.GNFS.ZS,Trade,56.89323285607223
FRA,2002,EG.ELC.ACCS.ZS,Electricity,100.0
FRA,2002,NY.GDP.MKTP.KD,GDP,2086380974762.6006
FRA,2002,NY.GDP.MKTP.KD.ZG,Growth,1.0677502706941908
FRA,2002,NY.GDP.PCAP.PP.KD,Income,46610.78207172138
FRA,2002,FP.CPI.TOTL.ZG,Inflation,1.923412287270638
FRA,2002,IT.NET.USER.ZS,Internet,30.18
FRA,2002,SP.DYN.LE00.IN,Life,79.26097560975612
FRA,2002,SP.POP.TOTL,Population,61812142.0
FRA,2002,NE.TRD.GNFS.ZS,Trade,55.13252485031017
FRA,2003,EG.ELC.ACCS.ZS,Electricity,100.0
FRA,2003,NY.GDP.MKTP.KD,GDP,2106573536968.0789
FRA,2003,NY.GDP.MKTP.KD.ZG,Growth,0.9678271825583522
FRA,2003,NY.GDP.PCAP.PP.KD,Income,46730.975806378956
FRA,2003,FP.CPI.TOTL.ZG,Inflation,2.098472191469195
FRA,2003,IT.NET.USER.ZS,Internet,36.14
FRA,2003,SP.DYN.LE00.IN,Life,79.11463414634147
FRA,2003,SP.POP.TOTL,Population,62249855.0
FRA,2003,NE.TRD.GNFS.ZS,Trade,52.59888228706573
FRA,2004,EG.ELC.ACCS.ZS,Electricity,100.0
FRA,2004,NY.GDP.MKTP.KD,GDP,2166995343501.8943
FRA,2004,NY.GDP.MKTP.KD.ZG,Growth,2.8682505250103247
FRA,2004,NY.GDP.PCAP.PP.KD,Income,47720.44133511029
FRA,2004,FP.CPI.TOTL.ZG,Inflation,2.142089646402386
FRA,2004,IT.NET.USER.ZS,Internet,39.15
FRA,2004,SP.DYN.LE00.IN,Life,80.16341463414635
FRA,2004,SP.POP.TOTL,Population,62707588.0
FRA,2004,NE.TRD.GNFS.ZS,Trade,53.749764829202775
FRA,2005,EG.ELC.ACCS.ZS,Electricity,100.0
FRA,2005,NY.GDP.MKTP.KD,GDP,2207920477337.3438
FRA,2005,NY.GDP.MKTP.KD.ZG,Growth,1.8885658410928556
FRA,2005,NY.GDP.PCAP.PP.KD,Income,48257.465093797124
FRA,2005,FP.CPI.TOTL.ZG,Inflation,1.74586936380487
FRA,2005,IT.NET.USER.ZS,Internet,42.87
FRA,2005,SP.DYN.LE00.IN,Life,80.16341463414635
FRA,2005,SP.POP.TOTL,Population,63180854.0
FRA,2005,NE.TRD.GNFS.ZS,Trade,55.82283612412989
FRA,2006,EG.ELC.ACCS.ZS,Electricity,100.0
FRA,2006,NY.GDP.MKTP.KD,GDP,2267844862926.1533
FRA,2006,NY.GDP.MKTP.KD.ZG,Growth,2.7140644875523634
FRA,2006,NY.GDP.PCAP.PP.KD,Income,49223.24719700797
FRA,2006,FP.CPI.TOTL.ZG,Inflation,1.675124496087263
FRA,2006,IT.NET.USER.ZS,Internet,46.87
FRA,2006,SP.DYN.LE00.IN,Life,80.81219512195123
FRA,2006,SP.POP.TOTL,Population,63622342.0
FRA,2006,NE.TRD.GNFS.ZS,Trade,57.86927752926727
FRA,2007,EG.ELC.ACCS.ZS,Electricity,100.0
FRA,2007,NY.GDP.MKTP.KD,GDP,2325232266328.627
FRA,2007,NY.GDP.MKTP.KD.ZG,Growth,2.53048188351066
FRA,2007,NY.GDP.PCAP.PP.KD,Income,50157.783747763395
FRA,2007,FP.CPI.TOTL.ZG,Inflation,1.487998059538595
FRA,2007,IT.NET.USER.ZS,Internet,66.09
FRA,2007,SP.DYN.LE00.IN,Life,81.11219512195123
FRA,2007,SP.POP.TOTL,Population,64016890.0
FRA,2007,NE.TRD.GNFS.ZS,Trade,58.15256113096589
FRA,2008,EG.ELC.ACCS.ZS,Electricity,100.0
FRA,2008,NY.GDP.MKTP.KD,GDP,2334072135222.3555
FRA,2008,NY.GDP.MKTP.KD.ZG,Growth,0.38017143584912105
FRA,2008,NY.GDP.PCAP.PP.KD,Income,50068.29691413794
FRA,2008,FP.CPI.TOTL.ZG,Inflation,2.812861949147852
FRA,2008,IT.NET.USER.ZS,Internet,70.68
FRA,2008,SP.DYN.LE00.IN,Life,81.21463414634148
FRA,2008,SP.POP.TOTL,Population,64375116.0
FRA,2008,NE.TRD.GNFS.ZS,Trade,59.1797928411748
FRA,2009,EG.ELC.ACCS.ZS,Electricity,100.0
FRA,2009,NY.GDP.MKTP.KD,GDP,2268145064848.7935
FRA,2009,NY.GDP.MKTP.KD.ZG,Growth,-2.8245515371478263
FRA,2009,NY.GDP.PCAP.PP.KD,Income,48404.96578263635
FRA,2009,FP.CPI.TOTL.ZG,Inflation,0.08762047815746532
FRA,2009,IT.NET.USER.ZS,Internet,71.58
FRA,2009,SP.DYN.LE00.IN,Life,81.41463414634147
FRA,2009,SP.POP.TOTL,Population,64706436.0
FRA,2009,NE.TRD.GNFS.ZS,Trade,52.19911230276135
FRA,2010,EG.ELC.ACCS.ZS,Electricity,100.0
FRA,2010,NY.GDP.MKTP.KD,GDP,2313515332182.5396
FRA,2010,NY.GDP.MKTP.KD.ZG,Growth,2.0003247603905123
FRA,2010,NY.GDP.PCAP.PP.KD,Income,49130.42294234402
FRA,2010,FP.CPI.TOTL.ZG,Inflation,1.531122704209187
FRA,2010,IT.NET.USER.ZS,Internet,77.28
FRA,2010,SP.DYN.LE00.IN,Life,81.66341463414635
FRA,2010,SP.POP.TOTL,Population,65026211.0
FRA,2010,NE.TRD.GNFS.ZS,Trade,56.58755524779604
FRA,2011,EG.ELC.ACCS.ZS,Electricity,100.0
FRA,2011,NY.GDP.MKTP.KD,GDP,2369909039106.4297
FRA,2011,NY.GDP.MKTP.KD.ZG,Growth,2.43757653729007
FRA,2011,NY.GDP.PCAP.PP.KD,Income,50085.68297791092
FRA,2011,FP.CPI.TOTL.ZG,Inflation,2.11159795175
FRA,2011,IT.NET.USER.ZS,Internet,77.8199989926706
FRA,2011,SP.DYN.LE00.IN,Life,82.11463414634147
FRA,2011,SP.POP.TOTL,Population,65340830.0
FRA,2011,NE.TRD.GNFS.ZS,Trade,60.60563548164058
FRA,2012,EG.ELC.ACCS.ZS,Electricity,100.0
FRA,2012,NY.GDP.MKTP.KD,GDP,2374265767668.0903
FRA,2012,NY.GDP.MKTP.KD.ZG,Growth,0.1838352649730126
FRA,2012,NY.GDP.PCAP.PP.KD,Income,49935.626908161736
FRA,2012,FP.CPI.TOTL.ZG,Inflation,1.954195316135097
FRA,2012,IT.NET.USER.ZS,Internet,81.44
FRA,2012,SP.DYN.LE00.IN,Life,81.96829268292684
FRA,2012,SP.POP.TOTL,Population,65657659.0
FRA,2012,NE.TRD.GNFS.ZS,Trade,61.65895707711015
FRA,2013,EG.ELC.ACCS.ZS,Electricity,100.0
FRA,2013,NY.GDP.MKTP.KD,GDP,2392826743357.4917
FRA,2013,NY.GDP.MKTP.KD.ZG,Growth,0.7817564462310003
FRA,2013,NY.GDP.PCAP.PP.KD,Income,50066.53043247829
FRA,2013,FP.CPI.TOTL.ZG,Inflation,0.8637154978618041
FRA,2013,IT.NET.USER.ZS,Internet,81.9198
FRA,2013,SP.DYN.LE00.IN,Life,82.21951219512196
FRA,2013,SP.POP.TOTL,Population,65997932.0
FRA,2013,NE.TRD.GNFS.ZS,Trade,61.81923387339621
FRA,2014,EG.ELC.ACCS.ZS,Electricity,100.0
FRA,2014,NY.GDP.MKTP.KD,GDP,2416703156974.405
FRA,2014,NY.GDP.MKTP.KD.ZG,Growth,0.997832947295251
FRA,2014,NY.GDP.PCAP.PP.KD,Income,50326.56786308905
FRA,2014,FP.CPI.TOTL.ZG,Inflation,0.5077588229379897
FRA,2014,IT.NET.USER.ZS,Internet,83.7510996681821
FRA,2014,SP.DYN.LE00.IN,Life,82.71951219512195
FRA,2014,SP.POP.TOTL,Population,66312067.0
FRA,2014,NE.TRD.GNFS.ZS,Trade,62.19926693795067
FRA,2015,EG.ELC.ACCS.ZS,Electricity,100.0
FRA,2015,NY.GDP.MKTP.KD,GDP,2442483452642.4985
FRA,2015,NY.GDP.MKTP.KD.ZG,Growth,1.0667547478346222
FRA,2015,NY.GDP.PCAP.PP.KD,Income,50682.8953586333
FRA,2015,FP.CPI.TOTL.ZG,Inflation,0.03751438051251817
FRA,2015,IT.NET.USER.ZS,Internet,78.0060377071902
FRA,2015,SP.DYN.LE00.IN,Life,82.3219512195122
FRA,2015,SP.POP.TOTL,Population,66548272.0
FRA,2015,NE.TRD.GNFS.ZS,Trade,63.504687195648444
FRA,2016,EG.ELC.ACCS.ZS,Electricity,100.0
FRA,2016,NY.GDP.MKTP.KD,GDP,2463489569347.314
FRA,2016,NY.GDP.MKTP.KD.ZG,Growth,0.8600310754240326
FRA,2016,NY.GDP.PCAP.PP.KD,Income,50984.075297831965
FRA,2016,FP.CPI.TOTL.ZG,Inflation,0.1833348611237648
FRA,2016,IT.NET.USER.ZS,Internet,79.2698113207547
FRA,2016,SP.DYN.LE00.IN,Life,82.57317073170732
FRA,2016,SP.POP.TOTL,Population,66724104.0
FRA,2016,NE.TRD.GNFS.ZS,Trade,63.342756438335144
FRA,2017,EG.ELC.ACCS.ZS,Electricity,100.0
FRA,2017,NY.GDP.MKTP.KD,GDP,2514819204088.144
FRA,2017,NY.GDP.MKTP.KD.ZG,Growth,2.0836148599739914
FRA,2017,NY.GDP.PCAP.PP.KD,Income,51895.56629858378
FRA,2017,FP.CPI.TOTL.ZG,Inflation,1.03228275064681
FRA,2017,IT.NET.USER.ZS,Internet,80.5024597243607
FRA,2017,SP.DYN.LE00.IN,Life,82.57560975609756
FRA,2017,SP.POP.TOTL,Population,66918020.0
FRA,2017,NE.TRD.GNFS.ZS,Trade,65.39584815597112
FRA,2018,EG.ELC.ACCS.ZS,Electricity,100.0
FRA,2018,NY.GDP.MKTP.KD,GDP,2556210832760.024
FRA,2018,NY.GDP.MKTP.KD.ZG,Growth,1.6459087239588683
FRA,2018,NY.GDP.PCAP.PP.KD,Income,52560.95362438406
FRA,2018,FP.CPI.TOTL.ZG,Inflation,1.850815083154928
FRA,2018,IT.NET.USER.ZS,Internet,82.0431867788484
FRA,2018,SP.DYN.LE00.IN,Life,82.67560975609757
FRA,2018,SP.POP.TOTL,Population,67158348.0
FRA,2018,NE.TRD.GNFS.ZS,Trade,66.80226078122658
FRA,2019,EG.ELC.ACCS.ZS,Electricity,100.0
FRA,2019,NY.GDP.MKTP.KD,GDP,2608036638906.1196
FRA,2019,NY.GDP.MKTP.KD.ZG,Growth,2.0274464641923657
FRA,2019,NY.GDP.PCAP.PP.KD,Income,53448.55488499433
FRA,2019,FP.CPI.TOTL.ZG,Inflation,1.108254922882936
FRA,2019,IT.NET.USER.ZS,Internet,83.3397440866883
FRA,2019,SP.DYN.LE00.IN,Life,82.8268292682927
FRA,2019,SP.POP.TOTL,Population,67382061.0
FRA,2019,NE.TRD.GNFS.ZS,Trade,66.42896072817493
FRA,2020,EG.ELC.ACCS.ZS,Electricity,100.0
FRA,2020,NY.GDP.MKTP.KD,GDP,2413981867676.3555
FRA,2020,NY.GDP.MKTP.KD.ZG,Growth,-7.4406458994823055
FRA,2020,NY.GDP.PCAP.PP.KD,Income,49311.33340963903
FRA,2020,FP.CPI.TOTL.ZG,Inflation,0.4764988527250654
FRA,2020,IT.NET.USER.ZS,Internet,84.70639801
FRA,2020,SP.DYN.LE00.IN,Life,82.17560975609757
FRA,2020,SP.POP.TOTL,Population,67601110.0
FRA,2020,NE.TRD.GNFS.ZS,Trade,58.83889072406472
FRA,2021,EG.ELC.ACCS.ZS,Electricity,100.0
FRA,2021,NY.GDP.MKTP.KD,GDP,2580120255051.747
FRA,2021,NY.GDP.MKTP.KD.ZG,Growth,6.882337833602392
FRA,2021,NY.GDP.PCAP.PP.KD,Income,52517.335490585516
FRA,2021,FP.CPI.TOTL.ZG,Inflation,1.642331410383937
FRA,2021,IT.NET.USER.ZS,Internet,86.09548575
FRA,2021,SP.DYN.LE00.IN,Life,82.32439024390244
FRA,2021,SP.POP.TOTL,Population,67842811.0
FRA,2021,NE.TRD.GNFS.ZS,Trade,63.788482630871954
FRA,2022,EG.ELC.ACCS.ZS,Electricity,100.0
FRA,2022,NY.GDP.MKTP.KD,GDP,2650215998256.0337
FRA,2022,NY.GDP.MKTP.KD.ZG,Growth,2.716762641859134
FRA,2022,NY.GDP.PCAP.PP.KD,Income,53673.81374064215
FRA,2022,FP.CPI.TOTL.ZG,Inflation,5.222367483697253
FRA,2022,IT.NET.USER.ZS,Internet,85.33331734
FRA,2022,SP.DYN.LE00.IN,Life,82.12926829268294
FRA,2022,SP.POP.TOTL,Population,68184457.0
FRA,2022,NE.TRD.GNFS.ZS,Trade,75.96300779819963
FRA,2023,EG.ELC.ACCS.ZS,Electricity,100.0
FRA,2023,NY.GDP.MKTP.KD,GDP,2688358302961.216
FRA,2023,NY.GDP.MKTP.KD.ZG,Growth,1.4392149443774258
FRA,2023,NY.GDP.PCAP.PP.KD,Income,54296.723089773055
FRA,2023,FP.CPI.TOTL.ZG,Inflation,4.878357265084403
FRA,2023,IT.NET.USER.ZS,Internet,86.83635789
FRA,2023,SP.DYN.LE00.IN,Life,82.83170731707318
FRA,2023,SP.POP.TOTL,Population,68372286.0
FRA,2023,NE.TRD.GNFS.ZS,Trade,70.62614506102246
FRA,2024,EG.ELC.ACCS.ZS,Electricity,100.0
FRA,2024,NY.GDP.MKTP.KD,GDP,2720362347819.808
FRA,2024,NY.GDP.MKTP.KD.ZG,Growth,1.1904679827588325
FRA,2024,NY.GDP.PCAP.PP.KD,Income,54799.348268938855
FRA,2024,FP.CPI.TOTL.ZG,Inflation,1.999049422914628
FRA,2024,IT.NET.USER.ZS,Internet,88.65381638
FRA,2024,SP.DYN.LE00.IN,Life,82.98048780487807
FRA,2024,SP.POP.TOTL,Population,68551653.0
FRA,2024,NE.TRD.GNFS.ZS,Trade,68.10818754437437
GBR,2000,EG.ELC.ACCS.ZS,Electricity,100.0
GBR,2000,NY.GDP.MKTP.KD,GDP,2314307169243.878
GBR,2000,NY.GDP.MKTP.KD.ZG,Growth,4.524380748109039
GBR,2000,NY.GDP.PCAP.PP.KD,Income,43818.346307944346
GBR,2000,FP.CPI.TOTL.ZG,Inflation,1.182956242104084
GBR,2000,IT.NET.USER.ZS,Internet,26.8217543508578
GBR,2000,SP.DYN.LE00.IN,Life,77.74146341463415
GBR,2000,SP.POP.TOTL,Population,58892514.0
GBR,2000,NE.TRD.GNFS.ZS,Trade,52.33802123359032
GBR,2001,EG.ELC.ACCS.ZS,Electricity,100.0
GBR,2001,NY.GDP.MKTP.KD,GDP,2369642769659.079
GBR,2001,NY.GDP.MKTP.KD.ZG,Growth,2.3910222960282397
GBR,2001,NY.GDP.PCAP.PP.KD,Income,44693.66126217552
GBR,2001,FP.CPI.TOTL.ZG,Inflation,1.532349602724177
GBR,2001,IT.NET.USER.ZS,Internet,33.4810948744147
GBR,2001,SP.DYN.LE00.IN,Life,77.99268292682927
GBR,2001,SP.POP.TOTL,Population,59119673.0
GBR,2001,NE.TRD.GNFS.ZS,Trade,52.63423673364379
GBR,2002,EG.ELC.ACCS.ZS,Electricity,100.0
GBR,2002,NY.GDP.MKTP.KD,GDP,2410140612988.0854
GBR,2002,NY.GDP.MKTP.KD.ZG,Growth,1.7090273625856724
GBR,2002,NY.GDP.PCAP.PP.KD,Income,45265.456516994396
GBR,2002,FP.CPI.TOTL.ZG,Inflation,1.52040245947455
GBR,2002,IT.NET.USER.ZS,Internet,56.48
GBR,2002,SP.DYN.LE00.IN,Life,78.14390243902439
GBR,2002,SP.POP.TOTL,Population,59370479.0
GBR,2002,NE.TRD.GNFS.ZS,Trade,51.2361820991323
GBR,2003,EG.ELC.ACCS.ZS,Electricity,100.0
GBR,2003,NY.GDP.MKTP.KD,GDP,2487711377293.1597
GBR,2003,NY.GDP.MKTP.KD.ZG,Growth,3.2185161266961444
GBR,2003,NY.GDP.PCAP.PP.KD,Income,46505.2798806788
GBR,2003,FP.CPI.TOTL.ZG,Inflation,1.37650038542013
GBR,2003,IT.NET.USER.ZS,Internet,64.82
GBR,2003,SP.DYN.LE00.IN,Life,78.44634146341464
GBR,2003,SP.POP.TOTL,Population,59647577.0
GBR,2003,NE.TRD.GNFS.ZS,Trade,50.06811870397036
GBR,2004,EG.ELC.ACCS.ZS,Electricity,100.0
GBR,2004,NY.GDP.MKTP.KD,GDP,2545576004983.0146
GBR,2004,NY.GDP.MKTP.KD.ZG,Growth,2.3260185332599264
GBR,2004,NY.GDP.PCAP.PP.KD,Income,47317.027070979006
GBR,2004,FP.CPI.TOTL.ZG,Inflation,1.390397566804219
GBR,2004,IT.NET.USER.ZS,Internet,65.61
GBR,2004,SP.DYN.LE00.IN,Life,78.74634146341464
GBR,2004,SP.POP.TOTL,Population,59987905.0
GBR,2004,NE.TRD.GNFS.ZS,Trade,50.28855217561333
GBR,2005,EG.ELC.ACCS.ZS,Electricity,100.0
GBR,2005,NY.GDP.MKTP.KD,GDP,2616614241852.827
GBR,2005,NY.GDP.MKTP.KD.ZG,Growth,2.7906547174687972
GBR,2005,NY.GDP.PCAP.PP.KD,Income,48304.67532059319
GBR,2005,FP.CPI.TOTL.ZG,Inflation,2.089136490250696
GBR,2005,IT.NET.USER.ZS,Internet,70.0
GBR,2005,SP.DYN.LE00.IN,Life,79.04878048780489
GBR,2005,SP.POP.TOTL,Population,60401206.0
GBR,2005,NE.TRD.GNFS.ZS,Trade,52.54427403832107
GBR,2006,EG.ELC.ACCS.ZS,Electricity,100.0
GBR,2006,NY.GDP.MKTP.KD,GDP,2673913418491.8506
GBR,2006,NY.GDP.MKTP.KD.ZG,Growth,2.1898213241570375
GBR,2006,NY.GDP.PCAP.PP.KD,Income,49000.95353822407
GBR,2006,FP.CPI.TOTL.ZG,Inflation,2.455661664392905
GBR,2006,IT.NET.USER.ZS,Internet,68.82
GBR,2006,SP.DYN.LE00.IN,Life,79.2487804878049
GBR,2006,SP.POP.TOTL,Population,60846820.0
GBR,2006,NE.TRD.GNFS.ZS,Trade,56.70477917298117
GBR,2007,EG.ELC.ACCS.ZS,Electricity,100.0
GBR,2007,NY.GDP.MKTP.KD,GDP,2752283449984.534
GBR,2007,NY.GDP.MKTP.KD.ZG,Growth,2.9309113358235095
GBR,2007,NY.GDP.PCAP.PP.KD,Income,50045.91630925193
GBR,2007,FP.CPI.TOTL.ZG,Inflation,2.386561507733271
GBR,2007,IT.NET.USER.ZS,Internet,75.09
GBR,2007,SP.DYN.LE00.IN,Life,79.44878048780488
GBR,2007,SP.POP.TOTL,Population,61322463.0
GBR,2007,NE.TRD.GNFS.ZS,Trade,52.74935249647329
GBR,2008,EG.ELC.ACCS.ZS,Electricity,100.0
GBR,2008,NY.GDP.MKTP.KD,GDP,2750923500693.3433
GBR,2008,NY.GDP.MKTP.KD.ZG,Growth,-0.04941167274027691
GBR,2008,NY.GDP.PCAP.PP.KD,Income,49629.04986973492
GBR,2008,FP.CPI.TOTL.ZG,Inflation,3.521408563425387
GBR,2008,IT.NET.USER.ZS,Internet,78.39
GBR,2008,SP.DYN.LE00.IN,Life,79.60000000000001
GBR,2008,SP.POP.TOTL,Population,61806995.0
GBR,2008,NE.TRD.GNFS.ZS,Trade,56.436550105260395
GBR,2009,EG.ELC.ACCS.ZS,Electricity,100.0
GBR,2009,NY.GDP.MKTP.KD,GDP,2624727410659.6426
GBR,2009,NY.GDP.MKTP.KD.ZG,Growth,-4.587408192263226
GBR,2009,NY.GDP.PCAP.PP.KD,Income,46995.54499619451
GBR,2009,FP.CPI.TOTL.ZG,Inflation,1.961731735601091
GBR,2009,IT.NET.USER.ZS,Internet,83.56
GBR,2009,SP.DYN.LE00.IN,Life,80.05121951219512
GBR,2009,SP.POP.TOTL,Population,62276270.0
GBR,2009,NE.TRD.GNFS.ZS,Trade,54.653730108599106
GBR,2010,EG.ELC.ACCS.ZS,Electricity,100.0
GBR,2010,NY.GDP.MKTP.KD,GDP,2684060544650.545
GBR,2010,NY.GDP.MKTP.KD.ZG,Growth,2.2605446093158577
GBR,2010,NY.GDP.PCAP.PP.KD,Income,47682.65251504426
GBR,2010,FP.CPI.TOTL.ZG,Inflation,2.492654724670655
GBR,2010,IT.NET.USER.ZS,Internet,85.0
GBR,2010,SP.DYN.LE00.IN,Life,80.40243902439025
GBR,2010,SP.POP.TOTL,Population,62766365.0
GBR,2010,NE.TRD.GNFS.ZS,Trade,59.051180222782094
GBR,2011,EG.ELC.ACCS.ZS,Electricity,100.0
GBR,2011,NY.GDP.MKTP.KD,GDP,2706913649065.854
GBR,2011,NY.GDP.MKTP.KD.ZG,Growth,0.8514377390203265
GBR,2011,NY.GDP.PCAP.PP.KD,Income,47714.28942628269
GBR,2011,FP.CPI.TOTL.ZG,Inflation,3.8561124468282
GBR,2011,IT.NET.USER.ZS,Internet,85.3799985496322
GBR,2011,SP.DYN.LE00.IN,Life,80.95121951219512
GBR,2011,SP.POP.TOTL,Population,63258810.0
GBR,2011,NE.TRD.GNFS.ZS,Trade,63.32406157089005
GBR,2012,EG.ELC.ACCS.ZS,Electricity,100.0
GBR,2012,NY.GDP.MKTP.KD,GDP,2748282336997.973
GBR,2012,NY.GDP.MKTP.KD.ZG,Growth,1.52826034721852
GBR,2012,NY.GDP.PCAP.PP.KD,Income,48099.65944019423
GBR,2012,FP.CPI.TOTL.ZG,Inflation,2.573234796545302
GBR,2012,IT.NET.USER.ZS,Internet,87.4799984242111
GBR,2012,SP.DYN.LE00.IN,Life,80.90487804878049
GBR,2012,SP.POP.TOTL,Population,63711000.0
GBR,2012,NE.TRD.GNFS.ZS,Trade,61.96887044725354
GBR,2013,EG.ELC.ACCS.ZS,Electricity,100.0
GBR,2013,NY.GDP.MKTP.KD,GDP,2795510733841.0557
GBR,2013,NY.GDP.MKTP.KD.ZG,Growth,1.7184696130846362
GBR,2013,NY.GDP.PCAP.PP.KD,Income,48600.51008072658
GBR,2013,FP.CPI.TOTL.ZG,Inflation,2.291666666666594
GBR,2013,IT.NET.USER.ZS,Internet,89.8441
GBR,2013,SP.DYN.LE00.IN,Life,81.0048780487805
GBR,2013,SP.POP.TOTL,Population,64138000.0
GBR,2013,NE.TRD.GNFS.ZS,Trade,61.71953951545829
GBR,2014,EG.ELC.ACCS.ZS,Electricity,100.0
GBR,2014,NY.GDP.MKTP.KD,GDP,2883853723651.9795
GBR,2014,NY.GDP.MKTP.KD.ZG,Growth,3.1601735146815173
GBR,2014,NY.GDP.PCAP.PP.KD,Income,49763.17387987999
GBR,2014,FP.CPI.TOTL.ZG,Inflation,1.451120162932792
GBR,2014,IT.NET.USER.ZS,Internet,91.6133009176453
GBR,2014,SP.DYN.LE00.IN,Life,81.3048780487805
GBR,2014,SP.POP.TOTL,Population,64619000.0
GBR,2014,NE.TRD.GNFS.ZS,Trade,58.82102283332959
GBR,2015,EG.ELC.ACCS.ZS,Electricity,100.0
GBR,2015,NY.GDP.MKTP.KD,GDP,2945579890258.4585
GBR,2015,NY.GDP.MKTP.KD.ZG,Growth,2.1404056003337075
GBR,2015,NY.GDP.PCAP.PP.KD,Income,50462.832999247694
GBR,2015,FP.CPI.TOTL.ZG,Inflation,0.3680468423253604
GBR,2015,IT.NET.USER.ZS,Internet,92.0002998740234
GBR,2015,SP.DYN.LE00.IN,Life,80.95609756097562
GBR,2015,SP.POP.TOTL,Population,65087000.0
GBR,2015,NE.TRD.GNFS.ZS,Trade,57.12504460543896
GBR,2016,EG.ELC.ACCS.ZS,Electricity,100.0
GBR,2016,NY.GDP.MKTP.KD,GDP,3010574705731.299
GBR,2016,NY.GDP.MKTP.KD.ZG,Growth,2.2065202063535736
GBR,2016,NY.GDP.PCAP.PP.KD,Income,51168.29257968135
GBR,2016,FP.CPI.TOTL.ZG,Inflation,1.008417368114095
GBR,2016,IT.NET.USER.ZS,Internet,94.7758006318882
GBR,2016,SP.DYN.LE00.IN,Life,81.15609756097562
GBR,2016,SP.POP.TOTL,Population,65606000.0
GBR,2016,NE.TRD.GNFS.ZS,Trade,59.83953151382588
GBR,2017,EG.ELC.ACCS.ZS,Electricity,100.0
GBR,2017,NY.GDP.MKTP.KD,GDP,3101591068534.485
GBR,2017,NY.GDP.MKTP.KD.ZG,Growth,3.0232221984033885
GBR,2017,NY.GDP.PCAP.PP.KD,Income,52429.127553898805
GBR,2017,FP.CPI.TOTL.ZG,Inflation,2.557755775577473
GBR,2017,IT.NET.USER.ZS,Internet,90.4245504868553
GBR,2017,SP.DYN.LE00.IN,Life,81.2560975609756
GBR,2017,SP.POP.TOTL,Population,65964000.0
GBR,2017,NE.TRD.GNFS.ZS,Trade,63.18992457641585
GBR,2018,EG.ELC.ACCS.ZS,Electricity,100.0
GBR,2018,NY.GDP.MKTP.KD,GDP,3149707010747.532
GBR,2018,NY.GDP.MKTP.KD.ZG,Growth,1.5513309507878574
GBR,2018,NY.GDP.PCAP.PP.KD,Income,52983.03954119698
GBR,2018,FP.CPI.TOTL.ZG,Inflation,2.292839903459376
GBR,2018,IT.NET.USER.ZS,Internet,90.692008988783
GBR,2018,SP.DYN.LE00.IN,Life,81.2560975609756
GBR,2018,SP.POP.TOTL,Population,66287000.0
GBR,2018,NE.TRD.GNFS.ZS,Trade,64.90977219592008
GBR,2019,EG.ELC.ACCS.ZS,Electricity,100.0
GBR,2019,NY.GDP.MKTP.KD,GDP,3189276748351.15
GBR,2019,NY.GDP.MKTP.KD.ZG,Growth,1.2562989976082406
GBR,2019,NY.GDP.PCAP.PP.KD,Income,53374.09276284817
GBR,2019,FP.CPI.TOTL.ZG,Inflation,1.738104600865128
GBR,2019,IT.NET.USER.ZS,Internet,92.5166285497138
GBR,2019,SP.DYN.LE00.IN,Life,81.36912195121953
GBR,2019,SP.POP.TOTL,Population,66628000.0
GBR,2019,NE.TRD.GNFS.ZS,Trade,65.00356641770541
GBR,2020,EG.ELC.ACCS.ZS,Electricity,100.0
GBR,2020,NY.GDP.MKTP.KD,GDP,2868821517197.408
GBR,2020,NY.GDP.MKTP.KD.ZG,Growth,-10.047896637361958
GBR,2020,NY.GDP.PCAP.PP.KD,Income,47930.5490378931
GBR,2020,FP.CPI.TOTL.ZG,Inflation,0.9894867037724913
GBR,2020,IT.NET.USER.ZS,Internet,94.81820132
GBR,2020,SP.DYN.LE00.IN,Life,80.33175609756098
GBR,2020,SP.POP.TOTL,Population,66740000.0
GBR,2020,NE.TRD.GNFS.ZS,Trade,59.15988930306111
GBR,2021,EG.ELC.ACCS.ZS,Electricity,100.0
GBR,2021,NY.GDP.MKTP.KD,GDP,3113908148054.3467
GBR,2021,NY.GDP.MKTP.KD.ZG,Growth,8.543111845325498
GBR,2021,NY.GDP.PCAP.PP.KD,Income,51840.44242455153
GBR,2021,FP.CPI.TOTL.ZG,Inflation,2.51837109614213
GBR,2021,IT.NET.USER.ZS,Internet,96.19650269
GBR,2021,SP.DYN.LE00.IN,Life,80.64731707317074
GBR,2021,SP.POP.TOTL,Population,66978000.0
GBR,2021,NE.TRD.GNFS.ZS,Trade,58.538386292910005
GBR,2022,EG.ELC.ACCS.ZS,Electricity,100.0
GBR,2022,NY.GDP.MKTP.KD,GDP,3274265196937.193
GBR,2022,NY.GDP.MKTP.KD.ZG,Growth,5.1497038852299255
GBR,2022,NY.GDP.PCAP.PP.KD,Income,53979.76791162336
GBR,2022,FP.CPI.TOTL.ZG,Inflation,7.922048831479023
GBR,2022,IT.NET.USER.ZS,Internet,95.46530151
GBR,2022,SP.DYN.LE00.IN,Life,81.01121951219511
GBR,2022,SP.POP.TOTL,Population,67636000.0
GBR,2022,NE.TRD.GNFS.ZS,Trade,69.1989264413981
GBR,2023,EG.ELC.ACCS.ZS,Electricity,100.0
GBR,2023,NY.GDP.MKTP.KD,GDP,3283159739927.952
GBR,2023,NY.GDP.MKTP.KD.ZG,Growth,0.2716500483552551
GBR,2023,NY.GDP.PCAP.PP.KD,Income,53423.422633829156
GBR,2023,FP.CPI.TOTL.ZG,Inflation,6.793967067939626
GBR,2023,IT.NET.USER.ZS,Internet,95.44719696
GBR,2023,SP.DYN.LE00.IN,Life,81.2380975609756
GBR,2023,SP.POP.TOTL,Population,68526000.0
GBR,2023,NE.TRD.GNFS.ZS,Trade,64.99238417478028
GBR,2024,EG.ELC.ACCS.ZS,Electricity,100.0
GBR,2024,NY.GDP.MKTP.KD,GDP,3318626965006.6606
GBR,2024,NY.GDP.MKTP.KD.ZG,Growth,1.0802771685878128
GBR,2024,NY.GDP.PCAP.PP.KD,Income,53412.06471635891
GBR,2024,FP.CPI.TOTL.ZG,Inflation,3.271572946359201
GBR,2024,IT.NET.USER.ZS,Internet,95.4720993
GBR,2024,SP.DYN.LE00.IN,Life,81.3868536585366
GBR,2024,SP.POP.TOTL,Population,69281000.0
GBR,2024,NE.TRD.GNFS.ZS,Trade,62.83905204458395
IDN,2000,EG.ELC.ACCS.ZS,Electricity,86.3
IDN,2000,NY.GDP.MKTP.KD,GDP,395012382597.556
IDN,2000,NY.GDP.MKTP.KD.ZG,Growth,4.920067747016901
IDN,2000,NY.GDP.PCAP.PP.KD,Income,6056.3819784216485
IDN,2000,FP.CPI.TOTL.ZG,Inflation,3.688620370566819
IDN,2000,IT.NET.USER.ZS,Internet,0.925563864466858
IDN,2000,SP.DYN.LE00.IN,Life,66.292
IDN,2000,SP.POP.TOTL,Population,216077790.0
IDN,2000,NE.TRD.GNFS.ZS,Trade,71.43687591737309
IDN,2001,EG.ELC.ACCS.ZS,Electricity,86.3
IDN,2001,NY.GDP.MKTP.KD,GDP,409404526219.8422
IDN,2001,NY.GDP.MKTP.KD.ZG,Growth,3.6434664472149194
IDN,2001,NY.GDP.PCAP.PP.KD,Income,6190.5195404099095
IDN,2001,FP.CPI.TOTL.ZG,Inflation,11.50011605508873
IDN,2001,IT.NET.USER.ZS,Internet,2.01861385948459
IDN,2001,SP.DYN.LE00.IN,Life,66.583
IDN,2001,SP.POP.TOTL,Population,219097902.0
IDN,2001,NE.TRD.GNFS.ZS,Trade,69.79320752562379
IDN,2002,EG.ELC.ACCS.ZS,Electricity,87.6
IDN,2002,NY.GDP.MKTP.KD,GDP,427825582126.1614
IDN,2002,NY.GDP.MKTP.KD.ZG,Growth,4.49947539085764
IDN,2002,NY.GDP.PCAP.PP.KD,Income,6381.949551799957
IDN,2002,FP.CPI.TOTL.ZG,Inflation,11.90012003384135
IDN,2002,IT.NET.USER.ZS,Internet,2.13413573295808
IDN,2002,SP.DYN.LE00.IN,Life,66.954
IDN,2002,SP.POP.TOTL,Population,222088495.0
IDN,2002,NE.TRD.GNFS.ZS,Trade,59.07946176637226
IDN,2003,EG.ELC.ACCS.ZS,Electricity,87.9
IDN,2003,NY.GDP.MKTP.KD,GDP,448277224148.7533
IDN,2003,NY.GDP.MKTP.KD.ZG,Growth,4.780369121676543
IDN,2003,NY.GDP.PCAP.PP.KD,Income,6599.091935970344
IDN,2003,FP.CPI.TOTL.ZG,Inflation,6.757312563335641
IDN,2003,IT.NET.USER.ZS,Internet,2.38701977959476
IDN,2003,SP.DYN.LE00.IN,Life,67.134
IDN,2003,SP.POP.TOTL,Population,225048008.0
IDN,2003,NE.TRD.GNFS.ZS,Trade,53.616493747301575
IDN,2004,EG.ELC.ACCS.ZS,Electricity,89.0
IDN,2004,NY.GDP.MKTP.KD,GDP,470829486219.8977
IDN,2004,NY.GDP.MKTP.KD.ZG,Growth,5.03087394501685
IDN,2004,NY.GDP.PCAP.PP.KD,Income,6843.546549723642
IDN,2004,FP.CPI.TOTL.ZG,Inflation,6.064061891336475
IDN,2004,IT.NET.USER.ZS,Internet,2.60028587633414
IDN,2004,SP.DYN.LE00.IN,Life,65.521
IDN,2004,SP.POP.TOTL,Population,227926649.0
IDN,2004,NE.TRD.GNFS.ZS,Trade,59.761294836691036
IDN,2005,EG.ELC.ACCS.ZS,Electricity,84.8
IDN,2005,NY.GDP.MKTP.KD,GDP,497631790442.43994
IDN,2005,NY.GDP.MKTP.KD.ZG,Growth,5.692571303833844
IDN,2005,NY.GDP.PCAP.PP.KD,Income,7140.854564070404
IDN,2005,FP.CPI.TOTL.ZG,Inflation,10.45320018733474
IDN,2005,IT.NET.USER.ZS,Internet,3.60202476259646
IDN,2005,SP.DYN.LE00.IN,Life,67.531
IDN,2005,SP.POP.TOTL,Population,230871650.0
IDN,2005,NE.TRD.GNFS.ZS,Trade,63.98793586886347
IDN,2006,EG.ELC.ACCS.ZS,Electricity,90.6
IDN,2006,NY.GDP.MKTP.KD,GDP,525006275302.52344
IDN,2006,NY.GDP.MKTP.KD.ZG,Growth,5.500951785203483
IDN,2006,NY.GDP.PCAP.PP.KD,Income,7434.487853522205
IDN,2006,FP.CPI.TOTL.ZG,Inflation,13.10867098534595
IDN,2006,IT.NET.USER.ZS,Internet,4.76481313366657
IDN,2006,SP.DYN.LE00.IN,Life,67.664
IDN,2006,SP.POP.TOTL,Population,233951652.0
IDN,2006,NE.TRD.GNFS.ZS,Trade,56.65712681488665
IDN,2007,EG.ELC.ACCS.ZS,Electricity,91.1
IDN,2007,NY.GDP.MKTP.KD,GDP,558318040161.8921
IDN,2007,NY.GDP.MKTP.KD.ZG,Growth,6.3450222266721426
IDN,2007,NY.GDP.PCAP.PP.KD,Income,7802.464069059544
IDN,2007,FP.CPI.TOTL.ZG,Inflation,6.406560879660048
IDN,2007,IT.NET.USER.ZS,Internet,5.78627472934199
IDN,2007,SP.DYN.LE00.IN,Life,67.914
IDN,2007,SP.POP.TOTL,Population,237062337.0
IDN,2007,NE.TRD.GNFS.ZS,Trade,54.829249978207464
IDN,2008,EG.ELC.ACCS.ZS,Electricity,92.7
IDN,2008,NY.GDP.MKTP.KD,GDP,591893632243.0667
IDN,2008,NY.GDP.MKTP.KD.ZG,Growth,6.013703600091233
IDN,2008,NY.GDP.PCAP.PP.KD,Income,8165.0615511662445
IDN,2008,FP.CPI.TOTL.ZG,Inflation,10.22666632724826
IDN,2008,IT.NET.USER.ZS,Internet,7.917500019
IDN,2008,SP.DYN.LE00.IN,Life,68.085
IDN,2008,SP.POP.TOTL,Population,240157903.0
IDN,2008,NE.TRD.GNFS.ZS,Trade,58.56139963129606
IDN,2009,EG.ELC.ACCS.ZS,Electricity,93.6
IDN,2009,NY.GDP.MKTP.KD,GDP,619291626017.3827
IDN,2009,NY.GDP.MKTP.KD.ZG,Growth,4.628871182561525
IDN,2009,NY.GDP.PCAP.PP.KD,Income,8435.455746862897
IDN,2009,FP.CPI.TOTL.ZG,Inflation,4.386413117920736
IDN,2009,IT.NET.USER.ZS,Internet,6.92
IDN,2009,SP.DYN.LE00.IN,Life,68.267
IDN,2009,SP.POP.TOTL,Population,243220028.0
IDN,2009,NE.TRD.GNFS.ZS,Trade,45.51212136870539
IDN,2010,EG.ELC.ACCS.ZS,Electricity,94.2
IDN,2010,NY.GDP.MKTP.KD,GDP,657835433773.5178
IDN,2010,NY.GDP.MKTP.KD.ZG,Growth,6.223854180623661
IDN,2010,NY.GDP.PCAP.PP.KD,Income,8848.224737020655
IDN,2010,FP.CPI.TOTL.ZG,Inflation,5.134206390158854
IDN,2010,IT.NET.USER.ZS,Internet,10.92
IDN,2010,SP.DYN.LE00.IN,Life,68.364
IDN,2010,SP.POP.TOTL,Population,246305322.0
IDN,2010,NE.TRD.GNFS.ZS,Trade,46.7012738758737
IDN,2011,EG.ELC.ACCS.ZS,Electricity,94.8
IDN,2011,NY.GDP.MKTP.KD,GDP,698422460479.1974
IDN,2011,NY.GDP.MKTP.KD.ZG,Growth,6.16978420771008
IDN,2011,NY.GDP.PCAP.PP.KD,Income,9274.969551817021
IDN,2011,FP.CPI.TOTL.ZG,Inflation,5.356048491125821
IDN,2011,IT.NET.USER.ZS,Internet,12.28
IDN,2011,SP.DYN.LE00.IN,Life,68.629
IDN,2011,SP.POP.TOTL,Population,249470032.0
IDN,2011,NE.TRD.GNFS.ZS,Trade,50.18001318411037
IDN,2012,EG.ELC.ACCS.ZS,Electricity,96.0
IDN,2012,NY.GDP.MKTP.KD,GDP,740537688618.4141
IDN,2012,NY.GDP.MKTP.KD.ZG,Growth,6.030050653056151
IDN,2012,NY.GDP.PCAP.PP.KD,Income,9708.611825310807
IDN,2012,FP.CPI.TOTL.ZG,Inflation,4.279514269194305
IDN,2012,IT.NET.USER.ZS,Internet,14.52
IDN,2012,SP.DYN.LE00.IN,Life,68.862
IDN,2012,SP.POP.TOTL,Population,252698525.0
IDN,2012,NE.TRD.GNFS.ZS,Trade,49.5828982992627
IDN,2013,EG.ELC.ACCS.ZS,Electricity,96.5
IDN,2013,NY.GDP.MKTP.KD,GDP,781691320690.6993
IDN,2013,NY.GDP.MKTP.KD.ZG,Growth,5.557263688910098
IDN,2013,NY.GDP.PCAP.PP.KD,Income,10121.8141535043
IDN,2013,FP.CPI.TOTL.ZG,Inflation,6.412494579003911
IDN,2013,IT.NET.USER.ZS,Internet,14.94
IDN,2013,SP.DYN.LE00.IN,Life,69.064
IDN,2013,SP.POP.TOTL,Population,255852467.0
IDN,2013,NE.TRD.GNFS.ZS,Trade,48.637372675289285
IDN,2014,EG.ELC.ACCS.ZS,Electricity,97.0
IDN,2014,NY.GDP.MKTP.KD,GDP,820828013230.5878
IDN,2014,NY.GDP.MKTP.KD.ZG,Growth,5.006668425754995
IDN,2014,NY.GDP.PCAP.PP.KD,Income,10504.38694110877
IDN,2014,FP.CPI.TOTL.ZG,Inflation,6.394928823965593
IDN,2014,IT.NET.USER.ZS,Internet,17.1431598350566
IDN,2014,SP.DYN.LE00.IN,Life,69.292
IDN,2014,SP.POP.TOTL,Population,258877399.0
IDN,2014,NE.TRD.GNFS.ZS,Trade,48.08017558552271
IDN,2015,EG.ELC.ACCS.ZS,Electricity,97.5
IDN,2015,NY.GDP.MKTP.KD,GDP,860854232686.2139
IDN,2015,NY.GDP.MKTP.KD.ZG,Growth,4.876322300221233
IDN,2015,NY.GDP.PCAP.PP.KD,Income,10893.66211421693
IDN,2015,FP.CPI.TOTL.ZG,Inflation,6.363120611966463
IDN,2015,IT.NET.USER.ZS,Internet,22.062742603379
IDN,2015,SP.DYN.LE00.IN,Life,69.52
IDN,2015,SP.POP.TOTL,Population,261799249.0
IDN,2015,NE.TRD.GNFS.ZS,Trade,41.93764024152938
IDN,2016,EG.ELC.ACCS.ZS,Electricity,97.6
IDN,2016,NY.GDP.MKTP.KD,GDP,904181621780.3884
IDN,2016,NY.GDP.MKTP.KD.ZG,Growth,5.033069182801768
IDN,2016,NY.GDP.PCAP.PP.KD,Income,11319.663428773802
IDN,2016,FP.CPI.TOTL.ZG,Inflation,3.525804528154512
IDN,2016,IT.NET.USER.ZS,Internet,25.447353701827
IDN,2016,SP.DYN.LE00.IN,Life,69.733
IDN,2016,SP.POP.TOTL,Population,264627418.0
IDN,2016,NE.TRD.GNFS.ZS,Trade,37.421341802331824
IDN,2017,EG.ELC.ACCS.ZS,Electricity,98.1
IDN,2017,NY.GDP.MKTP.KD,GDP,950021694164.0009
IDN,2017,NY.GDP.MKTP.KD.ZG,Growth,5.069785901349164
IDN,2017,NY.GDP.PCAP.PP.KD,Income,11772.574329610683
IDN,2017,FP.CPI.TOTL.ZG,Inflation,3.808798576919489
IDN,2017,IT.NET.USER.ZS,Internet,32.335806250688
IDN,2017,SP.DYN.LE00.IN,Life,69.953
IDN,2017,SP.POP.TOTL,Population,267346658.0
IDN,2017,NE.TRD.GNFS.ZS,Trade,39.355497070460586
IDN,2018,EG.ELC.ACCS.ZS,Electricity,98.5
IDN,2018,NY.GDP.MKTP.KD,GDP,999178586309.0206
IDN,2018,NY.GDP.MKTP.KD.ZG,Growth,5.174291539550239
IDN,2018,NY.GDP.PCAP.PP.KD,Income,12262.231030077104
IDN,2018,FP.CPI.TOTL.ZG,Inflation,3.198347559249961
IDN,2018,IT.NET.USER.ZS,Internet,39.9046386385762
IDN,2018,SP.DYN.LE00.IN,Life,70.08
IDN,2018,SP.POP.TOTL,Population,269951846.0
IDN,2018,NE.TRD.GNFS.ZS,Trade,43.07430895520015
IDN,2019,EG.ELC.ACCS.ZS,Electricity,98.8
IDN,2019,NY.GDP.MKTP.KD,GDP,1049330233997.4519
IDN,2019,NY.GDP.MKTP.KD.ZG,Growth,5.019287680462824
IDN,2019,NY.GDP.PCAP.PP.KD,Income,12757.78508548416
IDN,2019,FP.CPI.TOTL.ZG,Inflation,3.030584609416606
IDN,2019,IT.NET.USER.ZS,Internet,47.6906489788375
IDN,2019,SP.DYN.LE00.IN,Life,70.349
IDN,2019,SP.POP.TOTL,Population,272489381.0
IDN,2019,NE.TRD.GNFS.ZS,Trade,37.62777753571081
IDN,2020,EG.ELC.ACCS.ZS,Electricity,97.0
IDN,2020,NY.GDP.MKTP.KD,GDP,1027656193885.3761
IDN,2020,NY.GDP.MKTP.KD.ZG,Growth,-2.065511829341645
IDN,2020,NY.GDP.PCAP.PP.KD,Income,12388.544926813132
IDN,2020,FP.CPI.TOTL.ZG,Inflation,1.919835272707928
IDN,2020,IT.NET.USER.ZS,Internet,53.72649449
IDN,2020,SP.DYN.LE00.IN,Life,68.817
IDN,2020,SP.POP.TOTL,Population,274814866.0
IDN,2020,NE.TRD.GNFS.ZS,Trade,32.97217540024274
IDN,2021,EG.ELC.ACCS.ZS,Electricity,99.2
IDN,2021,NY.GDP.MKTP.KD,GDP,1065709127396.8615
IDN,2021,NY.GDP.MKTP.KD.ZG,Growth,3.7028856282775138
IDN,2021,NY.GDP.PCAP.PP.KD,Income,12757.07464402037
IDN,2021,FP.CPI.TOTL.ZG,Inflation,1.560078829833344
IDN,2021,IT.NET.USER.ZS,Internet,62.10447842
IDN,2021,SP.DYN.LE00.IN,Life,67.452
IDN,2021,SP.POP.TOTL,Population,276758053.0
IDN,2021,NE.TRD.GNFS.ZS,Trade,40.20475827496714
IDN,2022,EG.ELC.ACCS.ZS,Electricity,100.0
IDN,2022,NY.GDP.MKTP.KD,GDP,1122268412650.2021
IDN,2022,NY.GDP.MKTP.KD.ZG,Growth,5.307197226647986
IDN,2022,NY.GDP.PCAP.PP.KD,Income,13334.265394763685
IDN,2022,FP.CPI.TOTL.ZG,Inflation,4.209464637147842
IDN,2022,IT.NET.USER.ZS,Internet,66.48461277
IDN,2022,SP.DYN.LE00.IN,Life,70.925
IDN,2022,SP.POP.TOTL,Population,278830529.0
IDN,2022,NE.TRD.GNFS.ZS,Trade,45.46467019594532
IDN,2023,EG.ELC.ACCS.ZS,Electricity,99.4
IDN,2023,NY.GDP.MKTP.KD,GDP,1178929850175.1616
IDN,2023,NY.GDP.MKTP.KD.ZG,Growth,5.048831178555162
IDN,2023,NY.GDP.PCAP.PP.KD,Income,13889.949501285811
IDN,2023,FP.CPI.TOTL.ZG,Inflation,3.669386548597611
IDN,2023,IT.NET.USER.ZS,Internet,69.20836554
IDN,2023,SP.DYN.LE00.IN,Life,71.146
IDN,2023,SP.POP.TOTL,Population,281190067.0
IDN,2023,NE.TRD.GNFS.ZS,Trade,41.4604765447233
IDN,2024,EG.ELC.ACCS.ZS,Electricity,99.9
IDN,2024,NY.GDP.MKTP.KD,GDP,1238260376381.5115
IDN,2024,NY.GDP.MKTP.KD.ZG,Growth,5.032574770885191
IDN,2024,NY.GDP.PCAP.PP.KD,Income,14470.71798065778
IDN,2024,FP.CPI.TOTL.ZG,Inflation,2.181512736151888
IDN,2024,IT.NET.USER.ZS,Internet,72.78075544
IDN,2024,SP.DYN.LE00.IN,Life,71.288
IDN,2024,SP.POP.TOTL,Population,283487931.0
IDN,2024,NE.TRD.GNFS.ZS,Trade,42.809937870822004
IND,2000,EG.ELC.ACCS.ZS,Electricity,60.3
IND,2000,NY.GDP.MKTP.KD,GDP,800534479629.6804
IND,2000,NY.GDP.MKTP.KD.ZG,Growth,3.8409911568655417
IND,2000,NY.GDP.PCAP.PP.KD,Income,3010.421561483975
IND,2000,FP.CPI.TOTL.ZG,Inflation,4.009435910451904
IND,2000,IT.NET.USER.ZS,Internet,0.527532449930946
IND,2000,SP.DYN.LE00.IN,Life,62.749
IND,2000,SP.POP.TOTL,Population,1057922733.0
IND,2000,NE.TRD.GNFS.ZS,Trade,26.900922910447356
IND,2001,EG.ELC.ACCS.ZS,Electricity,62.0
IND,2001,NY.GDP.MKTP.KD,GDP,839151992858.4883
IND,2001,NY.GDP.MKTP.KD.ZG,Growth,4.823966263973034
IND,2001,NY.GDP.PCAP.PP.KD,Income,3097.1622402234216
IND,2001,FP.CPI.TOTL.ZG,Inflation,3.779293122356374
IND,2001,IT.NET.USER.ZS,Internet,0.660146377009928
IND,2001,SP.DYN.LE00.IN,Life,63.158
IND,2001,SP.POP.TOTL,Population,1077898575.0
IND,2001,NE.TRD.GNFS.ZS,Trade,25.993254753436517
IND,2002,EG.ELC.ACCS.ZS,Electricity,62.3
IND,2002,NY.GDP.MKTP.KD,GDP,871073127574.1864
IND,2002,NY.GDP.MKTP.KD.ZG,Growth,3.803975321200383
IND,2002,NY.GDP.PCAP.PP.KD,Income,3157.2690377059253
IND,2002,FP.CPI.TOTL.ZG,Inflation,4.297152039295619
IND,2002,IT.NET.USER.ZS,Internet,1.53787558175083
IND,2002,SP.DYN.LE00.IN,Life,63.649
IND,2002,SP.POP.TOTL,Population,1097600380.0
IND,2002,NE.TRD.GNFS.ZS,Trade,29.5086629350614
IND,2003,EG.ELC.ACCS.ZS,Electricity,65.4
IND,2003,NY.GDP.MKTP.KD,GDP,939542798331.6547
IND,2003,NY.GDP.MKTP.KD.ZG,Growth,7.860381475450453
IND,2003,NY.GDP.PCAP.PP.KD,Income,3346.888290291497
IND,2003,FP.CPI.TOTL.ZG,Inflation,3.805858995288526
IND,2003,IT.NET.USER.ZS,Internet,1.68648997063625
IND,2003,SP.DYN.LE00.IN,Life,64.086
IND,2003,SP.POP.TOTL,Population,1116803006.0
IND,2003,NE.TRD.GNFS.ZS,Trade,30.592436132907984
IND,2004,EG.ELC.ACCS.ZS,Electricity,64.4
IND,2004,NY.GDP.MKTP.KD,GDP,1013982178696.2278
IND,2004,NY.GDP.MKTP.KD.ZG,Growth,7.922936613079784
IND,2004,NY.GDP.PCAP.PP.KD,Income,3551.0473121377263
IND,2004,FP.CPI.TOTL.ZG,Inflation,3.767251734775172
IND,2004,IT.NET.USER.ZS,Internet,1.97613649190559
IND,2004,SP.DYN.LE00.IN,Life,64.484
IND,2004,SP.POP.TOTL,Population,1135991513.0
IND,2004,NE.TRD.GNFS.ZS,Trade,37.50381405944698
IND,2005,EG.ELC.ACCS.ZS,Electricity,68.8
IND,2005,NY.GDP.MKTP.KD,GDP,1094324353137.751
IND,2005,NY.GDP.MKTP.KD.ZG,Growth,7.923430621317891
IND,2005,NY.GDP.PCAP.PP.KD,Income,3770.396531738293
IND,2005,FP.CPI.TOTL.ZG,Inflation,4.246343620319236
IND,2005,IT.NET.USER.ZS,Internet,2.388099909
IND,2005,SP.DYN.LE00.IN,Life,64.939
IND,2005,SP.POP.TOTL,Population,1154676322.0
IND,2005,NE.TRD.GNFS.ZS,Trade,42.00166961486911
IND,2006,EG.ELC.ACCS.ZS,Electricity,67.9
IND,2006,NY.GDP.MKTP.KD,GDP,1182534912725.9507
IND,2006,NY.GDP.MKTP.KD.ZG,Growth,8.060732573050572
IND,2006,NY.GDP.PCAP.PP.KD,Income,4011.0864758580465
IND,2006,FP.CPI.TOTL.ZG,Inflation,5.796523375616339
IND,2006,IT.NET.USER.ZS,Internet,2.80549986534254
IND,2006,SP.DYN.LE00.IN,Life,65.373
IND,2006,SP.POP.TOTL,Population,1172878890.0
IND,2006,NE.TRD.GNFS.ZS,Trade,45.724480499265226
IND,2007,EG.ELC.ACCS.ZS,Electricity,72.3
IND,2007,NY.GDP.MKTP.KD,GDP,1273126725470.218
IND,2007,NY.GDP.MKTP.KD.ZG,Growth,7.660815065107656
IND,2007,NY.GDP.PCAP.PP.KD,Income,4253.821390467393
IND,2007,FP.CPI.TOTL.ZG,Inflation,6.372881355932311
IND,2007,IT.NET.USER.ZS,Internet,3.95
IND,2007,SP.DYN.LE00.IN,Life,65.803
IND,2007,SP.POP.TOTL,Population,1190676021.0
IND,2007,NE.TRD.GNFS.ZS,Trade,45.686268679347975
IND,2008,EG.ELC.ACCS.ZS,Electricity,74.1
IND,2008,NY.GDP.MKTP.KD,GDP,1312424303400.2935
IND,2008,NY.GDP.MKTP.KD.ZG,Growth,3.0866980595008187
IND,2008,NY.GDP.PCAP.PP.KD,Income,4322.483789835463
IND,2008,FP.CPI.TOTL.ZG,Inflation,8.349267049075747
IND,2008,IT.NET.USER.ZS,Internet,4.38
IND,2008,SP.DYN.LE00.IN,Life,66.247
IND,2008,SP.POP.TOTL,Population,1207930964.0
IND,2008,NE.TRD.GNFS.ZS,Trade,53.368220439222625
IND,2009,EG.ELC.ACCS.ZS,Electricity,75.0
IND,2009,NY.GDP.MKTP.KD,GDP,1415605643151.3428
IND,2009,NY.GDP.MKTP.KD.ZG,Growth,7.861888833033802
IND,2009,NY.GDP.PCAP.PP.KD,Income,4595.379907538119
IND,2009,FP.CPI.TOTL.ZG,Inflation,10.88235294117645
IND,2009,IT.NET.USER.ZS,Internet,5.12
IND,2009,SP.DYN.LE00.IN,Life,66.7
IND,2009,SP.POP.TOTL,Population,1225524753.0
IND,2009,NE.TRD.GNFS.ZS,Trade,46.272869642883734
IND,2010,EG.ELC.ACCS.ZS,Electricity,76.3
IND,2010,NY.GDP.MKTP.KD,GDP,1535897931719.5537
IND,2010,NY.GDP.MKTP.KD.ZG,Growth,8.497584701656251
IND,2010,NY.GDP.PCAP.PP.KD,Income,4913.876397237052
IND,2010,FP.CPI.TOTL.ZG,Inflation,11.98938992042449
IND,2010,IT.NET.USER.ZS,Internet,7.5
IND,2010,SP.DYN.LE00.IN,Life,67.162
IND,2010,SP.POP.TOTL,Population,1243481564.0
IND,2010,NE.TRD.GNFS.ZS,Trade,49.25520649741613
IND,2011,EG.ELC.ACCS.ZS,Electricity,79.5
IND,2011,NY.GDP.MKTP.KD,GDP,1616399198833.9668
IND,2011,NY.GDP.MKTP.KD.ZG,Growth,5.2413162002429345
IND,2011,NY.GDP.PCAP.PP.KD,Income,5098.674587754443
IND,2011,FP.CPI.TOTL.ZG,Inflation,8.9117933648336
IND,2011,IT.NET.USER.ZS,Internet,10.07
IND,2011,SP.DYN.LE00.IN,Life,67.623
IND,2011,SP.POP.TOTL,Population,1261224954.0
IND,2011,NE.TRD.GNFS.ZS,Trade,55.62388001352977
IND,2012,EG.ELC.ACCS.ZS,Electricity,79.9
IND,2012,NY.GDP.MKTP.KD,GDP,1704596203504.0764
IND,2012,NY.GDP.MKTP.KD.ZG,Growth,5.4563875516477225
IND,2012,NY.GDP.PCAP.PP.KD,Income,5303.501977676549
IND,2012,FP.CPI.TOTL.ZG,Inflation,9.478996914197927
IND,2012,IT.NET.USER.ZS,Internet,11.10000038
IND,2012,SP.DYN.LE00.IN,Life,68.076
IND,2012,SP.POP.TOTL,Population,1278674502.0
IND,2012,NE.TRD.GNFS.ZS,Trade,55.793721728751144
IND,2013,EG.ELC.ACCS.ZS,Electricity,83.1
IND,2013,NY.GDP.MKTP.KD,GDP,1813453530765.8406
IND,2013,NY.GDP.MKTP.KD.ZG,Growth,6.386106400917129
IND,2013,NY.GDP.PCAP.PP.KD,Income,5567.4943941871825
IND,2013,FP.CPI.TOTL.ZG,Inflation,10.01787847461043
IND,2013,IT.NET.USER.ZS,Internet,12.30000019
IND,2013,SP.DYN.LE00.IN,Life,68.499
IND,2013,SP.POP.TOTL,Population,1295829511.0
IND,2013,NE.TRD.GNFS.ZS,Trade,53.844131946677734
IND,2014,EG.ELC.ACCS.ZS,Electricity,85.1
IND,2014,NY.GDP.MKTP.KD,GDP,1947834564909.5762
IND,2014,NY.GDP.MKTP.KD.ZG,Growth,7.410227605169766
IND,2014,NY.GDP.PCAP.PP.KD,Income,5905.106182046329
IND,2014,FP.CPI.TOTL.ZG,Inflation,6.665656718678994
IND,2014,IT.NET.USER.ZS,Internet,13.5
IND,2014,SP.DYN.LE00.IN,Life,68.932
IND,2014,SP.POP.TOTL,Population,1312277191.0
IND,2014,NE.TRD.GNFS.ZS,Trade,48.922185747066905
IND,2015,EG.ELC.ACCS.ZS,Electricity,88.0
IND,2015,NY.GDP.MKTP.KD,GDP,2103588360044.9392
IND,2015,NY.GDP.MKTP.KD.ZG,Growth,7.996253785679869
IND,2015,NY.GDP.PCAP.PP.KD,Income,6301.673469682361
IND,2015,FP.CPI.TOTL.ZG,Inflation,4.906973441272494
IND,2015,IT.NET.USER.ZS,Internet,14.89999962
IND,2015,SP.DYN.LE00.IN,Life,69.326
IND,2015,SP.POP.TOTL,Population,1328024498.0
IND,2015,NE.TRD.GNFS.ZS,Trade,41.92291386586472
IND,2016,EG.ELC.ACCS.ZS,Electricity,89.6
IND,2016,NY.GDP.MKTP.KD,GDP,2277267041549.8516
IND,2016,NY.GDP.MKTP.KD.ZG,Growth,8.256305501766619
IND,2016,NY.GDP.PCAP.PP.KD,Income,6741.148831853469
IND,2016,FP.CPI.TOTL.ZG,Inflation,4.948216340621341
IND,2016,IT.NET.USER.ZS,Internet,16.5
IND,2016,SP.DYN.LE00.IN,Life,69.709
IND,2016,SP.POP.TOTL,Population,1343944296.0
IND,2016,NE.TRD.GNFS.ZS,Trade,40.08248571327602
IND,2017,EG.ELC.ACCS.ZS,Electricity,91.8
IND,2017,NY.GDP.MKTP.KD,GDP,2432016068498.2334
IND,2017,NY.GDP.MKTP.KD.ZG,Growth,6.795383419024219
IND,2017,NY.GDP.PCAP.PP.KD,Income,7116.036591853959
IND,2017,FP.CPI.TOTL.ZG,Inflation,3.328173374613047
IND,2017,IT.NET.USER.ZS,Internet,18.20000076
IND,2017,SP.DYN.LE00.IN,Life,70.068
IND,2017,SP.POP.TOTL,Population,1359657400.0
IND,2017,NE.TRD.GNFS.ZS,Trade,40.74249695452253
IND,2018,EG.ELC.ACCS.ZS,Electricity,95.7
IND,2018,NY.GDP.MKTP.KD,GDP,2588974770244.4785
IND,2018,NY.GDP.MKTP.KD.ZG,Growth,6.453851344952952
IND,2018,NY.GDP.PCAP.PP.KD,Income,7492.6257675514535
IND,2018,FP.CPI.TOTL.ZG,Inflation,3.938826466916426
IND,2018,IT.NET.USER.ZS,Internet,20.0813000379384
IND,2018,SP.DYN.LE00.IN,Life,70.415
IND,2018,SP.POP.TOTL,Population,1374659064.0
IND,2018,NE.TRD.GNFS.ZS,Trade,43.61696933238889
IND,2019,EG.ELC.ACCS.ZS,Electricity,95.9
IND,2019,NY.GDP.MKTP.KD,GDP,2689205295885.2617
IND,2019,NY.GDP.MKTP.KD.ZG,Growth,3.8714369407052374
IND,2019,NY.GDP.PCAP.PP.KD,Income,7702.176348119574
IND,2019,FP.CPI.TOTL.ZG,Inflation,3.729505735391232
IND,2019,IT.NET.USER.ZS,Internet,29.52350044
IND,2019,SP.DYN.LE00.IN,Life,70.746
IND,2019,SP.POP.TOTL,Population,1389030312.0
IND,2019,NE.TRD.GNFS.ZS,Trade,39.90540353064419
IND,2020,EG.ELC.ACCS.ZS,Electricity,96.5
IND,2020,NY.GDP.MKTP.KD,GDP,2533830417086.361
IND,2020,NY.GDP.MKTP.KD.ZG,Growth,-5.77772470687303
IND,2020,NY.GDP.PCAP.PP.KD,Income,7186.864470996788
IND,2020,FP.CPI.TOTL.ZG,Inflation,6.623436776285296
IND,2020,IT.NET.USER.ZS,Internet,43.40544313
IND,2020,SP.DYN.LE00.IN,Life,70.156
IND,2020,SP.POP.TOTL,Population,1402617695.0
IND,2020,NE.TRD.GNFS.ZS,Trade,37.75810532927675
IND,2021,EG.ELC.ACCS.ZS,Electricity,99.6
IND,2021,NY.GDP.MKTP.KD,GDP,2779348258938.2803
IND,2021,NY.GDP.MKTP.KD.ZG,Growth,9.68959249191741
IND,2021,NY.GDP.PCAP.PP.KD,Income,7818.657017575041
IND,2021,FP.CPI.TOTL.ZG,Inflation,5.131407471763637
IND,2021,IT.NET.USER.ZS,Internet,49.2580986
IND,2021,SP.DYN.LE00.IN,Life,67.282
IND,2021,SP.POP.TOTL,Population,1414203896.0
IND,2021,NE.TRD.GNFS.ZS,Trade,45.423088784044594
IND,2022,EG.ELC.ACCS.ZS,Electricity,99.2
IND,2022,NY.GDP.MKTP.KD,GDP,2990839011962.0557
IND,2022,NY.GDP.MKTP.KD.ZG,Growth,7.609364977693204
IND,2022,NY.GDP.PCAP.PP.KD,Income,8347.384786470864
IND,2022,FP.CPI.TOTL.ZG,Inflation,6.699034140798577
IND,2022,IT.NET.USER.ZS,Internet,55.9
IND,2022,SP.DYN.LE00.IN,Life,71.698
IND,2022,SP.POP.TOTL,Population,1425423212.0
IND,2022,NE.TRD.GNFS.ZS,Trade,50.69793827580423
IND,2023,EG.ELC.ACCS.ZS,Electricity,99.5
IND,2023,NY.GDP.MKTP.KD,GDP,3206485223026.3037
IND,2023,NY.GDP.MKTP.KD.ZG,Growth,7.210224629335002
IND,2023,NY.GDP.PCAP.PP.KD,Income,8870.550276093447
IND,2023,FP.CPI.TOTL.ZG,Inflation,5.64914318907925
IND,2023,IT.NET.USER.ZS,Internet,60.25230026
IND,2023,SP.DYN.LE00.IN,Life,72.003
IND,2023,SP.POP.TOTL,Population,1438069596.0
IND,2023,NE.TRD.GNFS.ZS,Trade,46.32295205823384
IND,2024,EG.ELC.ACCS.ZS,Electricity,99.9
IND,2024,NY.GDP.MKTP.KD,GDP,3434122552914.774
IND,2024,NY.GDP.MKTP.KD.ZG,Growth,7.099278931765184
IND,2024,NY.GDP.PCAP.PP.KD,Income,9416.051370447349
IND,2024,FP.CPI.TOTL.ZG,Inflation,4.953035509736606
IND,2024,IT.NET.USER.ZS,Internet,64.9434967
IND,2024,SP.DYN.LE00.IN,Life,72.235
IND,2024,SP.POP.TOTL,Population,1450935791.0
IND,2024,NE.TRD.GNFS.ZS,Trade,45.91669076787482
ITA,2000,EG.ELC.ACCS.ZS,Electricity,100.0
ITA,2000,NY.GDP.MKTP.KD,GDP,1856863206512.5508
ITA,2000,NY.GDP.MKTP.KD.ZG,Growth,3.8820988506265195
ITA,2000,NY.GDP.PCAP.PP.KD,Income,50353.420041543555
ITA,2000,FP.CPI.TOTL.ZG,Inflation,2.537685320950017
ITA,2000,IT.NET.USER.ZS,Internet,23.1108742441037
ITA,2000,SP.DYN.LE00.IN,Life,79.77804878048782
ITA,2000,SP.POP.TOTL,Population,56942108.0
ITA,2000,NE.TRD.GNFS.ZS,Trade,50.27473114556389
ITA,2001,EG.ELC.ACCS.ZS,Electricity,100.0
ITA,2001,NY.GDP.MKTP.KD,GDP,1894119928193.3357
ITA,2001,NY.GDP.MKTP.KD.ZG,Growth,2.006433298377331
ITA,2001,NY.GDP.PCAP.PP.KD,Income,51332.29044325674
ITA,2001,FP.CPI.TOTL.ZG,Inflation,2.785165427135539
ITA,2001,IT.NET.USER.ZS,Internet,27.2221169788811
ITA,2001,SP.DYN.LE00.IN,Life,80.12682926829268
ITA,2001,SP.POP.TOTL,Population,56976981.0
ITA,2001,NE.TRD.GNFS.ZS,Trade,49.86327232034953
ITA,2002,EG.ELC.ACCS.ZS,Electricity,100.0
ITA,2002,NY.GDP.MKTP.KD,GDP,1899232719747.2634
ITA,2002,NY.GDP.MKTP.KD.ZG,Growth,0.26992966378873007
ITA,2002,NY.GDP.PCAP.PP.KD,Income,51369.114909829295
ITA,2002,FP.CPI.TOTL.ZG,Inflation,2.46532319171165
ITA,2002,IT.NET.USER.ZS,Internet,28.04
ITA,2002,SP.DYN.LE00.IN,Life,80.22926829268295
ITA,2002,SP.POP.TOTL,Population,57089824.0
ITA,2002,NE.TRD.GNFS.ZS,Trade,47.87131867915415
ITA,2003,EG.ELC.ACCS.ZS,Electricity,100.0
ITA,2003,NY.GDP.MKTP.KD,GDP,1900496731461.6216
ITA,2003,NY.GDP.MKTP.KD.ZG,Growth,0.06655380887320916
ITA,2003,NY.GDP.PCAP.PP.KD,Income,51126.258554403845
ITA,2003,FP.CPI.TOTL.ZG,Inflation,2.672555527728498
ITA,2003,IT.NET.USER.ZS,Internet,29.04
ITA,2003,SP.DYN.LE00.IN,Life,79.98292682926831
ITA,2003,SP.POP.TOTL,Population,57399184.0
ITA,2003,NE.TRD.GNFS.ZS,Trade,45.994085977707364
ITA,2004,EG.ELC.ACCS.ZS,Electricity,100.0
ITA,2004,NY.GDP.MKTP.KD,GDP,1928510465814.1626
ITA,2004,NY.GDP.MKTP.KD.ZG,Growth,1.4740217064722998
ITA,2004,NY.GDP.PCAP.PP.KD,Income,51495.00288413637
ITA,2004,FP.CPI.TOTL.ZG,Inflation,2.20673661423657
ITA,2004,IT.NET.USER.ZS,Internet,33.24
ITA,2004,SP.DYN.LE00.IN,Life,80.78048780487806
ITA,2004,SP.POP.TOTL,Population,57828179.0
ITA,2004,NE.TRD.GNFS.ZS,Trade,47.26639238917706
ITA,2005,EG.ELC.ACCS.ZS,Electricity,100.0
ITA,2005,NY.GDP.MKTP.KD,GDP,1943213635518.503
ITA,2005,NY.GDP.MKTP.KD.ZG,Growth,0.7624106773064909
ITA,2005,NY.GDP.PCAP.PP.KD,Income,51585.6445807938
ITA,2005,FP.CPI.TOTL.ZG,Inflation,1.985292985279804
ITA,2005,IT.NET.USER.ZS,Internet,35.0
ITA,2005,SP.DYN.LE00.IN,Life,80.78292682926829
ITA,2005,SP.POP.TOTL,Population,58166682.0
ITA,2005,NE.TRD.GNFS.ZS,Trade,49.12217422886182
ITA,2006,EG.ELC.ACCS.ZS,Electricity,100.0
ITA,2006,NY.GDP.MKTP.KD,GDP,1978181374737.879
ITA,2006,NY.GDP.MKTP.KD.ZG,Growth,1.7994799223424423
ITA,2006,NY.GDP.PCAP.PP.KD,Income,52304.24029498189
ITA,2006,FP.CPI.TOTL.ZG,Inflation,2.090843910127544
ITA,2006,IT.NET.USER.ZS,Internet,37.99
ITA,2006,SP.DYN.LE00.IN,Life,81.28292682926829
ITA,2006,SP.POP.TOTL,Population,58399861.0
ITA,2006,NE.TRD.GNFS.ZS,Trade,52.92354295970123
ITA,2007,EG.ELC.ACCS.ZS,Electricity,100.0
ITA,2007,NY.GDP.MKTP.KD,GDP,2007108163772.4785
ITA,2007,NY.GDP.MKTP.KD.ZG,Growth,1.4622920528929058
ITA,2007,NY.GDP.PCAP.PP.KD,Income,52747.19054768073
ITA,2007,FP.CPI.TOTL.ZG,Inflation,1.829741122024028
ITA,2007,IT.NET.USER.ZS,Internet,40.79
ITA,2007,SP.DYN.LE00.IN,Life,81.43414634146342
ITA,2007,SP.POP.TOTL,Population,58756247.0
ITA,2007,NE.TRD.GNFS.ZS,Trade,54.82804155725314
ITA,2008,EG.ELC.ACCS.ZS,Electricity,100.0
ITA,2008,NY.GDP.MKTP.KD,GDP,1986572667176.0232
ITA,2008,NY.GDP.MKTP.KD.ZG,Growth,-1.0231385117709664
ITA,2008,NY.GDP.PCAP.PP.KD,Income,51806.39061763907
ITA,2008,FP.CPI.TOTL.ZG,Inflation,3.347832584010218
ITA,2008,IT.NET.USER.ZS,Internet,44.53
ITA,2008,SP.DYN.LE00.IN,Life,81.48536585365855
ITA,2008,SP.POP.TOTL,Population,59211181.0
ITA,2008,NE.TRD.GNFS.ZS,Trade,54.21425489566707
ITA,2009,EG.ELC.ACCS.ZS,Electricity,100.0
ITA,2009,NY.GDP.MKTP.KD,GDP,1881181927615.2864
ITA,2009,NY.GDP.MKTP.KD.ZG,Growth,-5.305154012339912
ITA,2009,NY.GDP.PCAP.PP.KD,Income,48774.391683374764
ITA,2009,FP.CPI.TOTL.ZG,Inflation,0.7747681313873811
ITA,2009,IT.NET.USER.ZS,Internet,48.83
ITA,2009,SP.DYN.LE00.IN,Life,81.63658536585366
ITA,2009,SP.POP.TOTL,Population,59555454.0
ITA,2009,NE.TRD.GNFS.ZS,Trade,45.141476572160414
ITA,2010,EG.ELC.ACCS.ZS,Electricity,100.0
ITA,2010,NY.GDP.MKTP.KD,GDP,1909947188308.6602
ITA,2010,NY.GDP.MKTP.KD.ZG,Growth,1.5291057324710096
ITA,2010,NY.GDP.PCAP.PP.KD,Income,49301.69591416742
ITA,2010,FP.CPI.TOTL.ZG,Inflation,1.525516021182476
ITA,2010,IT.NET.USER.ZS,Internet,53.68
ITA,2010,SP.DYN.LE00.IN,Life,82.03658536585367
ITA,2010,SP.POP.TOTL,Population,59819407.0
ITA,2010,NE.TRD.GNFS.ZS,Trade,51.66211181383393
ITA,2011,EG.ELC.ACCS.ZS,Electricity,100.0
ITA,2011,NY.GDP.MKTP.KD,GDP,1923230167272.613
ITA,2011,NY.GDP.MKTP.KD.ZG,Growth,0.6954631544401764
ITA,2011,NY.GDP.PCAP.PP.KD,Income,49473.01492356342
ITA,2011,FP.CPI.TOTL.ZG,Inflation,2.780632728793231
ITA,2011,IT.NET.USER.ZS,Internet,54.3899983018814
ITA,2011,SP.DYN.LE00.IN,Life,82.1878048780488
ITA,2011,SP.POP.TOTL,Population,60026841.0
ITA,2011,NE.TRD.GNFS.ZS,Trade,54.47221494492875
ITA,2012,EG.ELC.ACCS.ZS,Electricity,100.0
ITA,2012,NY.GDP.MKTP.KD,GDP,1863124632394.247
ITA,2012,NY.GDP.MKTP.KD.ZG,Growth,-3.1252387728299595
ITA,2012,NY.GDP.PCAP.PP.KD,Income,47795.957936054125
ITA,2012,FP.CPI.TOTL.ZG,Inflation,3.041363332267748
ITA,2012,IT.NET.USER.ZS,Internet,55.829997993283
ITA,2012,SP.DYN.LE00.IN,Life,82.23902439024391
ITA,2012,SP.POP.TOTL,Population,60191247.0
ITA,2012,NE.TRD.GNFS.ZS,Trade,54.88449527022041
ITA,2013,EG.ELC.ACCS.ZS,Electricity,100.0
ITA,2013,NY.GDP.MKTP.KD,GDP,1829252558793.3413
ITA,2013,NY.GDP.MKTP.KD.ZG,Growth,-1.8180251074979168
ITA,2013,NY.GDP.PCAP.PP.KD,Income,46833.36153093033
ITA,2013,FP.CPI.TOTL.ZG,Inflation,1.21999342274306
ITA,2013,IT.NET.USER.ZS,Internet,58.4593
ITA,2013,SP.DYN.LE00.IN,Life,82.69024390243902
ITA,2013,SP.POP.TOTL,Population,60311613.0
ITA,2013,NE.TRD.GNFS.ZS,Trade,54.03418463174985
ITA,2014,EG.ELC.ACCS.ZS,Electricity,100.0
ITA,2014,NY.GDP.MKTP.KD,GDP,1829227175768.2915
ITA,2014,NY.GDP.MKTP.KD.ZG,Growth,-0.0013876173045446194
ITA,2014,NY.GDP.PCAP.PP.KD,Income,46825.65112450621
ITA,2014,FP.CPI.TOTL.ZG,Inflation,0.2410474298267557
ITA,2014,IT.NET.USER.ZS,Internet,55.6384602242293
ITA,2014,SP.DYN.LE00.IN,Life,83.09024390243904
ITA,2014,SP.POP.TOTL,Population,60320707.0
ITA,2014,NE.TRD.GNFS.ZS,Trade,54.454529933203155
ITA,2015,EG.ELC.ACCS.ZS,Electricity,100.0
ITA,2015,NY.GDP.MKTP.KD,GDP,1845428048839.1006
ITA,2015,NY.GDP.MKTP.KD.ZG,Growth,0.8856676352408073
ITA,2015,NY.GDP.PCAP.PP.KD,Income,47311.82552627091
ITA,2015,FP.CPI.TOTL.ZG,Inflation,0.03879039965797329
ITA,2015,IT.NET.USER.ZS,Internet,58.1417349568747
ITA,2015,SP.DYN.LE00.IN,Life,82.5439024390244
ITA,2015,SP.POP.TOTL,Population,60229605.0
ITA,2015,NE.TRD.GNFS.ZS,Trade,55.43568581482214
ITA,2016,EG.ELC.ACCS.ZS,Electricity,100.0
ITA,2016,NY.GDP.MKTP.KD,GDP,1868241619489.5056
ITA,2016,NY.GDP.MKTP.KD.ZG,Growth,1.236221085116611
ITA,2016,NY.GDP.PCAP.PP.KD,Income,47987.83795810143
ITA,2016,FP.CPI.TOTL.ZG,Inflation,-0.09401665691575004
ITA,2016,IT.NET.USER.ZS,Internet,61.3242527666303
ITA,2016,SP.DYN.LE00.IN,Life,83.24390243902438
ITA,2016,SP.POP.TOTL,Population,60115223.0
ITA,2016,NE.TRD.GNFS.ZS,Trade,54.43214670183131
ITA,2017,EG.ELC.ACCS.ZS,Electricity,100.0
ITA,2017,NY.GDP.MKTP.KD,GDP,1898202609462.083
ITA,2017,NY.GDP.MKTP.KD.ZG,Growth,1.6036999529410139
ITA,2017,NY.GDP.PCAP.PP.KD,Income,48849.21835347557
ITA,2017,FP.CPI.TOTL.ZG,Inflation,1.226533166458118
ITA,2017,IT.NET.USER.ZS,Internet,63.0773469984291
ITA,2017,SP.DYN.LE00.IN,Life,82.94634146341465
ITA,2017,SP.POP.TOTL,Population,60002252.0
ITA,2017,NE.TRD.GNFS.ZS,Trade,57.58299402749108
ITA,2018,EG.ELC.ACCS.ZS,Electricity,100.0
ITA,2018,NY.GDP.MKTP.KD,GDP,1913894038926.8315
ITA,2018,NY.GDP.MKTP.KD.ZG,Growth,0.8266467123441146
ITA,2018,NY.GDP.PCAP.PP.KD,Income,49355.87519135039
ITA,2018,FP.CPI.TOTL.ZG,Inflation,1.137487636003906
ITA,2018,IT.NET.USER.ZS,Internet,74.3871829234822
ITA,2018,SP.DYN.LE00.IN,Life,83.34634146341465
ITA,2018,SP.POP.TOTL,Population,59877221.0
ITA,2018,NE.TRD.GNFS.ZS,Trade,59.274983512815446
ITA,2019,EG.ELC.ACCS.ZS,Electricity,100.0
ITA,2019,NY.GDP.MKTP.KD,GDP,1922107755078.1606
ITA,2019,NY.GDP.MKTP.KD.ZG,Growth,0.4291625337803424
ITA,2019,NY.GDP.PCAP.PP.KD,Income,49690.62985052735
ITA,2019,FP.CPI.TOTL.ZG,Inflation,0.611246943765304
ITA,2019,IT.NET.USER.ZS,Internet,67.8507102874836
ITA,2019,SP.DYN.LE00.IN,Life,83.49756097560977
ITA,2019,SP.POP.TOTL,Population,59729081.0
ITA,2019,NE.TRD.GNFS.ZS,Trade,58.694190259473764
ITA,2020,EG.ELC.ACCS.ZS,Electricity,100.0
ITA,2020,NY.GDP.MKTP.KD,GDP,1751650987235.4285
ITA,2020,NY.GDP.MKTP.KD.ZG,Growth,-8.868221221853446
ITA,2020,NY.GDP.PCAP.PP.KD,Income,45505.06887089558
ITA,2020,FP.CPI.TOTL.ZG,Inflation,-0.1377075739165103
ITA,2020,IT.NET.USER.ZS,Internet,70.48342785
ITA,2020,SP.DYN.LE00.IN,Life,82.19512195121952
ITA,2020,SP.POP.TOTL,Population,59438851.0
ITA,2020,NE.TRD.GNFS.ZS,Trade,53.93948390427637
ITA,2021,EG.ELC.ACCS.ZS,Electricity,100.0
ITA,2021,NY.GDP.MKTP.KD,GDP,1908092024820.8293
ITA,2021,NY.GDP.MKTP.KD.ZG,Growth,8.931062108000546
ITA,2021,NY.GDP.PCAP.PP.KD,Income,49825.39341118482
ITA,2021,FP.CPI.TOTL.ZG,Inflation,1.873783257624806
ITA,2021,IT.NET.USER.ZS,Internet,74.8623274
ITA,2021,SP.DYN.LE00.IN,Life,82.64634146341464
ITA,2021,SP.POP.TOTL,Population,59133173.0
ITA,2021,NE.TRD.GNFS.ZS,Trade,60.30197762027984
ITA,2022,EG.ELC.ACCS.ZS,Electricity,100.0
ITA,2022,NY.GDP.MKTP.KD,GDP,2000084512919.5566
ITA,2022,NY.GDP.MKTP.KD.ZG,Growth,4.821176699135648
ITA,2022,NY.GDP.PCAP.PP.KD,Income,52333.32742706041
ITA,2022,FP.CPI.TOTL.ZG,Inflation,8.20128991161718
ITA,2022,IT.NET.USER.ZS,Internet,85.06074504
ITA,2022,SP.DYN.LE00.IN,Life,82.70000000000002
ITA,2022,SP.POP.TOTL,Population,59013667.0
ITA,2022,NE.TRD.GNFS.ZS,Trade,72.01650230326966
ITA,2023,EG.ELC.ACCS.ZS,Electricity,100.0
ITA,2023,NY.GDP.MKTP.KD,GDP,2018541223675.2634
ITA,2023,NY.GDP.MKTP.KD.ZG,Growth,0.9227965436703158
ITA,2023,NY.GDP.PCAP.PP.KD,Income,52842.62888317576
ITA,2023,FP.CPI.TOTL.ZG,Inflation,5.622194421959011
ITA,2023,IT.NET.USER.ZS,Internet,87.0278292
ITA,2023,SP.DYN.LE00.IN,Life,83.35121951219513
ITA,2023,SP.POP.TOTL,Population,58984216.0
ITA,2023,NE.TRD.GNFS.ZS,Trade,65.10284194419083
ITA,2024,EG.ELC.ACCS.ZS,Electricity,100.0
ITA,2024,NY.GDP.MKTP.KD,GDP,2034347191418.336
ITA,2024,NY.GDP.MKTP.KD.ZG,Growth,0.7830391352767947
ITA,2024,NY.GDP.PCAP.PP.KD,Income,53284.8745049149
ITA,2024,FP.CPI.TOTL.ZG,Inflation,0.982373023061417
ITA,2024,IT.NET.USER.ZS,Internet,89.2207202
ITA,2024,SP.DYN.LE00.IN,Life,83.95121951219514
ITA,2024,SP.POP.TOTL,Population,58952704.0
ITA,2024,NE.TRD.GNFS.ZS,Trade,62.59261449156579
JPN,2000,EG.ELC.ACCS.ZS,Electricity,100.0
JPN,2000,NY.GDP.MKTP.KD,GDP,4030991750950.9023
JPN,2000,NY.GDP.MKTP.KD.ZG,Growth,2.9783268876851565
JPN,2000,NY.GDP.PCAP.PP.KD,Income,39731.79536863041
JPN,2000,FP.CPI.TOTL.ZG,Inflation,-0.6765786835951751
JPN,2000,IT.NET.USER.ZS,Internet,29.9907403589142
JPN,2000,SP.DYN.LE00.IN,Life,81.07609756097563
JPN,2000,SP.POP.TOTL,Population,126843000.0
JPN,2000,NE.TRD.GNFS.ZS,Trade,19.275193652938892
JPN,2001,EG.ELC.ACCS.ZS,Electricity,100.0
JPN,2001,NY.GDP.MKTP.KD,GDP,4042464298381.042
JPN,2001,NY.GDP.MKTP.KD.ZG,Growth,0.28460855637904103
JPN,2001,NY.GDP.PCAP.PP.KD,Income,39748.983772584856
JPN,2001,FP.CPI.TOTL.ZG,Inflation,-0.7400555041627376
JPN,2001,IT.NET.USER.ZS,Internet,38.5320608612719
JPN,2001,SP.DYN.LE00.IN,Life,81.41634146341464
JPN,2001,SP.POP.TOTL,Population,127149000.0
JPN,2001,NE.TRD.GNFS.ZS,Trade,19.277230380452675
JPN,2002,EG.ELC.ACCS.ZS,Electricity,100.0
JPN,2002,NY.GDP.MKTP.KD,GDP,4045899940482.2563
JPN,2002,NY.GDP.MKTP.KD.ZG,Growth,0.08498880503633188
JPN,2002,NY.GDP.PCAP.PP.KD,Income,39690.3676794625
JPN,2002,FP.CPI.TOTL.ZG,Inflation,-0.9234940269423205
JPN,2002,IT.NET.USER.ZS,Internet,46.5942011179917
JPN,2002,SP.DYN.LE00.IN,Life,81.69073170731708
JPN,2002,SP.POP.TOTL,Population,127445000.0
JPN,2002,NE.TRD.GNFS.ZS,Trade,20.14324815530246
JPN,2003,EG.ELC.ACCS.ZS,Electricity,100.0
JPN,2003,NY.GDP.MKTP.KD,GDP,4101737784188.6274
JPN,2003,NY.GDP.MKTP.KD.ZG,Growth,1.3801093583079478
JPN,2003,NY.GDP.PCAP.PP.KD,Income,40152.12826356414
JPN,2003,FP.CPI.TOTL.ZG,Inflation,-0.2565418163160245
JPN,2003,IT.NET.USER.ZS,Internet,48.4352658899653
JPN,2003,SP.DYN.LE00.IN,Life,81.76
JPN,2003,SP.POP.TOTL,Population,127718000.0
JPN,2003,NE.TRD.GNFS.ZS,Trade,21.075011910334702
JPN,2004,EG.ELC.ACCS.ZS,Electricity,100.0
JPN,2004,NY.GDP.MKTP.KD,GDP,4188405380395.491
JPN,2004,NY.GDP.MKTP.KD.ZG,Growth,2.112948237231265
JPN,2004,NY.GDP.PCAP.PP.KD,Income,40986.72257104968
JPN,2004,FP.CPI.TOTL.ZG,Inflation,-0.008573388203102716
JPN,2004,IT.NET.USER.ZS,Internet,62.3939296327259
JPN,2004,SP.DYN.LE00.IN,Life,82.03024390243904
JPN,2004,SP.POP.TOTL,Population,127761000.0
JPN,2004,NE.TRD.GNFS.ZS,Trade,23.432418545693213
JPN,2005,EG.ELC.ACCS.ZS,Electricity,100.0
JPN,2005,NY.GDP.MKTP.KD,GDP,4265818895379.4917
JPN,2005,NY.GDP.MKTP.KD.ZG,Growth,1.8482813374833995
JPN,2005,NY.GDP.PCAP.PP.KD,Income,41740.35203690501
JPN,2005,FP.CPI.TOTL.ZG,Inflation,-0.2829460687643906
JPN,2005,IT.NET.USER.ZS,Internet,66.9210661042901
JPN,2005,SP.DYN.LE00.IN,Life,81.95512195121951
JPN,2005,SP.POP.TOTL,Population,127773000.0
JPN,2005,NE.TRD.GNFS.ZS,Trade,25.99092792283822
JPN,2006,EG.ELC.ACCS.ZS,Electricity,100.0
JPN,2006,NY.GDP.MKTP.KD,GDP,4331781612600.8667
JPN,2006,NY.GDP.MKTP.KD.ZG,Growth,1.5463084307874055
JPN,2006,NY.GDP.PCAP.PP.KD,Income,42358.93373482528
JPN,2006,FP.CPI.TOTL.ZG,Inflation,0.2493551160790849
JPN,2006,IT.NET.USER.ZS,Internet,68.6852703213795
JPN,2006,SP.DYN.LE00.IN,Life,82.3219512195122
JPN,2006,SP.POP.TOTL,Population,127854000.0
JPN,2006,NE.TRD.GNFS.ZS,Trade,29.71487292948502
JPN,2007,EG.ELC.ACCS.ZS,Electricity,100.0
JPN,2007,NY.GDP.MKTP.KD,GDP,4406651221892.009
JPN,2007,NY.GDP.MKTP.KD.ZG,Growth,1.7283791286557744
JPN,2007,NY.GDP.PCAP.PP.KD,Income,43041.5697058021
JPN,2007,FP.CPI.TOTL.ZG,Inflation,0.06003945449866898
JPN,2007,IT.NET.USER.ZS,Internet,74.3
JPN,2007,SP.DYN.LE00.IN,Life,82.50707317073172
JPN,2007,SP.POP.TOTL,Population,128001000.0
JPN,2007,NE.TRD.GNFS.ZS,Trade,32.49572002627389
JPN,2008,EG.ELC.ACCS.ZS,Electricity,100.0
JPN,2008,NY.GDP.MKTP.KD,GDP,4355242255151.663
JPN,2008,NY.GDP.MKTP.KD.ZG,Growth,-1.1666220935514104
JPN,2008,NY.GDP.PCAP.PP.KD,Income,42518.842340841715
JPN,2008,FP.CPI.TOTL.ZG,Inflation,1.380078861649201
JPN,2008,IT.NET.USER.ZS,Internet,75.4
JPN,2008,SP.DYN.LE00.IN,Life,82.58756097560978
JPN,2008,SP.POP.TOTL,Population,128063000.0
JPN,2008,NE.TRD.GNFS.ZS,Trade,33.77380260891706
JPN,2009,EG.ELC.ACCS.ZS,Electricity,100.0
JPN,2009,NY.GDP.MKTP.KD,GDP,4096717638451.292
JPN,2009,NY.GDP.MKTP.KD.ZG,Growth,-5.935941138396402
JPN,2009,NY.GDP.PCAP.PP.KD,Income,39999.94642034076
JPN,2009,FP.CPI.TOTL.ZG,Inflation,-1.352836729517185
JPN,2009,IT.NET.USER.ZS,Internet,78.0
JPN,2009,SP.DYN.LE00.IN,Life,82.93146341463415
JPN,2009,SP.POP.TOTL,Population,128047000.0
JPN,2009,NE.TRD.GNFS.ZS,Trade,24.1730393019729
JPN,2010,EG.ELC.ACCS.ZS,Electricity,100.0
JPN,2010,NY.GDP.MKTP.KD,GDP,4266176556594.724
JPN,2010,NY.GDP.MKTP.KD.ZG,Growth,4.136455892222386
JPN,2010,NY.GDP.PCAP.PP.KD,Income,41647.04585420082
JPN,2010,FP.CPI.TOTL.ZG,Inflation,-0.7282432075177788
JPN,2010,IT.NET.USER.ZS,Internet,78.21
JPN,2010,SP.DYN.LE00.IN,Life,82.84268292682927
JPN,2010,SP.POP.TOTL,Population,128070000.0
JPN,2010,NE.TRD.GNFS.ZS,Trade,28.240015086066638
JPN,2011,EG.ELC.ACCS.ZS,Electricity,100.0
JPN,2011,NY.GDP.MKTP.KD,GDP,4257628936826.6714
JPN,2011,NY.GDP.MKTP.KD.ZG,Growth,-0.2003578533298196
JPN,2011,NY.GDP.PCAP.PP.KD,Income,41640.660872125074
JPN,2011,FP.CPI.TOTL.ZG,Inflation,-0.2724556161012401
JPN,2011,IT.NET.USER.ZS,Internet,79.0541135244739
JPN,2011,SP.DYN.LE00.IN,Life,82.59121951219514
JPN,2011,SP.POP.TOTL,Population,127833000.0
JPN,2011,NE.TRD.GNFS.ZS,Trade,29.971385355847247
JPN,2012,EG.ELC.ACCS.ZS,Electricity,100.0
JPN,2012,NY.GDP.MKTP.KD,GDP,4327834450517.2847
JPN,2012,NY.GDP.MKTP.KD.ZG,Growth,1.6489345298122515
JPN,2012,NY.GDP.PCAP.PP.KD,Income,42394.943317506404
JPN,2012,FP.CPI.TOTL.ZG,Inflation,-0.04406451044326019
JPN,2012,IT.NET.USER.ZS,Internet,79.4964
JPN,2012,SP.DYN.LE00.IN,Life,83.09609756097561
JPN,2012,SP.POP.TOTL,Population,127629000.0
JPN,2012,NE.TRD.GNFS.ZS,Trade,30.174299547803017
JPN,2013,EG.ELC.ACCS.ZS,Electricity,100.0
JPN,2013,NY.GDP.MKTP.KD,GDP,4414273272427.516
JPN,2013,NY.GDP.MKTP.KD.ZG,Growth,1.9972765339926468
JPN,2013,NY.GDP.PCAP.PP.KD,Income,43304.11819314258
JPN,2013,FP.CPI.TOTL.ZG,Inflation,0.3350379121847414
JPN,2013,IT.NET.USER.ZS,Internet,88.219428911
JPN,2013,SP.DYN.LE00.IN,Life,83.3319512195122
JPN,2013,SP.POP.TOTL,Population,127445000.0
JPN,2013,NE.TRD.GNFS.ZS,Trade,33.59136944608071
JPN,2014,EG.ELC.ACCS.ZS,Electricity,100.0
JPN,2014,NY.GDP.MKTP.KD,GDP,4454262857599.703
JPN,2014,NY.GDP.MKTP.KD.ZG,Growth,0.9059154860658651
JPN,2014,NY.GDP.PCAP.PP.KD,Income,43754.43801329304
JPN,2014,FP.CPI.TOTL.ZG,Inflation,2.759226713532531
JPN,2014,IT.NET.USER.ZS,Internet,89.1068330166075
JPN,2014,SP.DYN.LE00.IN,Life,83.5878048780488
JPN,2014,SP.POP.TOTL,Population,127276000.0
JPN,2014,NE.TRD.GNFS.ZS,Trade,36.764325021828206
JPN,2015,EG.ELC.ACCS.ZS,Electricity,100.0
JPN,2015,NY.GDP.MKTP.KD,GDP,4534438580494.94
JPN,2015,NY.GDP.MKTP.KD.ZG,Growth,1.7999773578347487
JPN,2015,NY.GDP.PCAP.PP.KD,Income,44589.303285400296
JPN,2015,FP.CPI.TOTL.ZG,Inflation,0.7952796305798392
JPN,2015,IT.NET.USER.ZS,Internet,91.0580283929962
JPN,2015,SP.DYN.LE00.IN,Life,83.7939024390244
JPN,2015,SP.POP.TOTL,Population,127141000.0
JPN,2015,NE.TRD.GNFS.ZS,Trade,34.72763058862926
JPN,2016,EG.ELC.ACCS.ZS,Electricity,100.0
JPN,2016,NY.GDP.MKTP.KD,GDP,4566405760116.545
JPN,2016,NY.GDP.MKTP.KD.ZG,Growth,0.7049864951112568
JPN,2016,NY.GDP.PCAP.PP.KD,Income,44926.62029095252
JPN,2016,FP.CPI.TOTL.ZG,Inflation,-0.1272588444897537
JPN,2016,IT.NET.USER.ZS,Internet,93.1827212821617
JPN,2016,SP.DYN.LE00.IN,Life,83.9848780487805
JPN,2016,SP.POP.TOTL,Population,127076000.0
JPN,2016,NE.TRD.GNFS.ZS,Trade,30.65627930685543
JPN,2017,EG.ELC.ACCS.ZS,Electricity,100.0
JPN,2017,NY.GDP.MKTP.KD,GDP,4640539102852.951
JPN,2017,NY.GDP.MKTP.KD.ZG,Growth,1.6234506224544134
JPN,2017,NY.GDP.PCAP.PP.KD,Income,45693.37760809871
JPN,2017,FP.CPI.TOTL.ZG,Inflation,0.4841997961263851
JPN,2017,IT.NET.USER.ZS,Internet,91.7265472366635
JPN,2017,SP.DYN.LE00.IN,Life,84.09975609756098
JPN,2017,SP.POP.TOTL,Population,126972000.0
JPN,2017,NE.TRD.GNFS.ZS,Trade,33.68883367927817
JPN,2018,EG.ELC.ACCS.ZS,Electricity,100.0
JPN,2018,NY.GDP.MKTP.KD,GDP,4679247874199.025
JPN,2018,NY.GDP.MKTP.KD.ZG,Growth,0.8341438459655848
JPN,2018,NY.GDP.PCAP.PP.KD,Income,46133.02259787178
JPN,2018,FP.CPI.TOTL.ZG,Inflation,0.989094598021848
JPN,2018,IT.NET.USER.ZS,Internet,88.7463508901772
JPN,2018,SP.DYN.LE00.IN,Life,84.2109756097561
JPN,2018,SP.POP.TOTL,Population,126811000.0
JPN,2018,NE.TRD.GNFS.ZS,Trade,35.8035749582494
JPN,2019,EG.ELC.ACCS.ZS,Electricity,100.0
JPN,2019,NY.GDP.MKTP.KD,GDP,4664812538574.46
JPN,2019,NY.GDP.MKTP.KD.ZG,Growth,-0.30849692114325933
JPN,2019,NY.GDP.PCAP.PP.KD,Income,46055.349867248704
JPN,2019,FP.CPI.TOTL.ZG,Inflation,0.4687761593839499
JPN,2019,IT.NET.USER.ZS,Internet,92.7303978145525
JPN,2019,SP.DYN.LE00.IN,Life,84.35634146341464
JPN,2019,SP.POP.TOTL,Population,126633000.0
JPN,2019,NE.TRD.GNFS.ZS,Trade,34.35829727999888
JPN,2020,EG.ELC.ACCS.ZS,Electricity,100.0
JPN,2020,NY.GDP.MKTP.KD,GDP,4465005582812.979
JPN,2020,NY.GDP.MKTP.KD.ZG,Growth,-4.283279426755726
JPN,2020,NY.GDP.PCAP.PP.KD,Income,44212.55034157237
JPN,2020,FP.CPI.TOTL.ZG,Inflation,-0.02499583402773104
JPN,2020,IT.NET.USER.ZS,Internet,90.21945812
JPN,2020,SP.DYN.LE00.IN,Life,84.56000000000002
JPN,2020,SP.POP.TOTL,Population,126261000.0
JPN,2020,NE.TRD.GNFS.ZS,Trade,30.519222689227295
JPN,2021,EG.ELC.ACCS.ZS,Electricity,100.0
JPN,2021,NY.GDP.MKTP.KD,GDP,4624147102598.69
JPN,2021,NY.GDP.MKTP.KD.ZG,Growth,3.564195314744751
JPN,2021,NY.GDP.PCAP.PP.KD,Income,45999.46179668955
JPN,2021,FP.CPI.TOTL.ZG,Inflation,-0.2333527793982636
JPN,2021,IT.NET.USER.ZS,Internet,82.91407928
JPN,2021,SP.DYN.LE00.IN,Life,84.44560975609757
JPN,2021,SP.POP.TOTL,Population,125681593.0
JPN,2021,NE.TRD.GNFS.ZS,Trade,35.42539273405387
JPN,2022,EG.ELC.ACCS.ZS,Electricity,100.0
JPN,2022,NY.GDP.MKTP.KD,GDP,4685724442189.067
JPN,2022,NY.GDP.MKTP.KD.ZG,Growth,1.3316475065374078
JPN,2022,NY.GDP.PCAP.PP.KD,Income,46819.360613609024
JPN,2022,FP.CPI.TOTL.ZG,Inflation,2.497702781722547
JPN,2022,IT.NET.USER.ZS,Internet,84.92343147
JPN,2022,SP.DYN.LE00.IN,Life,83.99634146341464
JPN,2022,SP.POP.TOTL,Population,125124989.0
JPN,2022,NE.TRD.GNFS.ZS,Trade,44.86063102003999
JPN,2023,EG.ELC.ACCS.ZS,Electricity,100.0
JPN,2023,NY.GDP.MKTP.KD,GDP,4719498455389.437
JPN,2023,NY.GDP.MKTP.KD.ZG,Growth,0.7207853047498105
JPN,2023,NY.GDP.PCAP.PP.KD,Income,47387.217254252326
JPN,2023,FP.CPI.TOTL.ZG,Inflation,3.268133659331635
JPN,2023,IT.NET.USER.ZS,Internet,85.00990295
JPN,2023,SP.DYN.LE00.IN,Life,84.04121951219513
JPN,2023,SP.POP.TOTL,Population,124516650.0
JPN,2023,NE.TRD.GNFS.ZS,Trade,43.59508338027346
JPN,2024,EG.ELC.ACCS.ZS,Electricity,100.0
JPN,2024,NY.GDP.MKTP.KD,GDP,4708167683577.815
JPN,2024,NY.GDP.MKTP.KD.ZG,Growth,-0.24008423604169593
JPN,2024,NY.GDP.PCAP.PP.KD,Income,47479.84485456675
JPN,2024,FP.CPI.TOTL.ZG,Inflation,2.738536816352407
JPN,2024,IT.NET.USER.ZS,Internet,85.54153081
JPN,2024,SP.DYN.LE00.IN,Life,84.03634146341463
JPN,2024,SP.POP.TOTL,Population,123975371.0
JPN,2024,NE.TRD.GNFS.ZS,Trade,44.85293885775733
KOR,2000,EG.ELC.ACCS.ZS,Electricity,100.0
KOR,2000,NY.GDP.MKTP.KD,GDP,835011437852.0541
KOR,2000,NY.GDP.MKTP.KD.ZG,Growth,9.201858388047896
KOR,2000,NY.GDP.PCAP.PP.KD,Income,26404.158857574548
KOR,2000,FP.CPI.TOTL.ZG,Inflation,2.259165800801571
KOR,2000,IT.NET.USER.ZS,Internet,44.7
KOR,2000,SP.DYN.LE00.IN,Life,75.90975609756099
KOR,2000,SP.POP.TOTL,Population,47008111.0
KOR,2000,NE.TRD.GNFS.ZS,Trade,64.05881557290562
KOR,2001,EG.ELC.ACCS.ZS,Electricity,100.0
KOR,2001,NY.GDP.MKTP.KD,GDP,874473540684.4933
KOR,2001,NY.GDP.MKTP.KD.ZG,Growth,4.7259356032235615
KOR,2001,NY.GDP.PCAP.PP.KD,Income,27440.656491584657
KOR,2001,FP.CPI.TOTL.ZG,Inflation,4.066575878977922
KOR,2001,IT.NET.USER.ZS,Internet,56.6
KOR,2001,SP.DYN.LE00.IN,Life,76.41219512195123
KOR,2001,SP.POP.TOTL,Population,47370164.0
KOR,2001,NE.TRD.GNFS.ZS,Trade,60.42773866416932
KOR,2002,EG.ELC.ACCS.ZS,Electricity,100.0
KOR,2002,NY.GDP.MKTP.KD,GDP,942192762521.0737
KOR,2002,NY.GDP.MKTP.KD.ZG,Growth,7.743998953195685
KOR,2002,NY.GDP.PCAP.PP.KD,Income,29395.276603679624
KOR,2002,FP.CPI.TOTL.ZG,Inflation,2.762262102965993
KOR,2002,IT.NET.USER.ZS,Internet,59.4
KOR,2002,SP.DYN.LE00.IN,Life,76.7658536585366
KOR,2002,SP.POP.TOTL,Population,47644736.0
KOR,2002,NE.TRD.GNFS.ZS,Trade,56.66887679602728
KOR,2003,EG.ELC.ACCS.ZS,Electricity,100.0
KOR,2003,NY.GDP.MKTP.KD,GDP,971162614185.7175
KOR,2003,NY.GDP.MKTP.KD.ZG,Growth,3.074726618269466
KOR,2003,NY.GDP.PCAP.PP.KD,Income,30142.46055858137
KOR,2003,FP.CPI.TOTL.ZG,Inflation,3.514874514599392
KOR,2003,IT.NET.USER.ZS,Internet,65.5
KOR,2003,SP.DYN.LE00.IN,Life,77.21463414634147
KOR,2003,SP.POP.TOTL,Population,47892330.0
KOR,2003,NE.TRD.GNFS.ZS,Trade,59.424294554173166
KOR,2004,EG.ELC.ACCS.ZS,Electricity,100.0
KOR,2004,NY.GDP.MKTP.KD,GDP,1021504157422.5989
KOR,2004,NY.GDP.MKTP.KD.ZG,Growth,5.183636859733397
KOR,2004,NY.GDP.PCAP.PP.KD,Income,31579.528304886684
KOR,2004,FP.CPI.TOTL.ZG,Inflation,3.590662988825776
KOR,2004,IT.NET.USER.ZS,Internet,72.7
KOR,2004,SP.DYN.LE00.IN,Life,77.66585365853659
KOR,2004,SP.POP.TOTL,Population,48082519.0
KOR,2004,NE.TRD.GNFS.ZS,Trade,67.9270638751076
KOR,2005,EG.ELC.ACCS.ZS,Electricity,100.0
KOR,2005,NY.GDP.MKTP.KD,GDP,1066023726231.4058
KOR,2005,NY.GDP.MKTP.KD.ZG,Growth,4.3582366733715645
KOR,2005,NY.GDP.PCAP.PP.KD,Income,32886.047245074304
KOR,2005,FP.CPI.TOTL.ZG,Inflation,2.753791627350392
KOR,2005,IT.NET.USER.ZS,Internet,73.5
KOR,2005,SP.DYN.LE00.IN,Life,78.16829268292683
KOR,2005,SP.POP.TOTL,Population,48184561.0
KOR,2005,NE.TRD.GNFS.ZS,Trade,66.1695148242697
KOR,2006,EG.ELC.ACCS.ZS,Electricity,100.0
KOR,2006,NY.GDP.MKTP.KD,GDP,1121936729365.4138
KOR,2006,NY.GDP.MKTP.KD.ZG,Growth,5.2450055058034195
KOR,2006,NY.GDP.PCAP.PP.KD,Income,34429.622201313716
KOR,2006,FP.CPI.TOTL.ZG,Inflation,2.242340285189206
KOR,2006,IT.NET.USER.ZS,Internet,78.1
KOR,2006,SP.DYN.LE00.IN,Life,78.66829268292685
KOR,2006,SP.POP.TOTL,Population,48438292.0
KOR,2006,NE.TRD.GNFS.ZS,Trade,68.37495094022627
KOR,2007,EG.ELC.ACCS.ZS,Electricity,100.0
KOR,2007,NY.GDP.MKTP.KD,GDP,1187479862374.904
KOR,2007,NY.GDP.MKTP.KD.ZG,Growth,5.841963391871701
KOR,2007,NY.GDP.PCAP.PP.KD,Income,36257.340168970164
KOR,2007,FP.CPI.TOTL.ZG,Inflation,2.534573821379323
KOR,2007,IT.NET.USER.ZS,Internet,78.8
KOR,2007,SP.DYN.LE00.IN,Life,79.11951219512196
KOR,2007,SP.POP.TOTL,Population,48683638.0
KOR,2007,NE.TRD.GNFS.ZS,Trade,71.32396149880132
KOR,2008,EG.ELC.ACCS.ZS,Electricity,100.0
KOR,2008,NY.GDP.MKTP.KD,GDP,1223156560996.135
KOR,2008,NY.GDP.MKTP.KD.ZG,Growth,3.004404516795688
KOR,2008,NY.GDP.PCAP.PP.KD,Income,37064.15184841065
KOR,2008,FP.CPI.TOTL.ZG,Inflation,4.67389655533408
KOR,2008,IT.NET.USER.ZS,Internet,81.0
KOR,2008,SP.DYN.LE00.IN,Life,79.5170731707317
KOR,2008,SP.POP.TOTL,Population,49054708.0
KOR,2008,NE.TRD.GNFS.ZS,Trade,92.08335449618191
KOR,2009,EG.ELC.ACCS.ZS,Electricity,100.0
KOR,2009,NY.GDP.MKTP.KD,GDP,1233184753860.8594
KOR,2009,NY.GDP.MKTP.KD.ZG,Growth,0.81986175641795
KOR,2009,NY.GDP.PCAP.PP.KD,Income,37176.19392709687
KOR,2009,FP.CPI.TOTL.ZG,Inflation,2.756496544939298
KOR,2009,IT.NET.USER.ZS,Internet,81.6
KOR,2009,SP.DYN.LE00.IN,Life,79.96829268292684
KOR,2009,SP.POP.TOTL,Population,49307835.0
KOR,2009,NE.TRD.GNFS.ZS,Trade,83.12460990571617
KOR,2010,EG.ELC.ACCS.ZS,Electricity,100.0
KOR,2010,NY.GDP.MKTP.KD,GDP,1319281537670.4104
KOR,2010,NY.GDP.MKTP.KD.ZG,Growth,6.981661388530711
KOR,2010,NY.GDP.PCAP.PP.KD,Income,39574.05007329468
KOR,2010,FP.CPI.TOTL.ZG,Inflation,2.939286526556858
KOR,2010,IT.NET.USER.ZS,Internet,83.7
KOR,2010,SP.DYN.LE00.IN,Life,80.11707317073171
KOR,2010,SP.POP.TOTL,Population,49554112.0
KOR,2010,NE.TRD.GNFS.ZS,Trade,88.02786771231239
KOR,2011,EG.ELC.ACCS.ZS,Electricity,100.0
KOR,2011,NY.GDP.MKTP.KD,GDP,1367937063745.2507
KOR,2011,NY.GDP.MKTP.KD.ZG,Growth,3.6880320602951997
KOR,2011,NY.GDP.PCAP.PP.KD,Income,40719.22737716707
KOR,2011,FP.CPI.TOTL.ZG,Inflation,4.0259650043609
KOR,2011,IT.NET.USER.ZS,Internet,83.7591201534472
KOR,2011,SP.DYN.LE00.IN,Life,80.56829268292685
KOR,2011,SP.POP.TOTL,Population,49936638.0
KOR,2011,NE.TRD.GNFS.ZS,Trade,101.68061646213012
KOR,2012,EG.ELC.ACCS.ZS,Electricity,100.0
KOR,2012,NY.GDP.MKTP.KD,GDP,1402787524457.7334
KOR,2012,NY.GDP.MKTP.KD.ZG,Growth,2.547665505682417
KOR,2012,NY.GDP.PCAP.PP.KD,Income,41537.67286111168
KOR,2012,FP.CPI.TOTL.ZG,Inflation,2.187071044333137
KOR,2012,IT.NET.USER.ZS,Internet,84.07
KOR,2012,SP.DYN.LE00.IN,Life,80.81951219512196
KOR,2012,SP.POP.TOTL,Population,50199853.0
KOR,2012,NE.TRD.GNFS.ZS,Trade,101.51727207905022
KOR,2013,EG.ELC.ACCS.ZS,Electricity,100.0
KOR,2013,NY.GDP.MKTP.KD,GDP,1448958816285.7803
KOR,2013,NY.GDP.MKTP.KD.ZG,Growth,3.291395954344196
KOR,2013,NY.GDP.PCAP.PP.KD,Income,42709.975185788724
KOR,2013,FP.CPI.TOTL.ZG,Inflation,1.301347545474125
KOR,2013,IT.NET.USER.ZS,Internet,84.77
KOR,2013,SP.DYN.LE00.IN,Life,81.27073170731707
KOR,2013,SP.POP.TOTL,Population,50428893.0
KOR,2013,NE.TRD.GNFS.ZS,Trade,94.16752358558726
KOR,2014,EG.ELC.ACCS.ZS,Electricity,100.0
KOR,2014,NY.GDP.MKTP.KD,GDP,1495538208413.1575
KOR,2014,NY.GDP.MKTP.KD.ZG,Growth,3.2146801968310825
KOR,2014,NY.GDP.PCAP.PP.KD,Income,43806.925098566084
KOR,2014,FP.CPI.TOTL.ZG,Inflation,1.274774464013219
KOR,2014,IT.NET.USER.ZS,Internet,87.5568264944747
KOR,2014,SP.DYN.LE00.IN,Life,81.7219512195122
KOR,2014,SP.POP.TOTL,Population,50746659.0
KOR,2014,NE.TRD.GNFS.ZS,Trade,86.93425779720386
KOR,2015,EG.ELC.ACCS.ZS,Electricity,100.0
KOR,2015,NY.GDP.MKTP.KD,GDP,1539212301135.547
KOR,2015,NY.GDP.MKTP.KD.ZG,Growth,2.920292673012341
KOR,2015,NY.GDP.PCAP.PP.KD,Income,44849.10676708895
KOR,2015,FP.CPI.TOTL.ZG,Inflation,0.7063317724557499
KOR,2015,IT.NET.USER.ZS,Internet,89.8962557995106
KOR,2015,SP.DYN.LE00.IN,Life,82.02439024390245
KOR,2015,SP.POP.TOTL,Population,51014947.0
KOR,2015,NE.TRD.GNFS.ZS,Trade,75.38817745649067
KOR,2016,EG.ELC.ACCS.ZS,Electricity,100.0
KOR,2016,NY.GDP.MKTP.KD,GDP,1588028842393.0498
KOR,2016,NY.GDP.MKTP.KD.ZG,Growth,3.171527489839349
KOR,2016,NY.GDP.PCAP.PP.KD,Income,46088.243078538326
KOR,2016,FP.CPI.TOTL.ZG,Inflation,0.9716857399121679
KOR,2016,IT.NET.USER.ZS,Internet,92.8430256796075
KOR,2016,SP.DYN.LE00.IN,Life,82.27560975609758
KOR,2016,SP.POP.TOTL,Population,51217803.0
KOR,2016,NE.TRD.GNFS.ZS,Trade,69.89972213169192
KOR,2017,EG.ELC.ACCS.ZS,Electricity,100.0
KOR,2017,NY.GDP.MKTP.KD,GDP,1642548917819.5881
KOR,2017,NY.GDP.MKTP.KD.ZG,Growth,3.4331917639720047
KOR,2017,NY.GDP.PCAP.PP.KD,Income,47536.789856885116
KOR,2017,FP.CPI.TOTL.ZG,Inflation,1.944332307863661
KOR,2017,IT.NET.USER.ZS,Internet,95.0694218761004
KOR,2017,SP.DYN.LE00.IN,Life,82.62682926829268
KOR,2017,SP.POP.TOTL,Population,51361911.0
KOR,2017,NE.TRD.GNFS.ZS,Trade,73.19214082640161
KOR,2018,EG.ELC.ACCS.ZS,Electricity,100.0
KOR,2018,NY.GDP.MKTP.KD,GDP,1694718171579.2532
KOR,2018,NY.GDP.MKTP.KD.ZG,Growth,3.1761156817732683
KOR,2018,NY.GDP.PCAP.PP.KD,Income,48834.447115773335
KOR,2018,FP.CPI.TOTL.ZG,Inflation,1.475839350026451
KOR,2018,IT.NET.USER.ZS,Internet,96.0228595797887
KOR,2018,SP.DYN.LE00.IN,Life,82.62682926829268
KOR,2018,SP.POP.TOTL,Population,51585058.0
KOR,2018,NE.TRD.GNFS.ZS,Trade,74.70751621408243
KOR,2019,EG.ELC.ACCS.ZS,Electricity,100.0
KOR,2019,NY.GDP.MKTP.KD,GDP,1733930596323.252
KOR,2019,NY.GDP.MKTP.KD.ZG,Growth,2.3138021059547498
KOR,2019,NY.GDP.PCAP.PP.KD,Income,49790.86798848215
KOR,2019,FP.CPI.TOTL.ZG,Inflation,0.3830003036081358
KOR,2019,IT.NET.USER.ZS,Internet,96.157579184239
KOR,2019,SP.DYN.LE00.IN,Life,83.22682926829269
KOR,2019,SP.POP.TOTL,Population,51764822.0
KOR,2019,NE.TRD.GNFS.ZS,Trade,71.4470632403511
KOR,2020,EG.ELC.ACCS.ZS,Electricity,100.0
KOR,2020,NY.GDP.MKTP.KD,GDP,1721788880530.9863
KOR,2020,NY.GDP.MKTP.KD.ZG,Growth,-0.7002423175421058
KOR,2020,NY.GDP.PCAP.PP.KD,Income,49374.09261480253
KOR,2020,FP.CPI.TOTL.ZG,Inflation,0.5372880234117372
KOR,2020,IT.NET.USER.ZS,Internet,96.50506052
KOR,2020,SP.DYN.LE00.IN,Life,83.42682926829269
KOR,2020,SP.POP.TOTL,Population,51836239.0
KOR,2020,NE.TRD.GNFS.ZS,Trade,65.544957860621
KOR,2021,EG.ELC.ACCS.ZS,Electricity,100.0
KOR,2021,NY.GDP.MKTP.KD,GDP,1801214449834.7632
KOR,2021,NY.GDP.MKTP.KD.ZG,Growth,4.612967954542867
KOR,2021,NY.GDP.PCAP.PP.KD,Income,51718.251865663115
KOR,2021,FP.CPI.TOTL.ZG,Inflation,2.498333333333394
KOR,2021,IT.NET.USER.ZS,Internet,97.57132698
KOR,2021,SP.DYN.LE00.IN,Life,83.52682926829269
KOR,2021,SP.POP.TOTL,Population,51769539.0
KOR,2021,NE.TRD.GNFS.ZS,Trade,75.30630476109123
KOR,2022,EG.ELC.ACCS.ZS,Electricity,100.0
KOR,2022,NY.GDP.MKTP.KD,GDP,1850343736945.7598
KOR,2022,NY.GDP.MKTP.KD.ZG,Growth,2.727564567089914
KOR,2022,NY.GDP.PCAP.PP.KD,Income,53228.60356553654
KOR,2022,FP.CPI.TOTL.ZG,Inflation,5.089513650628416
KOR,2022,IT.NET.USER.ZS,Internet,97.16855335
KOR,2022,SP.DYN.LE00.IN,Life,82.68048780487806
KOR,2022,SP.POP.TOTL,Population,51672569.0
KOR,2022,NE.TRD.GNFS.ZS,Trade,90.58514752785493
KOR,2023,EG.ELC.ACCS.ZS,Electricity,100.0
KOR,2023,NY.GDP.MKTP.KD,GDP,1879634949821.7227
KOR,2023,NY.GDP.MKTP.KD.ZG,Growth,1.583014674036292
KOR,2023,NY.GDP.PCAP.PP.KD,Income,54029.3434990785
KOR,2023,FP.CPI.TOTL.ZG,Inflation,3.597456250290104
KOR,2023,IT.NET.USER.ZS,Internet,97.41597478
KOR,2023,SP.DYN.LE00.IN,Life,83.42926829268293
KOR,2023,SP.POP.TOTL,Population,51712619.0
KOR,2023,NE.TRD.GNFS.ZS,Trade,82.25800907166285
KOR,2024,EG.ELC.ACCS.ZS,Electricity,100.0
KOR,2024,NY.GDP.MKTP.KD,GDP,1917295522781.8574
KOR,2024,NY.GDP.MKTP.KD.ZG,Growth,2.0036110183898614
KOR,2024,NY.GDP.PCAP.PP.KD,Income,55070.938619412125
KOR,2024,FP.CPI.TOTL.ZG,Inflation,2.321743286435421
KOR,2024,IT.NET.USER.ZS,Internet,97.89563777
KOR,2024,SP.DYN.LE00.IN,Life,83.62926829268294
KOR,2024,SP.POP.TOTL,Population,51751065.0
KOR,2024,NE.TRD.GNFS.ZS,Trade,84.64249511920376
MEX,2000,EG.ELC.ACCS.ZS,Electricity,98.0
MEX,2000,NY.GDP.MKTP.KD,GDP,945027051109.8092
MEX,2000,NY.GDP.MKTP.KD.ZG,Growth,5.029283993782613
MEX,2000,NY.GDP.PCAP.PP.KD,Income,20470.493766915755
MEX,2000,FP.CPI.TOTL.ZG,Inflation,9.491561494354025
MEX,2000,IT.NET.USER.ZS,Internet,5.08138415338066
MEX,2000,SP.DYN.LE00.IN,Life,72.562
MEX,2000,SP.POP.TOTL,Population,98625552.0
MEX,2000,NE.TRD.GNFS.ZS,Trade,49.91040918724975
MEX,2001,EG.ELC.ACCS.ZS,Electricity,97.1
MEX,2001,NY.GDP.MKTP.KD,GDP,940766441508.2739
MEX,2001,NY.GDP.MKTP.KD.ZG,Growth,-0.45084525321594526
MEX,2001,NY.GDP.PCAP.PP.KD,Income,20078.21839313071
MEX,2001,FP.CPI.TOTL.ZG,Inflation,6.36773806235037
MEX,2001,IT.NET.USER.ZS,Internet,7.0380231165045
MEX,2001,SP.DYN.LE00.IN,Life,72.912
MEX,2001,SP.POP.TOTL,Population,100099099.0
MEX,2001,NE.TRD.GNFS.ZS,Trade,44.740109012317305
MEX,2002,EG.ELC.ACCS.ZS,Electricity,97.9
MEX,2002,NY.GDP.MKTP.KD,GDP,938540700981.5508
MEX,2002,NY.GDP.MKTP.KD.ZG,Growth,-0.23658800192264096
MEX,2002,NY.GDP.PCAP.PP.KD,Income,19744.793367560902
MEX,2002,FP.CPI.TOTL.ZG,Inflation,5.030727331512953
MEX,2002,IT.NET.USER.ZS,Internet,11.9
MEX,2002,SP.DYN.LE00.IN,Life,73.106
MEX,2002,SP.POP.TOTL,Population,101548624.0
MEX,2002,NE.TRD.GNFS.ZS,Trade,45.209829259652025
MEX,2003,EG.ELC.ACCS.ZS,Electricity,97.4
MEX,2003,NY.GDP.MKTP.KD,GDP,949667522087.6405
MEX,2003,NY.GDP.MKTP.KD.ZG,Growth,1.1855448670955866
MEX,2003,NY.GDP.PCAP.PP.KD,Income,19701.463389871373
MEX,2003,FP.CPI.TOTL.ZG,Inflation,4.546900121187184
MEX,2003,IT.NET.USER.ZS,Internet,12.9
MEX,2003,SP.DYN.LE00.IN,Life,73.308
MEX,2003,SP.POP.TOTL,Population,102978515.0
MEX,2003,NE.TRD.GNFS.ZS,Trade,48.70041686904549
MEX,2004,EG.ELC.ACCS.ZS,Electricity,98.6
MEX,2004,NY.GDP.MKTP.KD,GDP,983527357532.9243
MEX,2004,NY.GDP.MKTP.KD.ZG,Growth,3.565441026228868
MEX,2004,NY.GDP.PCAP.PP.KD,Income,20127.224290296806
MEX,2004,FP.CPI.TOTL.ZG,Inflation,4.688408848431427
MEX,2004,IT.NET.USER.ZS,Internet,14.1
MEX,2004,SP.DYN.LE00.IN,Life,73.432
MEX,2004,SP.POP.TOTL,Population,104394131.0
MEX,2004,NE.TRD.GNFS.ZS,Trade,52.040620033563165
MEX,2005,EG.ELC.ACCS.ZS,Electricity,98.9
MEX,2005,NY.GDP.MKTP.KD,GDP,1004311721038.5983
MEX,2005,NY.GDP.MKTP.KD.ZG,Growth,2.113247114732971
MEX,2005,NY.GDP.PCAP.PP.KD,Income,20277.255285200703
MEX,2005,FP.CPI.TOTL.ZG,Inflation,3.988057145974374
MEX,2005,IT.NET.USER.ZS,Internet,17.20999908
MEX,2005,SP.DYN.LE00.IN,Life,73.627
MEX,2005,SP.POP.TOTL,Population,105811504.0
MEX,2005,NE.TRD.GNFS.ZS,Trade,52.56264465704506
MEX,2006,EG.ELC.ACCS.ZS,Electricity,99.1
MEX,2006,NY.GDP.MKTP.KD,GDP,1052569034983.7932
MEX,2006,NY.GDP.MKTP.KD.ZG,Growth,4.805013516649012
MEX,2006,NY.GDP.PCAP.PP.KD,Income,20965.825608704406
MEX,2006,FP.CPI.TOTL.ZG,Inflation,3.629467624391321
MEX,2006,IT.NET.USER.ZS,Internet,19.52000046
MEX,2006,SP.DYN.LE00.IN,Life,73.746
MEX,2006,SP.POP.TOTL,Population,107253666.0
MEX,2006,NE.TRD.GNFS.ZS,Trade,54.48211608861695
MEX,2007,EG.ELC.ACCS.ZS,Electricity,97.9
MEX,2007,NY.GDP.MKTP.KD,GDP,1074439987400.411
MEX,2007,NY.GDP.MKTP.KD.ZG,Growth,2.0778639395329037
MEX,2007,NY.GDP.PCAP.PP.KD,Income,21102.26883383487
MEX,2007,FP.CPI.TOTL.ZG,Inflation,3.966849054582353
MEX,2007,IT.NET.USER.ZS,Internet,20.81
MEX,2007,SP.DYN.LE00.IN,Life,73.796
MEX,2007,SP.POP.TOTL,Population,108774360.0
MEX,2007,NE.TRD.GNFS.ZS,Trade,55.25852439903684
MEX,2008,EG.ELC.ACCS.ZS,Electricity,98.9
MEX,2008,NY.GDP.MKTP.KD,GDP,1084575522256.8807
MEX,2008,NY.GDP.MKTP.KD.ZG,Growth,0.9433318729129354
MEX,2008,NY.GDP.PCAP.PP.KD,Income,20992.560266236385
MEX,2008,FP.CPI.TOTL.ZG,Inflation,5.124982745758964
MEX,2008,IT.NET.USER.ZS,Internet,21.71
MEX,2008,SP.DYN.LE00.IN,Life,73.695
MEX,2008,SP.POP.TOTL,Population,110374288.0
MEX,2008,NE.TRD.GNFS.ZS,Trade,56.36528187317729
MEX,2009,EG.ELC.ACCS.ZS,Electricity,98.3
MEX,2009,NY.GDP.MKTP.KD,GDP,1016298775542.7555
MEX,2009,NY.GDP.MKTP.KD.ZG,Growth,-6.295250566972868
MEX,2009,NY.GDP.PCAP.PP.KD,Income,19385.54372518774
MEX,2009,FP.CPI.TOTL.ZG,Inflation,5.297355842288558
MEX,2009,IT.NET.USER.ZS,Internet,26.34
MEX,2009,SP.DYN.LE00.IN,Life,73.628
MEX,2009,SP.POP.TOTL,Population,111999721.0
MEX,2009,NE.TRD.GNFS.ZS,Trade,54.59174213563226
MEX,2010,EG.ELC.ACCS.ZS,Electricity,99.2
MEX,2010,NY.GDP.MKTP.KD,GDP,1066822388040.1488
MEX,2010,NY.GDP.MKTP.KD.ZG,Growth,4.971334583219502
MEX,2010,NY.GDP.PCAP.PP.KD,Income,20058.385488230142
MEX,2010,FP.CPI.TOTL.ZG,Inflation,4.156727226801737
MEX,2010,IT.NET.USER.ZS,Internet,31.05
MEX,2010,SP.DYN.LE00.IN,Life,73.718
MEX,2010,SP.POP.TOTL,Population,113623895.0
MEX,2010,NE.TRD.GNFS.ZS,Trade,59.2733845336286
MEX,2011,EG.ELC.ACCS.ZS,Electricity,99.0
MEX,2011,NY.GDP.MKTP.KD,GDP,1103564231719.4314
MEX,2011,NY.GDP.MKTP.KD.ZG,Growth,3.4440450529708926
MEX,2011,NY.GDP.PCAP.PP.KD,Income,20457.600167778302
MEX,2011,FP.CPI.TOTL.ZG,Inflation,3.407378246057421
MEX,2011,IT.NET.USER.ZS,Internet,37.1762954125184
MEX,2011,SP.DYN.LE00.IN,Life,73.921
MEX,2011,SP.POP.TOTL,Population,115243504.0
MEX,2011,NE.TRD.GNFS.ZS,Trade,62.16238727644977
MEX,2012,EG.ELC.ACCS.ZS,Electricity,99.1
MEX,2012,NY.GDP.MKTP.KD,GDP,1142776194745.5684
MEX,2012,NY.GDP.MKTP.KD.ZG,Growth,3.553210760106083
MEX,2012,NY.GDP.PCAP.PP.KD,Income,20898.93572090796
MEX,2012,FP.CPI.TOTL.ZG,Inflation,4.111509810702894
MEX,2012,IT.NET.USER.ZS,Internet,39.75
MEX,2012,SP.DYN.LE00.IN,Life,74.128
MEX,2012,SP.POP.TOTL,Population,116818208.0
MEX,2012,NE.TRD.GNFS.ZS,Trade,64.25793189389888
MEX,2013,EG.ELC.ACCS.ZS,Electricity,99.1
MEX,2013,NY.GDP.MKTP.KD,GDP,1152513808415.9087
MEX,2013,NY.GDP.MKTP.KD.ZG,Growth,0.8521015501647042
MEX,2013,NY.GDP.PCAP.PP.KD,Income,20805.34804065642
MEX,2013,FP.CPI.TOTL.ZG,Inflation,3.806390697472044
MEX,2013,IT.NET.USER.ZS,Internet,43.46
MEX,2013,SP.DYN.LE00.IN,Life,74.289
MEX,2013,SP.POP.TOTL,Population,118343573.0
MEX,2013,NE.TRD.GNFS.ZS,Trade,62.6916747661852
MEX,2014,EG.ELC.ACCS.ZS,Electricity,99.2
MEX,2014,NY.GDP.MKTP.KD,GDP,1181370028573.7961
MEX,2014,NY.GDP.MKTP.KD.ZG,Growth,2.5037635078359273
MEX,2014,NY.GDP.PCAP.PP.KD,Income,21069.76616538862
MEX,2014,FP.CPI.TOTL.ZG,Inflation,4.018616080786787
MEX,2014,IT.NET.USER.ZS,Internet,44.3856962723411
MEX,2014,SP.DYN.LE00.IN,Life,74.404
MEX,2014,SP.POP.TOTL,Population,119784261.0
MEX,2014,NE.TRD.GNFS.ZS,Trade,64.09840903158754
MEX,2015,EG.ELC.ACCS.ZS,Electricity,99.0
MEX,2015,NY.GDP.MKTP.KD,GDP,1213294467653.782
MEX,2015,NY.GDP.MKTP.KD.ZG,Growth,2.7023234302402557
MEX,2015,NY.GDP.PCAP.PP.KD,Income,21408.928321619533
MEX,2015,FP.CPI.TOTL.ZG,Inflation,2.720640649640229
MEX,2015,IT.NET.USER.ZS,Internet,57.4310429923633
MEX,2015,SP.DYN.LE00.IN,Life,74.431
MEX,2015,SP.POP.TOTL,Population,121072306.0
MEX,2015,NE.TRD.GNFS.ZS,Trade,70.41297467992587
MEX,2016,EG.ELC.ACCS.ZS,Electricity,99.5
MEX,2016,NY.GDP.MKTP.KD,GDP,1234800029897.2534
MEX,2016,NY.GDP.MKTP.KD.ZG,Growth,1.772493225412802
MEX,2016,NY.GDP.PCAP.PP.KD,Income,21578.263354125986
MEX,2016,FP.CPI.TOTL.ZG,Inflation,2.821707847476604
MEX,2016,IT.NET.USER.ZS,Internet,59.5404459967255
MEX,2016,SP.DYN.LE00.IN,Life,74.376
MEX,2016,SP.POP.TOTL,Population,122251351.0
MEX,2016,NE.TRD.GNFS.ZS,Trade,75.69030340885506
MEX,2017,EG.ELC.ACCS.ZS,Electricity,100.0
MEX,2017,NY.GDP.MKTP.KD,GDP,1257912134548.8308
MEX,2017,NY.GDP.MKTP.KD.ZG,Growth,1.8717285464838085
MEX,2017,NY.GDP.PCAP.PP.KD,Income,21777.522512727523
MEX,2017,FP.CPI.TOTL.ZG,Inflation,6.041457240189856
MEX,2017,IT.NET.USER.ZS,Internet,53.0317886110982
MEX,2017,SP.DYN.LE00.IN,Life,74.261
MEX,2017,SP.POP.TOTL,Population,123400057.0
MEX,2017,NE.TRD.GNFS.ZS,Trade,76.95212604413997
MEX,2018,EG.ELC.ACCS.ZS,Electricity,99.5
MEX,2018,NY.GDP.MKTP.KD,GDP,1282719194726.5012
MEX,2018,NY.GDP.MKTP.KD.ZG,Growth,1.9720821110106925
MEX,2018,NY.GDP.PCAP.PP.KD,Income,21997.77302194944
MEX,2018,FP.CPI.TOTL.ZG,Inflation,4.899350153565507
MEX,2018,IT.NET.USER.ZS,Internet,56.6595667981289
MEX,2018,SP.DYN.LE00.IN,Life,74.301
MEX,2018,SP.POP.TOTL,Population,124573711.0
MEX,2018,NE.TRD.GNFS.ZS,Trade,80.21266165026198
MEX,2019,EG.ELC.ACCS.ZS,Electricity,99.6
MEX,2019,NY.GDP.MKTP.KD,GDP,1277682078136.6536
MEX,2019,NY.GDP.MKTP.KD.ZG,Growth,-0.39269051329053184
MEX,2019,NY.GDP.PCAP.PP.KD,Income,21704.185952747954
MEX,2019,FP.CPI.TOTL.ZG,Inflation,3.635961421270462
MEX,2019,IT.NET.USER.ZS,Internet,69.6321092705209
MEX,2019,SP.DYN.LE00.IN,Life,74.53
MEX,2019,SP.POP.TOTL,Population,125762982.0
MEX,2019,NE.TRD.GNFS.ZS,Trade,77.4619722509459
MEX,2020,EG.ELC.ACCS.ZS,Electricity,99.4
MEX,2020,NY.GDP.MKTP.KD,GDP,1170944075330.4546
MEX,2020,NY.GDP.MKTP.KD.ZG,Growth,-8.354034593790615
MEX,2020,NY.GDP.PCAP.PP.KD,Income,19728.48178274552
MEX,2020,FP.CPI.TOTL.ZG,Inflation,3.396834155700065
MEX,2020,IT.NET.USER.ZS,Internet,71.49017499
MEX,2020,SP.DYN.LE00.IN,Life,70.449
MEX,2020,SP.POP.TOTL,Population,126799054.0
MEX,2020,NE.TRD.GNFS.ZS,Trade,76.85455571517377
MEX,2021,EG.ELC.ACCS.ZS,Electricity,100.0
MEX,2021,NY.GDP.MKTP.KD,GDP,1241768434190.0857
MEX,2021,NY.GDP.MKTP.KD.ZG,Growth,6.048483471735722
MEX,2021,NY.GDP.PCAP.PP.KD,Income,20782.58774409054
MEX,2021,FP.CPI.TOTL.ZG,Inflation,5.689208476837533
MEX,2021,IT.NET.USER.ZS,Internet,75.62650476
MEX,2021,SP.DYN.LE00.IN,Life,69.75
MEX,2021,SP.POP.TOTL,Population,127648148.0
MEX,2021,NE.TRD.GNFS.ZS,Trade,83.06929762645237
MEX,2022,EG.ELC.ACCS.ZS,Electricity,100.0
MEX,2022,NY.GDP.MKTP.KD,GDP,1287835026633.0403
MEX,2022,NY.GDP.MKTP.KD.ZG,Growth,3.7097570830909774
MEX,2022,NY.GDP.PCAP.PP.KD,Income,21391.857369884536
MEX,2022,FP.CPI.TOTL.ZG,Inflation,7.896276191685497
MEX,2022,IT.NET.USER.ZS,Internet,78.63217894
MEX,2022,SP.DYN.LE00.IN,Life,73.973
MEX,2022,SP.POP.TOTL,Population,128613117.0
MEX,2022,NE.TRD.GNFS.ZS,Trade,88.79848558972607
MEX,2023,EG.ELC.ACCS.ZS,Electricity,99.7
MEX,2023,NY.GDP.MKTP.KD,GDP,1327845439047.7083
MEX,2023,NY.GDP.MKTP.KD.ZG,Growth,3.1067964131456023
MEX,2023,NY.GDP.PCAP.PP.KD,Income,21864.92361041453
MEX,2023,FP.CPI.TOTL.ZG,Inflation,5.527960873143888
MEX,2023,IT.NET.USER.ZS,Internet,81.18318755
MEX,2023,SP.DYN.LE00.IN,Life,75.069
MEX,2023,SP.POP.TOTL,Population,129739759.0
MEX,2023,NE.TRD.GNFS.ZS,Trade,73.73907582556643
MEX,2024,EG.ELC.ACCS.ZS,Electricity,99.8
MEX,2024,NY.GDP.MKTP.KD,GDP,1345779005031.984
MEX,2024,NY.GDP.MKTP.KD.ZG,Growth,1.3505763138469575
MEX,2024,NY.GDP.PCAP.PP.KD,Income,21970.352041292626
MEX,2024,FP.CPI.TOTL.ZG,Inflation,4.722255884529316
MEX,2024,IT.NET.USER.ZS,Internet,83.12233799
MEX,2024,SP.DYN.LE00.IN,Life,75.264
MEX,2024,SP.POP.TOTL,Population,130861007.0
MEX,2024,NE.TRD.GNFS.ZS,Trade,75.42590154150676
NGA,2000,EG.ELC.ACCS.ZS,Electricity,43.2
NGA,2000,NY.GDP.MKTP.KD,GDP,179675448843.37778
NGA,2000,NY.GDP.MKTP.KD.ZG,Growth,5.015934759365464
NGA,2000,NY.GDP.PCAP.PP.KD,Income,4889.003219212293
NGA,2000,FP.CPI.TOTL.ZG,Inflation,6.933292155651596
NGA,2000,IT.NET.USER.ZS,Internet,0.0640808079494101
NGA,2000,SP.DYN.LE00.IN,Life,47.143
NGA,2000,SP.POP.TOTL,Population,126382494.0
NGA,2000,NE.TRD.GNFS.ZS,Trade,
NGA,2001,EG.ELC.ACCS.ZS,Electricity,43.9
NGA,2001,NY.GDP.MKTP.KD,GDP,190308075298.04306
NGA,2001,NY.GDP.MKTP.KD.ZG,Growth,5.917684649244251
NGA,2001,NY.GDP.PCAP.PP.KD,Income,5039.5486975411195
NGA,2001,FP.CPI.TOTL.ZG,Inflation,18.87364620938625
NGA,2001,IT.NET.USER.ZS,Internet,0.089901370457273
NGA,2001,SP.DYN.LE00.IN,Life,47.549
NGA,2001,SP.POP.TOTL,Population,129862595.0
NGA,2001,NE.TRD.GNFS.ZS,Trade,
NGA,2002,EG.ELC.ACCS.ZS,Electricity,44.6
NGA,2002,NY.GDP.MKTP.KD,GDP,219480696548.10687
NGA,2002,NY.GDP.MKTP.KD.ZG,Growth,15.329155740961767
NGA,2002,NY.GDP.PCAP.PP.KD,Income,5654.8970604421565
NGA,2002,FP.CPI.TOTL.ZG,Inflation,12.87657920310986
NGA,2002,IT.NET.USER.ZS,Internet,0.320461975542327
NGA,2002,SP.DYN.LE00.IN,Life,48.02
NGA,2002,SP.POP.TOTL,Population,133471989.0
NGA,2002,NE.TRD.GNFS.ZS,Trade,
NGA,2003,EG.ELC.ACCS.ZS,Electricity,52.2
NGA,2003,NY.GDP.MKTP.KD,GDP,235606371240.47366
NGA,2003,NY.GDP.MKTP.KD.ZG,Growth,7.347194967932992
NGA,2003,NY.GDP.PCAP.PP.KD,Income,5905.314827811012
NGA,2003,FP.CPI.TOTL.ZG,Inflation,14.03178361314368
NGA,2003,IT.NET.USER.ZS,Internet,0.558576244860521
NGA,2003,SP.DYN.LE00.IN,Life,48.618
NGA,2003,SP.POP.TOTL,Population,137202644.0
NGA,2003,NE.TRD.GNFS.ZS,Trade,
NGA,2004,EG.ELC.ACCS.ZS,Electricity,46.1
NGA,2004,NY.GDP.MKTP.KD,GDP,257401275803.85345
NGA,2004,NY.GDP.MKTP.KD.ZG,Growth,9.250558229231686
NGA,2004,NY.GDP.PCAP.PP.KD,Income,6275.298945064342
NGA,2004,FP.CPI.TOTL.ZG,Inflation,14.99803381832511
NGA,2004,IT.NET.USER.ZS,Internet,1.28613764134527
NGA,2004,SP.DYN.LE00.IN,Life,49.148
NGA,2004,SP.POP.TOTL,Population,141057045.0
NGA,2004,NE.TRD.GNFS.ZS,Trade,
NGA,2005,EG.ELC.ACCS.ZS,Electricity,46.8
NGA,2005,NY.GDP.MKTP.KD,GDP,273974099482.9701
NGA,2005,NY.GDP.MKTP.KD.ZG,Growth,6.438516525359248
NGA,2005,NY.GDP.PCAP.PP.KD,Income,6496.9322817597695
NGA,2005,FP.CPI.TOTL.ZG,Inflation,17.86349336616049
NGA,2005,IT.NET.USER.ZS,Internet,3.54915571796492
NGA,2005,SP.DYN.LE00.IN,Life,49.538
NGA,2005,SP.POP.TOTL,Population,145017253.0
NGA,2005,NE.TRD.GNFS.ZS,Trade,
NGA,2006,EG.ELC.ACCS.ZS,Electricity,47.6
NGA,2006,NY.GDP.MKTP.KD,GDP,290575362867.529
NGA,2006,NY.GDP.MKTP.KD.ZG,Growth,6.059428032024911
NGA,2006,NY.GDP.PCAP.PP.KD,Income,6702.9453333387355
NGA,2006,FP.CPI.TOTL.ZG,Inflation,8.227436781209072
NGA,2006,IT.NET.USER.ZS,Internet,5.54503608300536
NGA,2006,SP.DYN.LE00.IN,Life,49.876
NGA,2006,SP.POP.TOTL,Population,149077334.0
NGA,2006,NE.TRD.GNFS.ZS,Trade,
NGA,2007,EG.ELC.ACCS.ZS,Electricity,50.1
NGA,2007,NY.GDP.MKTP.KD,GDP,309727563830.1139
NGA,2007,NY.GDP.MKTP.KD.ZG,Growth,6.5911303606686715
NGA,2007,NY.GDP.PCAP.PP.KD,Income,6949.426507115674
NGA,2007,FP.CPI.TOTL.ZG,Inflation,5.38610421570143
NGA,2007,IT.NET.USER.ZS,Internet,6.769999981
NGA,2007,SP.DYN.LE00.IN,Life,50.381
NGA,2007,SP.POP.TOTL,Population,153267261.0
NGA,2007,NE.TRD.GNFS.ZS,Trade,
NGA,2008,EG.ELC.ACCS.ZS,Electricity,50.3
NGA,2008,NY.GDP.MKTP.KD,GDP,330679000570.8771
NGA,2008,NY.GDP.MKTP.KD.ZG,Growth,6.764472777842627
NGA,2008,NY.GDP.PCAP.PP.KD,Income,7215.769461957619
NGA,2008,FP.CPI.TOTL.ZG,Inflation,11.58305479668096
NGA,2008,IT.NET.USER.ZS,Internet,8.0
NGA,2008,SP.DYN.LE00.IN,Life,50.748
NGA,2008,SP.POP.TOTL,Population,157595014.0
NGA,2008,NE.TRD.GNFS.ZS,Trade,
NGA,2009,EG.ELC.ACCS.ZS,Electricity,50.0
NGA,2009,NY.GDP.MKTP.KD,GDP,357255424171.506
NGA,2009,NY.GDP.MKTP.KD.ZG,Growth,8.03692510100366
NGA,2009,NY.GDP.PCAP.PP.KD,Income,7581.405720890922
NGA,2009,FP.CPI.TOTL.ZG,Inflation,12.5379242951095
NGA,2009,IT.NET.USER.ZS,Internet,9.300000191
NGA,2009,SP.DYN.LE00.IN,Life,51.08
NGA,2009,SP.POP.TOTL,Population,162049464.0
NGA,2009,NE.TRD.GNFS.ZS,Trade,
NGA,2010,EG.ELC.ACCS.ZS,Electricity,48.0
NGA,2010,NY.GDP.MKTP.KD,GDP,385856064172.7507
NGA,2010,NY.GDP.MKTP.KD.ZG,Growth,8.00565591623166
NGA,2010,NY.GDP.PCAP.PP.KD,Income,7962.639572810307
NGA,2010,FP.CPI.TOTL.ZG,Inflation,13.74005213636941
NGA,2010,IT.NET.USER.ZS,Internet,11.5
NGA,2010,SP.DYN.LE00.IN,Life,51.315
NGA,2010,SP.POP.TOTL,Population,166642886.0
NGA,2010,NE.TRD.GNFS.ZS,Trade,
NGA,2011,EG.ELC.ACCS.ZS,Electricity,55.9
NGA,2011,NY.GDP.MKTP.KD,GDP,406337011591.48456
NGA,2011,NY.GDP.MKTP.KD.ZG,Growth,5.307924202939148
NGA,2011,NY.GDP.PCAP.PP.KD,Income,8153.531786502706
NGA,2011,FP.CPI.TOTL.ZG,Inflation,10.8261371880018
NGA,2011,IT.NET.USER.ZS,Internet,13.80000019
NGA,2011,SP.DYN.LE00.IN,Life,51.49
NGA,2011,SP.POP.TOTL,Population,171379598.0
NGA,2011,NE.TRD.GNFS.ZS,Trade,
NGA,2012,EG.ELC.ACCS.ZS,Electricity,53.0
NGA,2012,NY.GDP.MKTP.KD,GDP,423525315758.16614
NGA,2012,NY.GDP.MKTP.KD.ZG,Growth,4.230061174924927
NGA,2012,NY.GDP.PCAP.PP.KD,Income,8265.90551181051
NGA,2012,FP.CPI.TOTL.ZG,Inflation,12.2242413020582
NGA,2012,IT.NET.USER.ZS,Internet,16.10000038
NGA,2012,SP.DYN.LE00.IN,Life,51.688
NGA,2012,SP.POP.TOTL,Population,176200625.0
NGA,2012,NE.TRD.GNFS.ZS,Trade,
NGA,2013,EG.ELC.ACCS.ZS,Electricity,55.6
NGA,2013,NY.GDP.MKTP.KD,GDP,451780110047.0042
NGA,2013,NY.GDP.MKTP.KD.ZG,Growth,6.671335393082316
NGA,2013,NY.GDP.PCAP.PP.KD,Income,8581.20782264031
NGA,2013,FP.CPI.TOTL.ZG,Inflation,8.495518382656781
NGA,2013,IT.NET.USER.ZS,Internet,19.10000038
NGA,2013,SP.DYN.LE00.IN,Life,51.827
NGA,2013,SP.POP.TOTL,Population,181049443.0
NGA,2013,NE.TRD.GNFS.ZS,Trade,
NGA,2014,EG.ELC.ACCS.ZS,Electricity,54.2
NGA,2014,NY.GDP.MKTP.KD,GDP,480286163931.20703
NGA,2014,NY.GDP.MKTP.KD.ZG,Growth,6.3097186552185605
NGA,2014,NY.GDP.PCAP.PP.KD,Income,8884.774286286724
NGA,2014,FP.CPI.TOTL.ZG,Inflation,8.047410879679072
NGA,2014,IT.NET.USER.ZS,Internet,21.0
NGA,2014,SP.DYN.LE00.IN,Life,51.94
NGA,2014,SP.POP.TOTL,Population,185896915.0
NGA,2014,NE.TRD.GNFS.ZS,Trade,
NGA,2015,EG.ELC.ACCS.ZS,Electricity,52.5
NGA,2015,NY.GDP.MKTP.KD,GDP,493026682800.6295
NGA,2015,NY.GDP.MKTP.KD.ZG,Growth,2.652693295417791
NGA,2015,NY.GDP.PCAP.PP.KD,Income,8892.057986736309
NGA,2015,FP.CPI.TOTL.ZG,Inflation,9.009434980077064
NGA,2015,IT.NET.USER.ZS,Internet,22.51420021
NGA,2015,SP.DYN.LE00.IN,Life,51.939
NGA,2015,SP.POP.TOTL,Population,190671878.0
NGA,2015,NE.TRD.GNFS.ZS,Trade,
NGA,2016,EG.ELC.ACCS.ZS,Electricity,59.3
NGA,2016,NY.GDP.MKTP.KD,GDP,485055087455.9705
NGA,2016,NY.GDP.MKTP.KD.ZG,Growth,-1.616868949034668
NGA,2016,NY.GDP.PCAP.PP.KD,Income,8534.692814823753
NGA,2016,FP.CPI.TOTL.ZG,Inflation,15.69681263879722
NGA,2016,IT.NET.USER.ZS,Internet,24.13750076
NGA,2016,SP.DYN.LE00.IN,Life,52.189
NGA,2016,SP.POP.TOTL,Population,195443700.0
NGA,2016,NE.TRD.GNFS.ZS,Trade,
NGA,2017,EG.ELC.ACCS.ZS,Electricity,54.4
NGA,2017,NY.GDP.MKTP.KD,GDP,488964081501.00116
NGA,2017,NY.GDP.MKTP.KD.ZG,Growth,0.8058866190915808
NGA,2017,NY.GDP.PCAP.PP.KD,Income,8396.784522432272
NGA,2017,FP.CPI.TOTL.ZG,Inflation,16.50226621396411
NGA,2017,IT.NET.USER.ZS,Internet,25.87789917
NGA,2017,SP.DYN.LE00.IN,Life,52.397
NGA,2017,SP.POP.TOTL,Population,200254579.0
NGA,2017,NE.TRD.GNFS.ZS,Trade,
NGA,2018,EG.ELC.ACCS.ZS,Electricity,56.5
NGA,2018,NY.GDP.MKTP.KD,GDP,498365674277.7947
NGA,2018,NY.GDP.MKTP.KD.ZG,Growth,1.922757341997979
NGA,2018,NY.GDP.PCAP.PP.KD,Income,8362.623308602957
NGA,2018,FP.CPI.TOTL.ZG,Inflation,12.09510651734316
NGA,2018,IT.NET.USER.ZS,Internet,27.74370003
NGA,2018,SP.DYN.LE00.IN,Life,52.669
NGA,2018,SP.POP.TOTL,Population,204938755.0
NGA,2018,NE.TRD.GNFS.ZS,Trade,
NGA,2019,EG.ELC.ACCS.ZS,Electricity,55.4
NGA,2019,NY.GDP.MKTP.KD,GDP,509371727741.8024
NGA,2019,NY.GDP.MKTP.KD.ZG,Growth,2.2084292783521136
NGA,2019,NY.GDP.PCAP.PP.KD,Income,8361.786648360001
NGA,2019,FP.CPI.TOTL.ZG,Inflation,11.39642233781149
NGA,2019,IT.NET.USER.ZS,Internet,29.74410057
NGA,2019,SP.DYN.LE00.IN,Life,53.009
NGA,2019,SP.POP.TOTL,Population,209485641.0
NGA,2019,NE.TRD.GNFS.ZS,Trade,
NGA,2020,EG.ELC.ACCS.ZS,Electricity,55.4
NGA,2020,NY.GDP.MKTP.KD,GDP,476930359899.737
NGA,2020,NY.GDP.MKTP.KD.ZG,Growth,-6.368898404685268
NGA,2020,NY.GDP.PCAP.PP.KD,Income,7664.210995751679
NGA,2020,FP.CPI.TOTL.ZG,Inflation,13.24602342765982
NGA,2020,IT.NET.USER.ZS,Internet,31.88879967
NGA,2020,SP.DYN.LE00.IN,Life,53.072
NGA,2020,SP.POP.TOTL,Population,213996181.0
NGA,2020,NE.TRD.GNFS.ZS,Trade,
NGA,2021,EG.ELC.ACCS.ZS,Electricity,59.5
NGA,2021,NY.GDP.MKTP.KD,GDP,482220722032.14355
NGA,2021,NY.GDP.MKTP.KD.ZG,Growth,1.1092525402490025
NGA,2021,NY.GDP.PCAP.PP.KD,Income,7588.478855870022
NGA,2021,FP.CPI.TOTL.ZG,Inflation,16.95284572216079
NGA,2021,IT.NET.USER.ZS,Internet,35.50979996
NGA,2021,SP.DYN.LE00.IN,Life,53.455
NGA,2021,SP.POP.TOTL,Population,218529286.0
NGA,2021,NE.TRD.GNFS.ZS,Trade,
NGA,2022,EG.ELC.ACCS.ZS,Electricity,60.5
NGA,2022,NY.GDP.MKTP.KD,GDP,503047012789.73615
NGA,2022,NY.GDP.MKTP.KD.ZG,Growth,4.318829491571364
NGA,2022,NY.GDP.PCAP.PP.KD,Income,7752.262064952472
NGA,2022,FP.CPI.TOTL.ZG,Inflation,18.84718778432741
NGA,2022,IT.NET.USER.ZS,Internet,39.14720154
NGA,2022,SP.DYN.LE00.IN,Life,54.079
NGA,2022,SP.POP.TOTL,Population,223150896.0
NGA,2022,NE.TRD.GNFS.ZS,Trade,
NGA,2023,EG.ELC.ACCS.ZS,Electricity,61.2
NGA,2023,NY.GDP.MKTP.KD,GDP,519727567204.56696
NGA,2023,NY.GDP.MKTP.KD.ZG,Growth,3.315903681114378
NGA,2023,NY.GDP.PCAP.PP.KD,Income,7843.003990076752
NGA,2023,FP.CPI.TOTL.ZG,Inflation,24.65955020311396
NGA,2023,IT.NET.USER.ZS,Internet,40.06399918
NGA,2023,SP.DYN.LE00.IN,Life,54.462
NGA,2023,SP.POP.TOTL,Population,227882945.0
NGA,2023,NE.TRD.GNFS.ZS,Trade,
NGA,2024,EG.ELC.ACCS.ZS,Electricity,62.5
NGA,2024,NY.GDP.MKTP.KD,GDP,540886022091.97363
NGA,2024,NY.GDP.MKTP.KD.ZG,Growth,4.071066501477034
NGA,2024,NY.GDP.PCAP.PP.KD,Income,7994.037544708235
NGA,2024,FP.CPI.TOTL.ZG,Inflation,33.24165905527488
NGA,2024,IT.NET.USER.ZS,Internet,41.21139908
NGA,2024,SP.DYN.LE00.IN,Life,54.635
NGA,2024,SP.POP.TOTL,Population,232679478.0
NGA,2024,NE.TRD.GNFS.ZS,Trade,
NOR,2000,EG.ELC.ACCS.ZS,Electricity,100.0
NOR,2000,NY.GDP.MKTP.KD,GDP,303640301715.66046
NOR,2000,NY.GDP.MKTP.KD.ZG,Growth,3.4434161314810012
NOR,2000,NY.GDP.PCAP.PP.KD,Income,76775.94206009242
NOR,2000,FP.CPI.TOTL.ZG,Inflation,3.085506091312787
NOR,2000,IT.NET.USER.ZS,Internet,52.0
NOR,2000,SP.DYN.LE00.IN,Life,78.63414634146342
NOR,2000,SP.POP.TOTL,Population,4490967.0
NOR,2000,NE.TRD.GNFS.ZS,Trade,74.78402094600624
NOR,2001,EG.ELC.ACCS.ZS,Electricity,100.0
NOR,2001,NY.GDP.MKTP.KD,GDP,310209362458.0122
NOR,2001,NY.GDP.MKTP.KD.ZG,Growth,2.163435059586803
NOR,2001,NY.GDP.PCAP.PP.KD,Income,78041.01462605853
NOR,2001,FP.CPI.TOTL.ZG,Inflation,3.004197039982331
NOR,2001,IT.NET.USER.ZS,Internet,64.0
NOR,2001,SP.DYN.LE00.IN,Life,78.78536585365853
NOR,2001,SP.POP.TOTL,Population,4513751.0
NOR,2001,NE.TRD.GNFS.ZS,Trade,73.55366659021398
NOR,2002,EG.ELC.ACCS.ZS,Electricity,100.0
NOR,2002,NY.GDP.MKTP.KD,GDP,314730598340.28674
NOR,2002,NY.GDP.MKTP.KD.ZG,Growth,1.4574788608730387
NOR,2002,NY.GDP.PCAP.PP.KD,Income,78752.59316310954
NOR,2002,FP.CPI.TOTL.ZG,Inflation,1.286725284151835
NOR,2002,IT.NET.USER.ZS,Internet,72.84
NOR,2002,SP.DYN.LE00.IN,Life,78.98780487804879
NOR,2002,SP.POP.TOTL,Population,4538159.0
NOR,2002,NE.TRD.GNFS.ZS,Trade,67.84829279708153
NOR,2003,EG.ELC.ACCS.ZS,Electricity,100.0
NOR,2003,NY.GDP.MKTP.KD,GDP,318181171842.2634
NOR,2003,NY.GDP.MKTP.KD.ZG,Growth,1.0963578121012176
NOR,2003,NY.GDP.PCAP.PP.KD,Income,79150.39628636606
NOR,2003,FP.CPI.TOTL.ZG,Inflation,2.487825534617815
NOR,2003,IT.NET.USER.ZS,Internet,78.13
NOR,2003,SP.DYN.LE00.IN,Life,79.39024390243902
NOR,2003,SP.POP.TOTL,Population,4564855.0
NOR,2003,NE.TRD.GNFS.ZS,Trade,66.50853808088839
NOR,2004,EG.ELC.ACCS.ZS,Electricity,100.0
NOR,2004,NY.GDP.MKTP.KD,GDP,331958912872.20026
NOR,2004,NY.GDP.MKTP.KD.ZG,Growth,4.330155976912124
NOR,2004,NY.GDP.PCAP.PP.KD,Income,82091.19350359487
NOR,2004,FP.CPI.TOTL.ZG,Inflation,0.4544985022208631
NOR,2004,IT.NET.USER.ZS,Internet,77.69
NOR,2004,SP.DYN.LE00.IN,Life,79.84146341463416
NOR,2004,SP.POP.TOTL,Population,4591910.0
NOR,2004,NE.TRD.GNFS.ZS,Trade,68.70281737409543
NOR,2005,EG.ELC.ACCS.ZS,Electricity,100.0
NOR,2005,NY.GDP.MKTP.KD,GDP,341817216114.2479
NOR,2005,NY.GDP.MKTP.KD.ZG,Growth,2.9697359702593644
NOR,2005,NY.GDP.PCAP.PP.KD,Income,83955.33650075775
NOR,2005,FP.CPI.TOTL.ZG,Inflation,1.532133676092485
NOR,2005,IT.NET.USER.ZS,Internet,81.99
NOR,2005,SP.DYN.LE00.IN,Life,80.04146341463415
NOR,2005,SP.POP.TOTL,Population,4623291.0
NOR,2005,NE.TRD.GNFS.ZS,Trade,70.2469613309236
NOR,2006,EG.ELC.ACCS.ZS,Electricity,100.0
NOR,2006,NY.GDP.MKTP.KD,GDP,351549653857.7616
NOR,2006,NY.GDP.MKTP.KD.ZG,Growth,2.84726376691944
NOR,2006,NY.GDP.PCAP.PP.KD,Income,85653.1367825864
NOR,2006,FP.CPI.TOTL.ZG,Inflation,2.329349807575503
NOR,2006,IT.NET.USER.ZS,Internet,82.55
NOR,2006,SP.DYN.LE00.IN,Life,80.34390243902439
NOR,2006,SP.POP.TOTL,Population,4660677.0
NOR,2006,NE.TRD.GNFS.ZS,Trade,71.16874502106589
NOR,2007,EG.ELC.ACCS.ZS,Electricity,100.0
NOR,2007,NY.GDP.MKTP.KD,GDP,363573710884.3228
NOR,2007,NY.GDP.MKTP.KD.ZG,Growth,3.420301199166076
NOR,2007,NY.GDP.PCAP.PP.KD,Income,87670.86179807919
NOR,2007,FP.CPI.TOTL.ZG,Inflation,0.7125890736342008
NOR,2007,IT.NET.USER.ZS,Internet,86.93
NOR,2007,SP.DYN.LE00.IN,Life,80.39512195121952
NOR,2007,SP.POP.TOTL,Population,4709153.0
NOR,2007,NE.TRD.GNFS.ZS,Trade,71.17142065909721
NOR,2008,EG.ELC.ACCS.ZS,Electricity,100.0
NOR,2008,NY.GDP.MKTP.KD,GDP,366565216453.90106
NOR,2008,NY.GDP.MKTP.KD.ZG,Growth,0.8228057970148654
NOR,2008,NY.GDP.PCAP.PP.KD,Income,87297.39802918126
NOR,2008,FP.CPI.TOTL.ZG,Inflation,3.753930817610049
NOR,2008,IT.NET.USER.ZS,Internet,90.57
NOR,2008,SP.DYN.LE00.IN,Life,80.59268292682928
NOR,2008,SP.POP.TOTL,Population,4768212.0
NOR,2008,NE.TRD.GNFS.ZS,Trade,73.86685797131932
NOR,2009,EG.ELC.ACCS.ZS,Electricity,100.0
NOR,2009,NY.GDP.MKTP.KD,GDP,360651524216.60815
NOR,2009,NY.GDP.MKTP.KD.ZG,Growth,-1.6132715194586922
NOR,2009,NY.GDP.PCAP.PP.KD,Income,84812.68512776379
NOR,2009,FP.CPI.TOTL.ZG,Inflation,2.197385868535682
NOR,2009,IT.NET.USER.ZS,Internet,92.08
NOR,2009,SP.DYN.LE00.IN,Life,80.79512195121951
NOR,2009,SP.POP.TOTL,Population,4828726.0
NOR,2009,NE.TRD.GNFS.ZS,Trade,66.38690351547413
NOR,2010,EG.ELC.ACCS.ZS,Electricity,100.0
NOR,2010,NY.GDP.MKTP.KD,GDP,364275829281.06146
NOR,2010,NY.GDP.MKTP.KD.ZG,Growth,1.0049326901711737
NOR,2010,NY.GDP.PCAP.PP.KD,Income,84604.51438919468
NOR,2010,FP.CPI.TOTL.ZG,Inflation,2.418906394810032
NOR,2010,IT.NET.USER.ZS,Internet,93.39
NOR,2010,SP.DYN.LE00.IN,Life,80.99756097560977
NOR,2010,SP.POP.TOTL,Population,4889252.0
NOR,2010,NE.TRD.GNFS.ZS,Trade,67.10444803310388
NOR,2011,EG.ELC.ACCS.ZS,Electricity,100.0
NOR,2011,NY.GDP.MKTP.KD,GDP,369321235919.6039
NOR,2011,NY.GDP.MKTP.KD.ZG,Growth,1.3850511708394464
NOR,2011,NY.GDP.PCAP.PP.KD,Income,84670.83443983554
NOR,2011,FP.CPI.TOTL.ZG,Inflation,1.2849515880916
NOR,2011,IT.NET.USER.ZS,Internet,93.4899826515194
NOR,2011,SP.DYN.LE00.IN,Life,81.2951219512195
NOR,2011,SP.POP.TOTL,Population,4953088.0
NOR,2011,NE.TRD.GNFS.ZS,Trade,68.30822282145276
NOR,2012,EG.ELC.ACCS.ZS,Electricity,100.0
NOR,2012,NY.GDP.MKTP.KD,GDP,379750707834.8623
NOR,2012,NY.GDP.MKTP.KD.ZG,Growth,2.823956734924593
NOR,2012,NY.GDP.PCAP.PP.KD,Income,85925.87233520574
NOR,2012,FP.CPI.TOTL.ZG,Inflation,0.6968641114982627
NOR,2012,IT.NET.USER.ZS,Internet,94.6499780533304
NOR,2012,SP.DYN.LE00.IN,Life,81.45121951219514
NOR,2012,SP.POP.TOTL,Population,5018573.0
NOR,2012,NE.TRD.GNFS.ZS,Trade,67.29070570634471
NOR,2013,EG.ELC.ACCS.ZS,Electricity,100.0
NOR,2013,NY.GDP.MKTP.KD,GDP,384584561342.9213
NOR,2013,NY.GDP.MKTP.KD.ZG,Growth,1.2729017769628683
NOR,2013,NY.GDP.PCAP.PP.KD,Income,85973.76949768013
NOR,2013,FP.CPI.TOTL.ZG,Inflation,2.120486203531125
NOR,2013,IT.NET.USER.ZS,Internet,95.0534
NOR,2013,SP.DYN.LE00.IN,Life,81.75121951219514
NOR,2013,SP.POP.TOTL,Population,5079623.0
NOR,2013,NE.TRD.GNFS.ZS,Trade,66.65752784897127
NOR,2014,EG.ELC.ACCS.ZS,Electricity,100.0
NOR,2014,NY.GDP.MKTP.KD,GDP,392642430455.5959
NOR,2014,NY.GDP.MKTP.KD.ZG,Growth,2.095213880801012
NOR,2014,NY.GDP.PCAP.PP.KD,Income,86790.79246256914
NOR,2014,FP.CPI.TOTL.ZG,Inflation,2.041702867072112
NOR,2014,IT.NET.USER.ZS,Internet,96.3005098242892
NOR,2014,SP.DYN.LE00.IN,Life,82.10000000000001
NOR,2014,SP.POP.TOTL,Population,5137232.0
NOR,2014,NE.TRD.GNFS.ZS,Trade,67.77417979404329
NOR,2015,EG.ELC.ACCS.ZS,Electricity,100.0
NOR,2015,NY.GDP.MKTP.KD,GDP,400669174330.8875
NOR,2015,NY.GDP.MKTP.KD.ZG,Growth,2.0442884550143816
NOR,2015,NY.GDP.PCAP.PP.KD,Income,87688.11967089928
NOR,2015,FP.CPI.TOTL.ZG,Inflation,2.171136653895269
NOR,2015,IT.NET.USER.ZS,Internet,96.810325691365
NOR,2015,SP.DYN.LE00.IN,Life,82.30487804878051
NOR,2015,SP.POP.TOTL,Population,5188607.0
NOR,2015,NE.TRD.GNFS.ZS,Trade,68.83517901074661
NOR,2016,EG.ELC.ACCS.ZS,Electricity,100.0
NOR,2016,NY.GDP.MKTP.KD,GDP,405844166612.59094
NOR,2016,NY.GDP.MKTP.KD.ZG,Growth,1.2915873277113548
NOR,2016,NY.GDP.PCAP.PP.KD,Income,88041.64148089562
NOR,2016,FP.CPI.TOTL.ZG,Inflation,3.550000000000069
NOR,2016,IT.NET.USER.ZS,Internet,97.2982036675068
NOR,2016,SP.DYN.LE00.IN,Life,82.40731707317074
NOR,2016,SP.POP.TOTL,Population,5234519.0
NOR,2016,NE.TRD.GNFS.ZS,Trade,67.33412308290569
NOR,2017,EG.ELC.ACCS.ZS,Electricity,100.0
NOR,2017,NY.GDP.MKTP.KD,GDP,416678764070.2593
NOR,2017,NY.GDP.MKTP.KD.ZG,Growth,2.6696447427346612
NOR,2017,NY.GDP.PCAP.PP.KD,Income,89664.90864158294
NOR,2017,FP.CPI.TOTL.ZG,Inflation,1.875100595525449
NOR,2017,IT.NET.USER.ZS,Internet,96.3576012951191
NOR,2017,SP.DYN.LE00.IN,Life,82.60975609756098
NOR,2017,SP.POP.TOTL,Population,5276968.0
NOR,2017,NE.TRD.GNFS.ZS,Trade,67.19571533689516
NOR,2018,EG.ELC.ACCS.ZS,Electricity,100.0
NOR,2018,NY.GDP.MKTP.KD,GDP,421305528551.092
NOR,2018,NY.GDP.MKTP.KD.ZG,Growth,1.1103912365576036
NOR,2018,NY.GDP.PCAP.PP.KD,Income,90064.06879743583
NOR,2018,FP.CPI.TOTL.ZG,Inflation,2.764831345287971
NOR,2018,IT.NET.USER.ZS,Internet,96.4916579887094
NOR,2018,SP.DYN.LE00.IN,Life,82.75853658536586
NOR,2018,SP.POP.TOTL,Population,5311916.0
NOR,2018,NE.TRD.GNFS.ZS,Trade,68.17612060123172
NOR,2019,EG.ELC.ACCS.ZS,Electricity,100.0
NOR,2019,NY.GDP.MKTP.KD,GDP,427497488848.36774
NOR,2019,NY.GDP.MKTP.KD.ZG,Growth,1.4697078195414264
NOR,2019,NY.GDP.PCAP.PP.KD,Income,90772.90170418654
NOR,2019,FP.CPI.TOTL.ZG,Inflation,2.167730033054107
NOR,2019,IT.NET.USER.ZS,Internet,98.0000043853142
NOR,2019,SP.DYN.LE00.IN,Life,82.95853658536586
NOR,2019,SP.POP.TOTL,Population,5347896.0
NOR,2019,NE.TRD.GNFS.ZS,Trade,68.88024310573198
NOR,2020,EG.ELC.ACCS.ZS,Electricity,100.0
NOR,2020,NY.GDP.MKTP.KD,GDP,421681140844.5901
NOR,2020,NY.GDP.MKTP.KD.ZG,Growth,-1.3605572326158608
NOR,2020,NY.GDP.PCAP.PP.KD,Income,89012.27238045036
NOR,2020,FP.CPI.TOTL.ZG,Inflation,1.286584907079962
NOR,2020,IT.NET.USER.ZS,Internet,94.60755647
NOR,2020,SP.DYN.LE00.IN,Life,83.20975609756097
NOR,2020,SP.POP.TOTL,Population,5379475.0
NOR,2020,NE.TRD.GNFS.ZS,Trade,63.36731841790429
NOR,2021,EG.ELC.ACCS.ZS,Electricity,100.0
NOR,2021,NY.GDP.MKTP.KD,GDP,439152009907.47675
NOR,2021,NY.GDP.MKTP.KD.ZG,Growth,4.1431468876919695
NOR,2021,NY.GDP.PCAP.PP.KD,Income,92205.76986360489
NOR,2021,FP.CPI.TOTL.ZG,Inflation,3.483880552666694
NOR,2021,IT.NET.USER.ZS,Internet,99.0000036
NOR,2021,SP.DYN.LE00.IN,Life,83.16341463414635
NOR,2021,SP.POP.TOTL,Population,5408320.0
NOR,2021,NE.TRD.GNFS.ZS,Trade,69.10605723453106
NOR,2022,EG.ELC.ACCS.ZS,Electricity,100.0
NOR,2022,NY.GDP.MKTP.KD,GDP,457071158448.1959
NOR,2022,NY.GDP.MKTP.KD.ZG,Growth,4.080397706592407
NOR,2022,NY.GDP.PCAP.PP.KD,Income,95109.8201605729
NOR,2022,FP.CPI.TOTL.ZG,Inflation,5.764123178522719
NOR,2022,IT.NET.USER.ZS,Internet,98.99997764
NOR,2022,SP.DYN.LE00.IN,Life,82.50975609756098
NOR,2022,SP.POP.TOTL,Population,5457127.0
NOR,2022,NE.TRD.GNFS.ZS,Trade,79.92160113630332
NOR,2023,EG.ELC.ACCS.ZS,Electricity,100.0
NOR,2023,NY.GDP.MKTP.KD,GDP,458683228227.5298
NOR,2023,NY.GDP.MKTP.KD.ZG,Growth,0.35269558131976453
NOR,2023,NY.GDP.PCAP.PP.KD,Income,94364.96417543356
NOR,2023,FP.CPI.TOTL.ZG,Inflation,5.517849871046594
NOR,2023,IT.NET.USER.ZS,Internet,99.00000258
NOR,2023,SP.DYN.LE00.IN,Life,83.01219512195124
NOR,2023,SP.POP.TOTL,Population,5519601.0
NOR,2023,NE.TRD.GNFS.ZS,Trade,77.40118958370601
NOR,2024,EG.ELC.ACCS.ZS,Electricity,100.0
NOR,2024,NY.GDP.MKTP.KD,GDP,465213599254.8749
NOR,2024,NY.GDP.MKTP.KD.ZG,Growth,1.4237213452473725
NOR,2024,NY.GDP.PCAP.PP.KD,Income,94803.67049316413
NOR,2024,FP.CPI.TOTL.ZG,Inflation,3.145301344310805
NOR,2024,IT.NET.USER.ZS,Internet,99.0
NOR,2024,SP.DYN.LE00.IN,Life,83.1609756097561
NOR,2024,SP.POP.TOTL,Population,5572279.0
NOR,2024,NE.TRD.GNFS.ZS,Trade,79.57963682277241
NZL,2000,EG.ELC.ACCS.ZS,Electricity,100.0
NZL,2000,NY.GDP.MKTP.KD,GDP,118968749812.9222
NZL,2000,NY.GDP.MKTP.KD.ZG,Growth,2.8687908731406537
NZL,2000,NY.GDP.PCAP.PP.KD,Income,35984.62880161164
NZL,2000,FP.CPI.TOTL.ZG,Inflation,2.615234462463196
NZL,2000,IT.NET.USER.ZS,Internet,47.3795565432096
NZL,2000,SP.DYN.LE00.IN,Life,78.63658536585366
NZL,2000,SP.POP.TOTL,Population,3857700.0
NZL,2000,NE.TRD.GNFS.ZS,Trade,68.51692687689317
NZL,2001,EG.ELC.ACCS.ZS,Electricity,100.0
NZL,2001,NY.GDP.MKTP.KD,GDP,123032216234.3027
NZL,2001,NY.GDP.MKTP.KD.ZG,Growth,3.4155746175111403
NZL,2001,NY.GDP.PCAP.PP.KD,Income,36995.060319877375
NZL,2001,FP.CPI.TOTL.ZG,Inflation,2.625816303929026
NZL,2001,IT.NET.USER.ZS,Internet,53.2410152941279
NZL,2001,SP.DYN.LE00.IN,Life,78.69268292682928
NZL,2001,SP.POP.TOTL,Population,3880500.0
NZL,2001,NE.TRD.GNFS.ZS,Trade,67.23382435204176
NZL,2002,EG.ELC.ACCS.ZS,Electricity,100.0
NZL,2002,NY.GDP.MKTP.KD,GDP,128833364776.4632
NZL,2002,NY.GDP.MKTP.KD.ZG,Growth,4.715145934714187
NZL,2002,NY.GDP.PCAP.PP.KD,Income,38072.27138350523
NZL,2002,FP.CPI.TOTL.ZG,Inflation,2.677092577116048
NZL,2002,IT.NET.USER.ZS,Internet,59.0807532812931
NZL,2002,SP.DYN.LE00.IN,Life,78.84634146341463
NZL,2002,SP.POP.TOTL,Population,3948500.0
NZL,2002,NE.TRD.GNFS.ZS,Trade,62.65599455544788
NZL,2003,EG.ELC.ACCS.ZS,Electricity,100.0
NZL,2003,NY.GDP.MKTP.KD,GDP,134921868357.13408
NZL,2003,NY.GDP.MKTP.KD.ZG,Growth,4.7258748471212755
NZL,2003,NY.GDP.PCAP.PP.KD,Income,39092.345520271185
NZL,2003,FP.CPI.TOTL.ZG,Inflation,1.753574447595574
NZL,2003,IT.NET.USER.ZS,Internet,60.9625398663824
NZL,2003,SP.DYN.LE00.IN,Life,79.14634146341464
NZL,2003,SP.POP.TOTL,Population,4027200.0
NZL,2003,NE.TRD.GNFS.ZS,Trade,57.914769345753
NZL,2004,EG.ELC.ACCS.ZS,Electricity,100.0
NZL,2004,NY.GDP.MKTP.KD,GDP,140440895647.61093
NZL,2004,NY.GDP.MKTP.KD.ZG,Growth,4.090535772798631
NZL,2004,NY.GDP.PCAP.PP.KD,Income,40091.139948733166
NZL,2004,FP.CPI.TOTL.ZG,Inflation,2.290249028475706
NZL,2004,IT.NET.USER.ZS,Internet,61.8476278106481
NZL,2004,SP.DYN.LE00.IN,Life,79.54878048780488
NZL,2004,SP.POP.TOTL,Population,4087500.0
NZL,2004,NE.TRD.GNFS.ZS,Trade,58.79955227453594
NZL,2005,EG.ELC.ACCS.ZS,Electricity,100.0
NZL,2005,NY.GDP.MKTP.KD,GDP,145149814895.94666
NZL,2005,NY.GDP.MKTP.KD.ZG,Growth,3.352954441526194
NZL,2005,NY.GDP.PCAP.PP.KD,Income,40970.29583825498
NZL,2005,FP.CPI.TOTL.ZG,Inflation,3.037023326170119
NZL,2005,IT.NET.USER.ZS,Internet,62.72019958
NZL,2005,SP.DYN.LE00.IN,Life,79.85121951219514
NZL,2005,SP.POP.TOTL,Population,4133900.0
NZL,2005,NE.TRD.GNFS.ZS,Trade,58.01874344071635
NZL,2006,EG.ELC.ACCS.ZS,Electricity,100.0
NZL,2006,NY.GDP.MKTP.KD,GDP,149176913569.91162
NZL,2006,NY.GDP.MKTP.KD.ZG,Growth,2.774442858815803
NZL,2006,NY.GDP.PCAP.PP.KD,Income,41596.83112899975
NZL,2006,FP.CPI.TOTL.ZG,Inflation,3.365401961719926
NZL,2006,IT.NET.USER.ZS,Internet,69.0
NZL,2006,SP.DYN.LE00.IN,Life,80.04878048780489
NZL,2006,SP.POP.TOTL,Population,4184600.0
NZL,2006,NE.TRD.GNFS.ZS,Trade,59.6032650403479
NZL,2007,EG.ELC.ACCS.ZS,Electricity,100.0
NZL,2007,NY.GDP.MKTP.KD,GDP,153746384754.63522
NZL,2007,NY.GDP.MKTP.KD.ZG,Growth,3.063122218695142
NZL,2007,NY.GDP.PCAP.PP.KD,Income,42473.11826144987
NZL,2007,FP.CPI.TOTL.ZG,Inflation,2.376143102906586
NZL,2007,IT.NET.USER.ZS,Internet,69.76000214
NZL,2007,SP.DYN.LE00.IN,Life,80.15121951219513
NZL,2007,SP.POP.TOTL,Population,4223800.0
NZL,2007,NE.TRD.GNFS.ZS,Trade,58.425160574909064
NZL,2008,EG.ELC.ACCS.ZS,Electricity,100.0
NZL,2008,NY.GDP.MKTP.KD,GDP,152169544390.37415
NZL,2008,NY.GDP.MKTP.KD.ZG,Growth,-1.0256113447984774
NZL,2008,NY.GDP.PCAP.PP.KD,Income,41682.245906915465
NZL,2008,FP.CPI.TOTL.ZG,Inflation,3.958949373120603
NZL,2008,IT.NET.USER.ZS,Internet,72.02999878
NZL,2008,SP.DYN.LE00.IN,Life,80.35121951219514
NZL,2008,SP.POP.TOTL,Population,4259800.0
NZL,2008,NE.TRD.GNFS.ZS,Trade,64.26114485279787
NZL,2009,EG.ELC.ACCS.ZS,Electricity,100.0
NZL,2009,NY.GDP.MKTP.KD,GDP,152108281106.48544
NZL,2009,NY.GDP.MKTP.KD.ZG,Growth,-0.04025988520511703
NZL,2009,NY.GDP.PCAP.PP.KD,Income,41250.99857174253
NZL,2009,FP.CPI.TOTL.ZG,Inflation,2.115651105545602
NZL,2009,IT.NET.USER.ZS,Internet,79.7
NZL,2009,SP.DYN.LE00.IN,Life,80.70243902439024
NZL,2009,SP.POP.TOTL,Population,4302600.0
NZL,2009,NE.TRD.GNFS.ZS,Trade,55.01435018560258
NZL,2010,EG.ELC.ACCS.ZS,Electricity,100.0
NZL,2010,NY.GDP.MKTP.KD,GDP,154347048879.93448
NZL,2010,NY.GDP.MKTP.KD.ZG,Growth,1.4718250427678754
NZL,2010,NY.GDP.PCAP.PP.KD,Income,41395.370375582024
NZL,2010,FP.CPI.TOTL.ZG,Inflation,2.302023859585724
NZL,2010,IT.NET.USER.ZS,Internet,80.45999908
NZL,2010,SP.DYN.LE00.IN,Life,80.90487804878049
NZL,2010,SP.POP.TOTL,Population,4350700.0
NZL,2010,NE.TRD.GNFS.ZS,Trade,58.10474060120869
NZL,2011,EG.ELC.ACCS.ZS,Electricity,100.0
NZL,2011,NY.GDP.MKTP.KD,GDP,157657022029.39133
NZL,2011,NY.GDP.MKTP.KD.ZG,Growth,2.1445004445997995
NZL,2011,NY.GDP.PCAP.PP.KD,Income,41961.92022636408
NZL,2011,FP.CPI.TOTL.ZG,Inflation,4.0279066739204
NZL,2011,IT.NET.USER.ZS,Internet,81.23000336
NZL,2011,SP.DYN.LE00.IN,Life,81.15609756097562
NZL,2011,SP.POP.TOTL,Population,4384000.0
NZL,2011,NE.TRD.GNFS.ZS,Trade,59.18156792676693
NZL,2012,EG.ELC.ACCS.ZS,Electricity,100.0
NZL,2012,NY.GDP.MKTP.KD,GDP,161287176327.53085
NZL,2012,NY.GDP.MKTP.KD.ZG,Growth,2.3025642952096064
NZL,2012,NY.GDP.PCAP.PP.KD,Income,42693.423451657094
NZL,2012,FP.CPI.TOTL.ZG,Inflation,1.059913184456322
NZL,2012,IT.NET.USER.ZS,Internet,81.644470179502
NZL,2012,SP.DYN.LE00.IN,Life,81.40731707317073
NZL,2012,SP.POP.TOTL,Population,4408100.0
NZL,2012,NE.TRD.GNFS.ZS,Trade,56.925746232689654
NZL,2013,EG.ELC.ACCS.ZS,Electricity,100.0
NZL,2013,NY.GDP.MKTP.KD,GDP,165423928008.69394
NZL,2013,NY.GDP.MKTP.KD.ZG,Growth,2.5648360739866973
NZL,2013,NY.GDP.PCAP.PP.KD,Income,43453.28141723165
NZL,2013,FP.CPI.TOTL.ZG,Inflation,1.13442266445817
NZL,2013,IT.NET.USER.ZS,Internet,82.77999878
NZL,2013,SP.DYN.LE00.IN,Life,81.40487804878049
NZL,2013,SP.POP.TOTL,Population,4442100.0
NZL,2013,NE.TRD.GNFS.ZS,Trade,56.00632199211469
NZL,2014,EG.ELC.ACCS.ZS,Electricity,100.0
NZL,2014,NY.GDP.MKTP.KD,GDP,171742023963.13205
NZL,2014,NY.GDP.MKTP.KD.ZG,Growth,3.8193361930724166
NZL,2014,NY.GDP.PCAP.PP.KD,Income,44369.766424185895
NZL,2014,FP.CPI.TOTL.ZG,Inflation,1.227507505973999
NZL,2014,IT.NET.USER.ZS,Internet,84.0
NZL,2014,SP.DYN.LE00.IN,Life,81.4568292682927
NZL,2014,SP.POP.TOTL,Population,4516500.0
NZL,2014,NE.TRD.GNFS.ZS,Trade,55.12134652845558
NZL,2015,EG.ELC.ACCS.ZS,Electricity,100.0
NZL,2015,NY.GDP.MKTP.KD,GDP,178147457242.97842
NZL,2015,NY.GDP.MKTP.KD.ZG,Growth,3.7296831212501758
NZL,2015,NY.GDP.PCAP.PP.KD,Income,45097.01646838696
NZL,2015,FP.CPI.TOTL.ZG,Inflation,0.2927046281361015
NZL,2015,IT.NET.USER.ZS,Internet,85.19999695
NZL,2015,SP.DYN.LE00.IN,Life,81.61243902439026
NZL,2015,SP.POP.TOTL,Population,4609400.0
NZL,2015,NE.TRD.GNFS.ZS,Trade,54.874950579153605
NZL,2016,EG.ELC.ACCS.ZS,Electricity,100.0
NZL,2016,NY.GDP.MKTP.KD,GDP,184816451391.39627
NZL,2016,NY.GDP.MKTP.KD.ZG,Growth,3.7435247472108983
NZL,2016,NY.GDP.PCAP.PP.KD,Income,45746.13598106898
NZL,2016,FP.CPI.TOTL.ZG,Inflation,0.6462402844545243
NZL,2016,IT.NET.USER.ZS,Internet,86.5
NZL,2016,SP.DYN.LE00.IN,Life,81.65853658536587
NZL,2016,SP.POP.TOTL,Population,4714100.0
NZL,2016,NE.TRD.GNFS.ZS,Trade,52.47960217331246
NZL,2017,EG.ELC.ACCS.ZS,Electricity,100.0
NZL,2017,NY.GDP.MKTP.KD,GDP,190944384995.97202
NZL,2017,NY.GDP.MKTP.KD.ZG,Growth,3.3156862164820353
NZL,2017,NY.GDP.PCAP.PP.KD,Income,46285.98109806422
NZL,2017,FP.CPI.TOTL.ZG,Inflation,1.85078767452536
NZL,2017,IT.NET.USER.ZS,Internet,87.69999695
NZL,2017,SP.DYN.LE00.IN,Life,81.85853658536587
NZL,2017,SP.POP.TOTL,Population,4813600.0
NZL,2017,NE.TRD.GNFS.ZS,Trade,54.27752762996316
NZL,2018,EG.ELC.ACCS.ZS,Electricity,100.0
NZL,2018,NY.GDP.MKTP.KD,GDP,197287932986.14935
NZL,2018,NY.GDP.MKTP.KD.ZG,Growth,3.3221966649143155
NZL,2018,NY.GDP.PCAP.PP.KD,Income,46974.681840048186
NZL,2018,FP.CPI.TOTL.ZG,Inflation,1.598297038016956
NZL,2018,IT.NET.USER.ZS,Internet,89.0
NZL,2018,SP.DYN.LE00.IN,Life,81.70731707317074
NZL,2018,SP.POP.TOTL,Population,4900600.0
NZL,2018,NE.TRD.GNFS.ZS,Trade,55.90639185095376
NZL,2019,EG.ELC.ACCS.ZS,Electricity,100.0
NZL,2019,NY.GDP.MKTP.KD,GDP,201872346390.44016
NZL,2019,NY.GDP.MKTP.KD.ZG,Growth,2.3237170844162307
NZL,2019,NY.GDP.PCAP.PP.KD,Income,47392.19331351721
NZL,2019,FP.CPI.TOTL.ZG,Inflation,1.619631901840475
NZL,2019,IT.NET.USER.ZS,Internet,89.86370087
NZL,2019,SP.DYN.LE00.IN,Life,82.05609756097562
NZL,2019,SP.POP.TOTL,Population,4970300.0
NZL,2019,NE.TRD.GNFS.ZS,Trade,54.46124640970069
NZL,2020,EG.ELC.ACCS.ZS,Electricity,100.0
NZL,2020,NY.GDP.MKTP.KD,GDP,201386003376.7435
NZL,2020,NY.GDP.MKTP.KD.ZG,Growth,-0.24091611475898844
NZL,2020,NY.GDP.PCAP.PP.KD,Income,46326.38046729759
NZL,2020,FP.CPI.TOTL.ZG,Inflation,1.714561700072449
NZL,2020,IT.NET.USER.ZS,Internet,90.92099762
NZL,2020,SP.DYN.LE00.IN,Life,82.25609756097562
NZL,2020,SP.POP.TOTL,Population,5072400.0
NZL,2020,NE.TRD.GNFS.ZS,Trade,43.82624662181676
NZL,2021,EG.ELC.ACCS.ZS,Electricity,100.0
NZL,2021,NY.GDP.MKTP.KD,GDP,210043909984.57043
NZL,2021,NY.GDP.MKTP.KD.ZG,Growth,4.299160052166144
NZL,2021,NY.GDP.PCAP.PP.KD,Income,48202.091336823345
NZL,2021,FP.CPI.TOTL.ZG,Inflation,3.941120607787283
NZL,2021,IT.NET.USER.ZS,Internet,91.99060059
NZL,2021,SP.DYN.LE00.IN,Life,82.20731707317074
NZL,2021,SP.POP.TOTL,Population,5084600.0
NZL,2021,NE.TRD.GNFS.ZS,Trade,48.43153707415389
NZL,2022,EG.ELC.ACCS.ZS,Electricity,100.0
NZL,2022,NY.GDP.MKTP.KD,GDP,217070337673.13425
NZL,2022,NY.GDP.MKTP.KD.ZG,Growth,3.345218477926821
NZL,2022,NY.GDP.PCAP.PP.KD,Income,49842.98453341615
NZL,2022,FP.CPI.TOTL.ZG,Inflation,7.17222476016441
NZL,2022,IT.NET.USER.ZS,Internet,93.07289886
NZL,2022,SP.DYN.LE00.IN,Life,81.95853658536585
NZL,2022,SP.POP.TOTL,Population,5081700.0
NZL,2022,NE.TRD.GNFS.ZS,Trade,53.20914337364386
NZL,2023,EG.ELC.ACCS.ZS,Electricity,100.0
NZL,2023,NY.GDP.MKTP.KD,GDP,221007764663.38348
NZL,2023,NY.GDP.MKTP.KD.ZG,Growth,1.8138945341201946
NZL,2023,NY.GDP.PCAP.PP.KD,Income,49592.58755120981
NZL,2023,FP.CPI.TOTL.ZG,Inflation,5.733162830349572
NZL,2023,IT.NET.USER.ZS,Internet,93.32610321
NZL,2023,SP.DYN.LE00.IN,Life,81.75853658536587
NZL,2023,SP.POP.TOTL,Population,5200000.0
NZL,2023,NE.TRD.GNFS.ZS,Trade,49.86550414984969
NZL,2024,EG.ELC.ACCS.ZS,Electricity,100.0
NZL,2024,NY.GDP.MKTP.KD,GDP,219087820768.12994
NZL,2024,NY.GDP.MKTP.KD.ZG,Growth,-0.8687223718939521
NZL,2024,NY.GDP.PCAP.PP.KD,Income,48325.365098568436
NZL,2024,FP.CPI.TOTL.ZG,Inflation,2.922797823019567
NZL,2024,IT.NET.USER.ZS,Internet,93.51930237
NZL,2024,SP.DYN.LE00.IN,Life,82.00975609756098
NZL,2024,SP.POP.TOTL,Population,5290000.0
NZL,2024,NE.TRD.GNFS.ZS,Trade,50.66076644278527
POL,2000,EG.ELC.ACCS.ZS,Electricity,100.0
POL,2000,NY.GDP.MKTP.KD,GDP,283174187558.0318
POL,2000,NY.GDP.MKTP.KD.ZG,Growth,4.656332529882363
POL,2000,NY.GDP.PCAP.PP.KD,Income,18566.35462887721
POL,2000,FP.CPI.TOTL.ZG,Inflation,9.900175388430652
POL,2000,IT.NET.USER.ZS,Internet,7.2854287080601
POL,2000,SP.DYN.LE00.IN,Life,73.74878048780488
POL,2000,SP.POP.TOTL,Population,38258629.0
POL,2000,NE.TRD.GNFS.ZS,Trade,60.610720942329664
POL,2001,EG.ELC.ACCS.ZS,Electricity,100.0
POL,2001,NY.GDP.MKTP.KD,GDP,286667833930.2296
POL,2001,NY.GDP.MKTP.KD.ZG,Growth,1.2337446440035649
POL,2001,NY.GDP.PCAP.PP.KD,Income,18800.601864840213
POL,2001,FP.CPI.TOTL.ZG,Inflation,5.408335455661495
POL,2001,IT.NET.USER.ZS,Internet,9.9006697073534
POL,2001,SP.DYN.LE00.IN,Life,74.20000000000002
POL,2001,SP.POP.TOTL,Population,38248076.0
POL,2001,NE.TRD.GNFS.ZS,Trade,57.8785312712895
POL,2002,EG.ELC.ACCS.ZS,Electricity,100.0
POL,2002,NY.GDP.MKTP.KD,GDP,292117946677.2783
POL,2002,NY.GDP.MKTP.KD.ZG,Growth,1.9011943796858617
POL,2002,NY.GDP.PCAP.PP.KD,Income,19166.913705814277
POL,2002,FP.CPI.TOTL.ZG,Inflation,1.905282150480542
POL,2002,IT.NET.USER.ZS,Internet,21.15
POL,2002,SP.DYN.LE00.IN,Life,74.49756097560977
POL,2002,SP.POP.TOTL,Population,38230364.0
POL,2002,NE.TRD.GNFS.ZS,Trade,60.79679905739114
POL,2003,EG.ELC.ACCS.ZS,Electricity,99.9
POL,2003,NY.GDP.MKTP.KD,GDP,302410346199.7614
POL,2003,NY.GDP.MKTP.KD.ZG,Growth,3.523371172348334
POL,2003,NY.GDP.PCAP.PP.KD,Income,19855.631798918137
POL,2003,FP.CPI.TOTL.ZG,Inflation,0.6827013757876321
POL,2003,IT.NET.USER.ZS,Internet,24.87
POL,2003,SP.DYN.LE00.IN,Life,74.59756097560977
POL,2003,SP.POP.TOTL,Population,38204570.0
POL,2003,NE.TRD.GNFS.ZS,Trade,69.21344798417884
POL,2004,EG.ELC.ACCS.ZS,Electricity,99.9
POL,2004,NY.GDP.MKTP.KD,GDP,317805438387.05414
POL,2004,NY.GDP.MKTP.KD.ZG,Growth,5.090795464095436
POL,2004,NY.GDP.PCAP.PP.KD,Income,20878.65450025344
POL,2004,FP.CPI.TOTL.ZG,Inflation,3.382646818846991
POL,2004,IT.NET.USER.ZS,Internet,32.53
POL,2004,SP.DYN.LE00.IN,Life,74.84634146341465
POL,2004,SP.POP.TOTL,Population,38182222.0
POL,2004,NE.TRD.GNFS.ZS,Trade,70.98157656941618
POL,2005,EG.ELC.ACCS.ZS,Electricity,99.8
POL,2005,NY.GDP.MKTP.KD,GDP,328168510412.5217
POL,2005,NY.GDP.MKTP.KD.ZG,Growth,3.260822746792158
POL,2005,NY.GDP.PCAP.PP.KD,Income,21568.947659435624
POL,2005,FP.CPI.TOTL.ZG,Inflation,2.183798723902509
POL,2005,IT.NET.USER.ZS,Internet,38.81
POL,2005,SP.DYN.LE00.IN,Life,74.99512195121952
POL,2005,SP.POP.TOTL,Population,38165445.0
POL,2005,NE.TRD.GNFS.ZS,Trade,70.31147909025836
POL,2006,EG.ELC.ACCS.ZS,Electricity,99.8
POL,2006,NY.GDP.MKTP.KD,GDP,348521872927.44415
POL,2006,NY.GDP.MKTP.KD.ZG,Growth,6.2021071093437286
POL,2006,NY.GDP.PCAP.PP.KD,Income,22921.197588769614
POL,2006,FP.CPI.TOTL.ZG,Inflation,1.284693943664164
POL,2006,IT.NET.USER.ZS,Internet,44.58
POL,2006,SP.DYN.LE00.IN,Life,75.1439024390244
POL,2006,SP.POP.TOTL,Population,38141267.0
POL,2006,NE.TRD.GNFS.ZS,Trade,77.70080354023524
POL,2007,EG.ELC.ACCS.ZS,Electricity,99.8
POL,2007,NY.GDP.MKTP.KD,GDP,372083512402.17554
POL,2007,NY.GDP.MKTP.KD.ZG,Growth,6.760447852762596
POL,2007,NY.GDP.PCAP.PP.KD,Income,24484.06566637556
POL,2007,FP.CPI.TOTL.ZG,Inflation,2.458743123853899
POL,2007,IT.NET.USER.ZS,Internet,48.6
POL,2007,SP.DYN.LE00.IN,Life,75.2439024390244
POL,2007,SP.POP.TOTL,Population,38120560.0
POL,2007,NE.TRD.GNFS.ZS,Trade,80.74539905669103
POL,2008,EG.ELC.ACCS.ZS,Electricity,99.8
POL,2008,NY.GDP.MKTP.KD,GDP,388394800371.4022
POL,2008,NY.GDP.MKTP.KD.ZG,Growth,4.3837706927460545
POL,2008,NY.GDP.PCAP.PP.KD,Income,25553.90584065341
POL,2008,FP.CPI.TOTL.ZG,Inflation,4.164971935247787
POL,2008,IT.NET.USER.ZS,Internet,53.13
POL,2008,SP.DYN.LE00.IN,Life,75.54390243902441
POL,2008,SP.POP.TOTL,Population,38125759.0
POL,2008,NE.TRD.GNFS.ZS,Trade,80.57468155692065
POL,2009,EG.ELC.ACCS.ZS,Electricity,100.0
POL,2009,NY.GDP.MKTP.KD,GDP,398551823849.317
POL,2009,NY.GDP.MKTP.KD.ZG,Growth,2.6151285929168324
POL,2009,NY.GDP.PCAP.PP.KD,Income,26204.410367111
POL,2009,FP.CPI.TOTL.ZG,Inflation,3.795392424833992
POL,2009,IT.NET.USER.ZS,Internet,58.97
POL,2009,SP.DYN.LE00.IN,Life,75.69512195121952
POL,2009,SP.POP.TOTL,Population,38151603.0
POL,2009,NE.TRD.GNFS.ZS,Trade,74.96859652642691
POL,2010,EG.ELC.ACCS.ZS,Electricity,100.0
POL,2010,NY.GDP.MKTP.KD,GDP,411181642127.6033
POL,2010,NY.GDP.MKTP.KD.ZG,Growth,3.168927482580358
POL,2010,NY.GDP.PCAP.PP.KD,Income,27112.133379738138
POL,2010,FP.CPI.TOTL.ZG,Inflation,2.580693702505478
POL,2010,IT.NET.USER.ZS,Internet,62.32
POL,2010,SP.DYN.LE00.IN,Life,76.24634146341464
POL,2010,SP.POP.TOTL,Population,38042794.0
POL,2010,NE.TRD.GNFS.ZS,Trade,82.22585232199216
POL,2011,EG.ELC.ACCS.ZS,Electricity,100.0
POL,2011,NY.GDP.MKTP.KD,GDP,432791139408.4097
POL,2011,NY.GDP.MKTP.KD.ZG,Growth,5.25546256612796
POL,2011,NY.GDP.PCAP.PP.KD,Income,28521.6612623568
POL,2011,FP.CPI.TOTL.ZG,Inflation,4.239401496259321
POL,2011,IT.NET.USER.ZS,Internet,61.94999896898
POL,2011,SP.DYN.LE00.IN,Life,76.69512195121952
POL,2011,SP.POP.TOTL,Population,38063255.0
POL,2011,NE.TRD.GNFS.ZS,Trade,86.9236892837618
POL,2012,EG.ELC.ACCS.ZS,Electricity,100.0
POL,2012,NY.GDP.MKTP.KD,GDP,439333996551.26685
POL,2012,NY.GDP.MKTP.KD.ZG,Growth,1.5117816764457501
POL,2012,NY.GDP.PCAP.PP.KD,Income,28952.915730530058
POL,2012,FP.CPI.TOTL.ZG,Inflation,3.560371517027928
POL,2012,IT.NET.USER.ZS,Internet,62.3099972714691
POL,2012,SP.DYN.LE00.IN,Life,76.74634146341464
POL,2012,SP.POP.TOTL,Population,38063164.0
POL,2012,NE.TRD.GNFS.ZS,Trade,88.82990330665832
POL,2013,EG.ELC.ACCS.ZS,Electricity,100.0
POL,2013,NY.GDP.MKTP.KD,GDP,442340098156.2542
POL,2013,NY.GDP.MKTP.KD.ZG,Growth,0.6842406070518052
POL,2013,NY.GDP.PCAP.PP.KD,Income,29168.624211074955
POL,2013,FP.CPI.TOTL.ZG,Inflation,0.991982606332335
POL,2013,IT.NET.USER.ZS,Internet,62.8492
POL,2013,SP.DYN.LE00.IN,Life,77.00000000000001
POL,2013,SP.POP.TOTL,Population,38040196.0
POL,2013,NE.TRD.GNFS.ZS,Trade,90.41750724156292
POL,2014,EG.ELC.ACCS.ZS,Electricity,100.0
POL,2014,NY.GDP.MKTP.KD,GDP,459682079851.4392
POL,2014,NY.GDP.MKTP.KD.ZG,Growth,3.920508623900318
POL,2014,NY.GDP.PCAP.PP.KD,Income,30334.878656961846
POL,2014,FP.CPI.TOTL.ZG,Inflation,0.05382131323998021
POL,2014,IT.NET.USER.ZS,Internet,66.5987360557248
POL,2014,SP.DYN.LE00.IN,Life,77.60243902439025
POL,2014,SP.POP.TOTL,Population,38011735.0
POL,2014,NE.TRD.GNFS.ZS,Trade,92.03401971131778
POL,2015,EG.ELC.ACCS.ZS,Electricity,100.0
POL,2015,NY.GDP.MKTP.KD,GDP,480054118583.3665
POL,2015,NY.GDP.MKTP.KD.ZG,Growth,4.431767002644776
POL,2015,NY.GDP.PCAP.PP.KD,Income,31700.368236415372
POL,2015,FP.CPI.TOTL.ZG,Inflation,-0.8741258741258624
POL,2015,IT.NET.USER.ZS,Internet,67.9969871556415
POL,2015,SP.DYN.LE00.IN,Life,77.45121951219512
POL,2015,SP.POP.TOTL,Population,37986412.0
POL,2015,NE.TRD.GNFS.ZS,Trade,92.25542727419422
POL,2016,EG.ELC.ACCS.ZS,Electricity,100.0
POL,2016,NY.GDP.MKTP.KD,GDP,494605411858.33673
POL,2016,NY.GDP.MKTP.KD.ZG,Growth,3.03117767594847
POL,2016,NY.GDP.PCAP.PP.KD,Income,32675.305225995377
POL,2016,FP.CPI.TOTL.ZG,Inflation,-0.664767331433962
POL,2016,IT.NET.USER.ZS,Internet,73.3007040962669
POL,2016,SP.DYN.LE00.IN,Life,77.85121951219514
POL,2016,SP.POP.TOTL,Population,37970087.0
POL,2016,NE.TRD.GNFS.ZS,Trade,96.8659028060623
POL,2017,EG.ELC.ACCS.ZS,Electricity,100.0
POL,2017,NY.GDP.MKTP.KD,GDP,520089746650.7495
POL,2017,NY.GDP.MKTP.KD.ZG,Growth,5.1524577332590695
POL,2017,NY.GDP.PCAP.PP.KD,Income,34354.59876163194
POL,2017,FP.CPI.TOTL.ZG,Inflation,2.075935536738593
POL,2017,IT.NET.USER.ZS,Internet,75.9853659493832
POL,2017,SP.DYN.LE00.IN,Life,77.75365853658538
POL,2017,SP.POP.TOTL,Population,37974826.0
POL,2017,NE.TRD.GNFS.ZS,Trade,100.56589524627961
POL,2018,EG.ELC.ACCS.ZS,Electricity,100.0
POL,2018,NY.GDP.MKTP.KD,GDP,552573816155.9889
POL,2018,NY.GDP.MKTP.KD.ZG,Growth,6.245858472394204
POL,2018,NY.GDP.PCAP.PP.KD,Income,36500.41142825841
POL,2018,FP.CPI.TOTL.ZG,Inflation,1.812951565426885
POL,2018,IT.NET.USER.ZS,Internet,77.5417345350006
POL,2018,SP.DYN.LE00.IN,Life,77.60243902439025
POL,2018,SP.POP.TOTL,Population,37974750.0
POL,2018,NE.TRD.GNFS.ZS,Trade,102.4424621680053
POL,2019,EG.ELC.ACCS.ZS,Electricity,100.0
POL,2019,NY.GDP.MKTP.KD,GDP,577884228677.5436
POL,2019,NY.GDP.MKTP.KD.ZG,Growth,4.58045817256199
POL,2019,NY.GDP.PCAP.PP.KD,Income,38181.62303346887
POL,2019,FP.CPI.TOTL.ZG,Inflation,2.227478809382914
POL,2019,IT.NET.USER.ZS,Internet,80.4359068768673
POL,2019,SP.DYN.LE00.IN,Life,77.90487804878049
POL,2019,SP.POP.TOTL,Population,37965475.0
POL,2019,NE.TRD.GNFS.ZS,Trade,101.58103381737295
POL,2020,EG.ELC.ACCS.ZS,Electricity,100.0
POL,2020,NY.GDP.MKTP.KD,GDP,566120997479.772
POL,2020,NY.GDP.MKTP.KD.ZG,Growth,-2.0355688239997676
POL,2020,NY.GDP.PCAP.PP.KD,Income,37852.802131363875
POL,2020,FP.CPI.TOTL.ZG,Inflation,3.37446972618589
POL,2020,IT.NET.USER.ZS,Internet,83.18488715
POL,2020,SP.DYN.LE00.IN,Life,76.4
POL,2020,SP.POP.TOTL,Population,37515748.0
POL,2020,NE.TRD.GNFS.ZS,Trade,99.25909123034361
POL,2021,EG.ELC.ACCS.ZS,Electricity,100.0
POL,2021,NY.GDP.MKTP.KD,GDP,605337233054.782
POL,2021,NY.GDP.MKTP.KD.ZG,Growth,6.9271826605250055
POL,2021,NY.GDP.PCAP.PP.KD,Income,41059.5847829682
POL,2021,FP.CPI.TOTL.ZG,Inflation,5.055027047192721
POL,2021,IT.NET.USER.ZS,Internet,85.37490906
POL,2021,SP.DYN.LE00.IN,Life,75.35121951219514
POL,2021,SP.POP.TOTL,Population,36981559.0
POL,2021,NE.TRD.GNFS.ZS,Trade,110.87428302194462
POL,2022,EG.ELC.ACCS.ZS,Electricity,100.0
POL,2022,NY.GDP.MKTP.KD,GDP,637150470884.7329
POL,2022,NY.GDP.MKTP.KD.ZG,Growth,5.255456973860362
POL,2022,NY.GDP.PCAP.PP.KD,Income,43405.021579744105
POL,2022,FP.CPI.TOTL.ZG,Inflation,14.42945075757577
POL,2022,IT.NET.USER.ZS,Internet,86.94113479
POL,2022,SP.DYN.LE00.IN,Life,77.15609756097562
POL,2022,SP.POP.TOTL,Population,36821749.0
POL,2022,NE.TRD.GNFS.ZS,Trade,123.02133286034473
POL,2023,EG.ELC.ACCS.ZS,Electricity,100.0
POL,2023,NY.GDP.MKTP.KD,GDP,638740867489.057
POL,2023,NY.GDP.MKTP.KD.ZG,Growth,0.2496108340178722
POL,2023,NY.GDP.PCAP.PP.KD,Income,43672.76680149465
POL,2023,FP.CPI.TOTL.ZG,Inflation,11.52891279611048
POL,2023,IT.NET.USER.ZS,Internet,86.414744
POL,2023,SP.DYN.LE00.IN,Life,78.25853658536586
POL,2023,SP.POP.TOTL,Population,36687353.0
POL,2023,NE.TRD.GNFS.ZS,Trade,110.0249350418151
POL,2024,EG.ELC.ACCS.ZS,Electricity,100.0
POL,2024,NY.GDP.MKTP.KD,GDP,658084600079.5863
POL,2024,NY.GDP.MKTP.KD.ZG,Growth,3.028416307002729
POL,2024,NY.GDP.PCAP.PP.KD,Income,45153.04397732806
POL,2024,FP.CPI.TOTL.ZG,Inflation,3.790608976301966
POL,2024,IT.NET.USER.ZS,Internet,88.58496367
POL,2024,SP.DYN.LE00.IN,Life,78.40975609756099
POL,2024,SP.POP.TOTL,Population,36559233.0
POL,2024,NE.TRD.GNFS.ZS,Trade,100.35944284716398
SWE,2000,EG.ELC.ACCS.ZS,Electricity,100.0
SWE,2000,NY.GDP.MKTP.KD,GDP,368740595935.9818
SWE,2000,NY.GDP.MKTP.KD.ZG,Growth,4.6311213655136925
SWE,2000,NY.GDP.PCAP.PP.KD,Income,47868.50772925712
SWE,2000,FP.CPI.TOTL.ZG,Inflation,0.8991437340417145
SWE,2000,IT.NET.USER.ZS,Internet,45.6876522122282
SWE,2000,SP.DYN.LE00.IN,Life,79.6439024390244
SWE,2000,SP.POP.TOTL,Population,8872109.0
SWE,2000,NE.TRD.GNFS.ZS,Trade,81.47215908501208
SWE,2001,EG.ELC.ACCS.ZS,Electricity,100.0
SWE,2001,NY.GDP.MKTP.KD,GDP,373758441664.22
SWE,2001,NY.GDP.MKTP.KD.ZG,Growth,1.3608064269412097
SWE,2001,NY.GDP.PCAP.PP.KD,Income,48389.818513259146
SWE,2001,FP.CPI.TOTL.ZG,Inflation,2.405958341454364
SWE,2001,IT.NET.USER.ZS,Internet,51.7656649372808
SWE,2001,SP.DYN.LE00.IN,Life,79.79512195121951
SWE,2001,SP.POP.TOTL,Population,8895960.0
SWE,2001,NE.TRD.GNFS.ZS,Trade,80.56918281177138
SWE,2002,EG.ELC.ACCS.ZS,Electricity,100.0
SWE,2002,NY.GDP.MKTP.KD,GDP,382271644878.76526
SWE,2002,NY.GDP.MKTP.KD.ZG,Growth,2.2777286786189705
SWE,2002,NY.GDP.PCAP.PP.KD,Income,49331.2032555738
SWE,2002,FP.CPI.TOTL.ZG,Inflation,2.158482135892664
SWE,2002,IT.NET.USER.ZS,Internet,70.57
SWE,2002,SP.DYN.LE00.IN,Life,79.84634146341465
SWE,2002,SP.POP.TOTL,Population,8924958.0
SWE,2002,NE.TRD.GNFS.ZS,Trade,77.08531869724021
SWE,2003,EG.ELC.ACCS.ZS,Electricity,100.0
SWE,2003,NY.GDP.MKTP.KD,GDP,389462280395.7889
SWE,2003,NY.GDP.MKTP.KD.ZG,Growth,1.8810276967584372
SWE,2003,NY.GDP.PCAP.PP.KD,Income,50072.47364629254
SWE,2003,FP.CPI.TOTL.ZG,Inflation,1.925655348923831
SWE,2003,IT.NET.USER.ZS,Internet,79.13
SWE,2003,SP.DYN.LE00.IN,Life,80.09512195121953
SWE,2003,SP.POP.TOTL,Population,8958229.0
SWE,2003,NE.TRD.GNFS.ZS,Trade,75.32821748642375
SWE,2004,EG.ELC.ACCS.ZS,Electricity,100.0
SWE,2004,NY.GDP.MKTP.KD,GDP,405740184306.611
SWE,2004,NY.GDP.MKTP.KD.ZG,Growth,4.179584193437108
SWE,2004,NY.GDP.PCAP.PP.KD,Income,51960.532190295315
SWE,2004,FP.CPI.TOTL.ZG,Inflation,0.3736598287218242
SWE,2004,IT.NET.USER.ZS,Internet,83.89
SWE,2004,SP.DYN.LE00.IN,Life,80.49756097560977
SWE,2004,SP.POP.TOTL,Population,8993531.0
SWE,2004,NE.TRD.GNFS.ZS,Trade,78.73588191873561
SWE,2005,EG.ELC.ACCS.ZS,Electricity,100.0
SWE,2005,NY.GDP.MKTP.KD,GDP,417073066879.5052
SWE,2005,NY.GDP.MKTP.KD.ZG,Growth,2.793137828401555
SWE,2005,NY.GDP.PCAP.PP.KD,Income,53198.67120001
SWE,2005,FP.CPI.TOTL.ZG,Inflation,0.4531708525761384
SWE,2005,IT.NET.USER.ZS,Internet,84.83
SWE,2005,SP.DYN.LE00.IN,Life,80.54634146341465
SWE,2005,SP.POP.TOTL,Population,9029572.0
SWE,2005,NE.TRD.GNFS.ZS,Trade,84.16792301803099
SWE,2006,EG.ELC.ACCS.ZS,Electricity,100.0
SWE,2006,NY.GDP.MKTP.KD,GDP,436575715827.72205
SWE,2006,NY.GDP.MKTP.KD.ZG,Growth,4.676074888779922
SWE,2006,NY.GDP.PCAP.PP.KD,Income,55373.93381153931
SWE,2006,FP.CPI.TOTL.ZG,Inflation,1.36021468627693
SWE,2006,IT.NET.USER.ZS,Internet,87.76
SWE,2006,SP.DYN.LE00.IN,Life,80.7487804878049
SWE,2006,SP.POP.TOTL,Population,9080505.0
SWE,2006,NE.TRD.GNFS.ZS,Trade,88.33026089182387
SWE,2007,EG.ELC.ACCS.ZS,Electricity,100.0
SWE,2007,NY.GDP.MKTP.KD,GDP,450654706998.62244
SWE,2007,NY.GDP.MKTP.KD.ZG,Growth,3.2248681409609503
SWE,2007,NY.GDP.PCAP.PP.KD,Income,56737.36891793015
SWE,2007,FP.CPI.TOTL.ZG,Inflation,2.212168834367327
SWE,2007,IT.NET.USER.ZS,Internet,82.01
SWE,2007,SP.DYN.LE00.IN,Life,80.90000000000002
SWE,2007,SP.POP.TOTL,Population,9148092.0
SWE,2007,NE.TRD.GNFS.ZS,Trade,89.54692366102228
SWE,2008,EG.ELC.ACCS.ZS,Electricity,100.0
SWE,2008,NY.GDP.MKTP.KD,GDP,446494653686.2632
SWE,2008,NY.GDP.MKTP.KD.ZG,Growth,-0.9231132500679706
SWE,2008,NY.GDP.PCAP.PP.KD,Income,55777.39730500939
SWE,2008,FP.CPI.TOTL.ZG,Inflation,3.437049106028748
SWE,2008,IT.NET.USER.ZS,Internet,90.0
SWE,2008,SP.DYN.LE00.IN,Life,81.10000000000001
SWE,2008,SP.POP.TOTL,Population,9219637.0
SWE,2008,NE.TRD.GNFS.ZS,Trade,92.80836870955959
SWE,2009,EG.ELC.ACCS.ZS,Electricity,100.0
SWE,2009,NY.GDP.MKTP.KD,GDP,427493565399.8604
SWE,2009,NY.GDP.MKTP.KD.ZG,Growth,-4.255613842076187
SWE,2009,NY.GDP.PCAP.PP.KD,Income,52950.71033324671
SWE,2009,FP.CPI.TOTL.ZG,Inflation,-0.494460544378051
SWE,2009,IT.NET.USER.ZS,Internet,91.0
SWE,2009,SP.DYN.LE00.IN,Life,81.35121951219513
SWE,2009,SP.POP.TOTL,Population,9298515.0
SWE,2009,NE.TRD.GNFS.ZS,Trade,81.95831396739302
SWE,2010,EG.ELC.ACCS.ZS,Electricity,100.0
SWE,2010,NY.GDP.MKTP.KD,GDP,452077714777.6553
SWE,2010,NY.GDP.MKTP.KD.ZG,Growth,5.750764775792547
SWE,2010,NY.GDP.PCAP.PP.KD,Income,55520.43241785336
SWE,2010,FP.CPI.TOTL.ZG,Inflation,1.157988027156257
SWE,2010,IT.NET.USER.ZS,Internet,90.0
SWE,2010,SP.DYN.LE00.IN,Life,81.45121951219514
SWE,2010,SP.POP.TOTL,Population,9378126.0
SWE,2010,NE.TRD.GNFS.ZS,Trade,85.09148492727327
SWE,2011,EG.ELC.ACCS.ZS,Electricity,100.0
SWE,2011,NY.GDP.MKTP.KD,GDP,466380936831.1652
SWE,2011,NY.GDP.MKTP.KD.ZG,Growth,3.163885674069263
SWE,2011,NY.GDP.PCAP.PP.KD,Income,56846.136829062525
SWE,2011,FP.CPI.TOTL.ZG,Inflation,2.9611507382214
SWE,2011,IT.NET.USER.ZS,Internet,92.7699860554046
SWE,2011,SP.DYN.LE00.IN,Life,81.80243902439025
SWE,2011,SP.POP.TOTL,Population,9449213.0
SWE,2011,NE.TRD.GNFS.ZS,Trade,86.39074480601876
SWE,2012,EG.ELC.ACCS.ZS,Electricity,100.0
SWE,2012,NY.GDP.MKTP.KD,GDP,464448264944.2515
SWE,2012,NY.GDP.MKTP.KD.ZG,Growth,-0.41439770245440855
SWE,2012,NY.GDP.PCAP.PP.KD,Income,56193.328748824606
SWE,2012,FP.CPI.TOTL.ZG,Inflation,0.888377506923735
SWE,2012,IT.NET.USER.ZS,Internet,93.1799880065108
SWE,2012,SP.DYN.LE00.IN,Life,81.7048780487805
SWE,2012,SP.POP.TOTL,Population,9519374.0
SWE,2012,NE.TRD.GNFS.ZS,Trade,85.29806054243595
SWE,2013,EG.ELC.ACCS.ZS,Electricity,100.0
SWE,2013,NY.GDP.MKTP.KD,GDP,469732138276.91693
SWE,2013,NY.GDP.MKTP.KD.ZG,Growth,1.137666718014259
SWE,2013,NY.GDP.PCAP.PP.KD,Income,56353.085634789735
SWE,2013,FP.CPI.TOTL.ZG,Inflation,-0.04429297014868205
SWE,2013,IT.NET.USER.ZS,Internet,94.7836
SWE,2013,SP.DYN.LE00.IN,Life,81.9560975609756
SWE,2013,SP.POP.TOTL,Population,9600379.0
SWE,2013,NE.TRD.GNFS.ZS,Trade,81.64025213299637
SWE,2014,EG.ELC.ACCS.ZS,Electricity,100.0
SWE,2014,NY.GDP.MKTP.KD,GDP,480516119003.0809
SWE,2014,NY.GDP.MKTP.KD.ZG,Growth,2.2957723875828435
SWE,2014,NY.GDP.PCAP.PP.KD,Income,57077.66935441957
SWE,2014,FP.CPI.TOTL.ZG,Inflation,-0.179638494114635
SWE,2014,IT.NET.USER.ZS,Internet,92.5236065037579
SWE,2014,SP.DYN.LE00.IN,Life,82.25365853658538
SWE,2014,SP.POP.TOTL,Population,9696110.0
SWE,2014,NE.TRD.GNFS.ZS,Trade,83.8229810483527
SWE,2015,EG.ELC.ACCS.ZS,Electricity,100.0
SWE,2015,NY.GDP.MKTP.KD,GDP,501602351911.60016
SWE,2015,NY.GDP.MKTP.KD.ZG,Growth,4.38824673608589
SWE,2015,NY.GDP.PCAP.PP.KD,Income,58955.6412361461
SWE,2015,FP.CPI.TOTL.ZG,Inflation,-0.04678474498328117
SWE,2015,IT.NET.USER.ZS,Internet,90.6101966398616
SWE,2015,SP.DYN.LE00.IN,Life,82.2048780487805
SWE,2015,SP.POP.TOTL,Population,9799186.0
SWE,2015,NE.TRD.GNFS.ZS,Trade,84.1730765958171
SWE,2016,EG.ELC.ACCS.ZS,Electricity,100.0
SWE,2016,NY.GDP.MKTP.KD,GDP,512292396637.9643
SWE,2016,NY.GDP.MKTP.KD.ZG,Growth,2.1311791473115136
SWE,2016,NY.GDP.PCAP.PP.KD,Income,59460.28727226893
SWE,2016,FP.CPI.TOTL.ZG,Inflation,0.9842692445779917
SWE,2016,IT.NET.USER.ZS,Internet,89.6509476102355
SWE,2016,SP.DYN.LE00.IN,Life,82.30731707317074
SWE,2016,SP.POP.TOTL,Population,9923085.0
SWE,2016,NE.TRD.GNFS.ZS,Trade,83.4519478574149
SWE,2017,EG.ELC.ACCS.ZS,Electricity,100.0
SWE,2017,NY.GDP.MKTP.KD,GDP,521937949816.0439
SWE,2017,NY.GDP.MKTP.KD.ZG,Growth,1.8828218496664562
SWE,2017,NY.GDP.PCAP.PP.KD,Income,59769.01362369996
SWE,2017,FP.CPI.TOTL.ZG,Inflation,1.794499046655989
SWE,2017,IT.NET.USER.ZS,Internet,93.0062669652127
SWE,2017,SP.DYN.LE00.IN,Life,82.40975609756099
SWE,2017,SP.POP.TOTL,Population,10057698.0
SWE,2017,NE.TRD.GNFS.ZS,Trade,86.0693088740521
SWE,2018,EG.ELC.ACCS.ZS,Electricity,100.0
SWE,2018,NY.GDP.MKTP.KD,GDP,531177584320.7548
SWE,2018,NY.GDP.MKTP.KD.ZG,Growth,1.7702553546772037
SWE,2018,NY.GDP.PCAP.PP.KD,Income,60124.57119941789
SWE,2018,FP.CPI.TOTL.ZG,Inflation,1.953535301270278
SWE,2018,IT.NET.USER.ZS,Internet,89.2469631588137
SWE,2018,SP.DYN.LE00.IN,Life,82.55853658536586
SWE,2018,SP.POP.TOTL,Population,10175214.0
SWE,2018,NE.TRD.GNFS.ZS,Trade,90.40871423617006
SWE,2019,EG.ELC.ACCS.ZS,Electricity,100.0
SWE,2019,NY.GDP.MKTP.KD,GDP,545031918111.88434
SWE,2019,NY.GDP.MKTP.KD.ZG,Growth,2.60823012869524
SWE,2019,NY.GDP.PCAP.PP.KD,Income,61070.5243445838
SWE,2019,FP.CPI.TOTL.ZG,Inflation,1.784150974038347
SWE,2019,IT.NET.USER.ZS,Internet,94.4934434072202
SWE,2019,SP.DYN.LE00.IN,Life,83.10975609756099
SWE,2019,SP.POP.TOTL,Population,10278887.0
SWE,2019,NE.TRD.GNFS.ZS,Trade,92.75113902905613
SWE,2020,EG.ELC.ACCS.ZS,Electricity,100.0
SWE,2020,NY.GDP.MKTP.KD,GDP,534492107010.6256
SWE,2020,NY.GDP.MKTP.KD.ZG,Growth,-1.9337970403221618
SWE,2020,NY.GDP.PCAP.PP.KD,Income,59458.280529196934
SWE,2020,FP.CPI.TOTL.ZG,Inflation,0.4973673188535717
SWE,2020,IT.NET.USER.ZS,Internet,94.53943122
SWE,2020,SP.DYN.LE00.IN,Life,82.35609756097561
SWE,2020,SP.POP.TOTL,Population,10353442.0
SWE,2020,NE.TRD.GNFS.ZS,Trade,84.47459581416179
SWE,2021,EG.ELC.ACCS.ZS,Electricity,100.0
SWE,2021,NY.GDP.MKTP.KD,GDP,562423939232.5907
SWE,2021,NY.GDP.MKTP.KD.ZG,Growth,5.225864302877298
SWE,2021,NY.GDP.PCAP.PP.KD,Income,62190.85269838252
SWE,2021,FP.CPI.TOTL.ZG,Inflation,2.163197364471434
SWE,2021,IT.NET.USER.ZS,Internet,94.6703163
SWE,2021,SP.DYN.LE00.IN,Life,83.05609756097562
SWE,2021,SP.POP.TOTL,Population,10415811.0
SWE,2021,NE.TRD.GNFS.ZS,Trade,91.11023744130415
SWE,2022,EG.ELC.ACCS.ZS,Electricity,100.0
SWE,2022,NY.GDP.MKTP.KD,GDP,569484812988.2563
SWE,2022,NY.GDP.MKTP.KD.ZG,Growth,1.2554362044581637
SWE,2022,NY.GDP.PCAP.PP.KD,Income,62544.50022486441
SWE,2022,FP.CPI.TOTL.ZG,Inflation,8.36929098869189
SWE,2022,IT.NET.USER.ZS,Internet,95.00970335
SWE,2022,SP.DYN.LE00.IN,Life,83.05853658536587
SWE,2022,SP.POP.TOTL,Population,10486941.0
SWE,2022,NE.TRD.GNFS.ZS,Trade,107.11175182651169
SWE,2023,EG.ELC.ACCS.ZS,Electricity,100.0
SWE,2023,NY.GDP.MKTP.KD,GDP,568322714847.7139
SWE,2023,NY.GDP.MKTP.KD.ZG,Growth,-0.20406130489143948
SWE,2023,NY.GDP.PCAP.PP.KD,Income,62122.5116950792
SWE,2023,FP.CPI.TOTL.ZG,Inflation,8.5486248974891
SWE,2023,IT.NET.USER.ZS,Internet,95.70327461
SWE,2023,SP.DYN.LE00.IN,Life,83.30975609756099
SWE,2023,SP.POP.TOTL,Population,10536632.0
SWE,2023,NE.TRD.GNFS.ZS,Trade,107.61970944397427
SWE,2024,EG.ELC.ACCS.ZS,Electricity,100.0
SWE,2024,NY.GDP.MKTP.KD,GDP,574107082599.2899
SWE,2024,NY.GDP.MKTP.KD.ZG,Growth,1.0177963330439752
SWE,2024,NY.GDP.PCAP.PP.KD,Income,62558.406587604055
SWE,2024,FP.CPI.TOTL.ZG,Inflation,2.83581658224034
SWE,2024,IT.NET.USER.ZS,Internet,95.52930428
SWE,2024,SP.DYN.LE00.IN,Life,84.06341463414634
SWE,2024,SP.POP.TOTL,Population,10569709.0
SWE,2024,NE.TRD.GNFS.ZS,Trade,105.96749231334397
TUR,2000,EG.ELC.ACCS.ZS,Electricity,99.9
TUR,2000,NY.GDP.MKTP.KD,GDP,413901474163.0489
TUR,2000,NY.GDP.MKTP.KD.ZG,Growth,6.98528697817062
TUR,2000,NY.GDP.PCAP.PP.KD,Income,14856.914625256999
TUR,2000,FP.CPI.TOTL.ZG,Inflation,54.91537058126835
TUR,2000,IT.NET.USER.ZS,Internet,3.761685035075
TUR,2000,SP.DYN.LE00.IN,Life,71.931
TUR,2000,SP.POP.TOTL,Population,65425961.0
TUR,2000,NE.TRD.GNFS.ZS,Trade,42.37467469880772
TUR,2001,EG.ELC.ACCS.ZS,Electricity,99.9
TUR,2001,NY.GDP.MKTP.KD,GDP,391304902374.3426
TUR,2001,NY.GDP.MKTP.KD.ZG,Growth,-5.459408385630624
TUR,2001,NY.GDP.PCAP.PP.KD,Income,13872.128728456584
TUR,2001,FP.CPI.TOTL.ZG,Inflation,54.40018876190743
TUR,2001,IT.NET.USER.ZS,Internet,5.18948146078506
TUR,2001,SP.DYN.LE00.IN,Life,72.271
TUR,2001,SP.POP.TOTL,Population,66245128.0
TUR,2001,NE.TRD.GNFS.ZS,Trade,49.94478306790135
TUR,2002,EG.ELC.ACCS.ZS,Electricity,99.8
TUR,2002,NY.GDP.MKTP.KD,GDP,416487363949.90125
TUR,2002,NY.GDP.MKTP.KD.ZG,Growth,6.435508837931138
TUR,2002,NY.GDP.PCAP.PP.KD,Income,14587.89462165597
TUR,2002,FP.CPI.TOTL.ZG,Inflation,44.96412094798498
TUR,2002,IT.NET.USER.ZS,Internet,11.38
TUR,2002,SP.DYN.LE00.IN,Life,72.605
TUR,2002,SP.POP.TOTL,Population,67048795.0
TUR,2002,NE.TRD.GNFS.ZS,Trade,48.10261012344019
TUR,2003,EG.ELC.ACCS.ZS,Electricity,99.8
TUR,2003,NY.GDP.MKTP.KD,GDP,440639854394.83246
TUR,2003,NY.GDP.MKTP.KD.ZG,Growth,5.7990932103852515
TUR,2003,NY.GDP.PCAP.PP.KD,Income,15255.717796068884
TUR,2003,FP.CPI.TOTL.ZG,Inflation,21.60243844905728
TUR,2003,IT.NET.USER.ZS,Internet,12.33
TUR,2003,SP.DYN.LE00.IN,Life,72.906
TUR,2003,SP.POP.TOTL,Population,67831730.0
TUR,2003,NE.TRD.GNFS.ZS,Trade,46.3681553387846
TUR,2004,EG.ELC.ACCS.ZS,Electricity,99.7
TUR,2004,NY.GDP.MKTP.KD,GDP,484375146822.6714
TUR,2004,NY.GDP.MKTP.KD.ZG,Growth,9.925405519186242
TUR,2004,NY.GDP.PCAP.PP.KD,Income,16583.883709406215
TUR,2004,FP.CPI.TOTL.ZG,Inflation,8.598261681152618
TUR,2004,IT.NET.USER.ZS,Internet,14.58
TUR,2004,SP.DYN.LE00.IN,Life,73.223
TUR,2004,SP.POP.TOTL,Population,68592617.0
TUR,2004,NE.TRD.GNFS.ZS,Trade,48.993457543526574
TUR,2005,EG.ELC.ACCS.ZS,Electricity,99.7
TUR,2005,NY.GDP.MKTP.KD,GDP,528509363515.70575
TUR,2005,NY.GDP.MKTP.KD.ZG,Growth,9.111577458616352
TUR,2005,NY.GDP.PCAP.PP.KD,Income,17902.59660044867
TUR,2005,FP.CPI.TOTL.ZG,Inflation,8.179160368020078
TUR,2005,IT.NET.USER.ZS,Internet,15.46
TUR,2005,SP.DYN.LE00.IN,Life,73.51
TUR,2005,SP.POP.TOTL,Population,69329557.0
TUR,2005,NE.TRD.GNFS.ZS,Trade,46.30883088462105
TUR,2006,EG.ELC.ACCS.ZS,Electricity,99.7
TUR,2006,NY.GDP.MKTP.KD,GDP,565862429106.9086
TUR,2006,NY.GDP.MKTP.KD.ZG,Growth,7.067626076239392
TUR,2006,NY.GDP.PCAP.PP.KD,Income,18972.008956363203
TUR,2006,FP.CPI.TOTL.ZG,Inflation,9.597242122884465
TUR,2006,IT.NET.USER.ZS,Internet,18.24
TUR,2006,SP.DYN.LE00.IN,Life,73.804
TUR,2006,SP.POP.TOTL,Population,70045349.0
TUR,2006,NE.TRD.GNFS.ZS,Trade,48.94567666413138
TUR,2007,EG.ELC.ACCS.ZS,Electricity,99.7
TUR,2007,NY.GDP.MKTP.KD,GDP,594767729617.936
TUR,2007,NY.GDP.MKTP.KD.ZG,Growth,5.108185139036038
TUR,2007,NY.GDP.PCAP.PP.KD,Income,19909.083519674987
TUR,2007,FP.CPI.TOTL.ZG,Inflation,8.756180909726323
TUR,2007,IT.NET.USER.ZS,Internet,28.63
TUR,2007,SP.DYN.LE00.IN,Life,74.129
TUR,2007,SP.POP.TOTL,Population,70158112.0
TUR,2007,NE.TRD.GNFS.ZS,Trade,48.02746817971302
TUR,2008,EG.ELC.ACCS.ZS,Electricity,99.7
TUR,2008,NY.GDP.MKTP.KD,GDP,600240295872.9548
TUR,2008,NY.GDP.MKTP.KD.ZG,Growth,0.9201182213658825
TUR,2008,NY.GDP.PCAP.PP.KD,Income,19839.58454622688
TUR,2008,FP.CPI.TOTL.ZG,Inflation,10.44412837648847
TUR,2008,IT.NET.USER.ZS,Internet,34.37
TUR,2008,SP.DYN.LE00.IN,Life,74.38
TUR,2008,SP.POP.TOTL,Population,71051678.0
TUR,2008,NE.TRD.GNFS.ZS,Trade,50.761250006668135
TUR,2009,EG.ELC.ACCS.ZS,Electricity,99.7
TUR,2009,NY.GDP.MKTP.KD,GDP,570932398858.3448
TUR,2009,NY.GDP.MKTP.KD.ZG,Growth,-4.882694017066328
TUR,2009,NY.GDP.PCAP.PP.KD,Income,18612.19252319049
TUR,2009,FP.CPI.TOTL.ZG,Inflation,6.250976630906265
TUR,2009,IT.NET.USER.ZS,Internet,36.4
TUR,2009,SP.DYN.LE00.IN,Life,74.679
TUR,2009,SP.POP.TOTL,Population,72039206.0
TUR,2009,NE.TRD.GNFS.ZS,Trade,47.039138573219915
TUR,2010,EG.ELC.ACCS.ZS,Electricity,100.0
TUR,2010,NY.GDP.MKTP.KD,GDP,619702577582.1516
TUR,2010,NY.GDP.MKTP.KD.ZG,Growth,8.54219848467686
TUR,2010,NY.GDP.PCAP.PP.KD,Income,19897.44648368865
TUR,2010,FP.CPI.TOTL.ZG,Inflation,8.56644420552976
TUR,2010,IT.NET.USER.ZS,Internet,39.82
TUR,2010,SP.DYN.LE00.IN,Life,74.964
TUR,2010,SP.POP.TOTL,Population,73142150.0
TUR,2010,NE.TRD.GNFS.ZS,Trade,46.94333667098914
TUR,2011,EG.ELC.ACCS.ZS,Electricity,100.0
TUR,2011,NY.GDP.MKTP.KD,GDP,687745688381.7549
TUR,2011,NY.GDP.MKTP.KD.ZG,Growth,10.979962527359845
TUR,2011,NY.GDP.PCAP.PP.KD,Income,21760.42919236336
TUR,2011,FP.CPI.TOTL.ZG,Inflation,6.471879671151
TUR,2011,IT.NET.USER.ZS,Internet,43.065710430925
TUR,2011,SP.DYN.LE00.IN,Life,74.823
TUR,2011,SP.POP.TOTL,Population,74223629.0
TUR,2011,NE.TRD.GNFS.ZS,Trade,53.65158389761802
TUR,2012,EG.ELC.ACCS.ZS,Electricity,100.0
TUR,2012,NY.GDP.MKTP.KD,GDP,720809935556.1989
TUR,2012,NY.GDP.MKTP.KD.ZG,Growth,4.807626966334482
TUR,2012,NY.GDP.PCAP.PP.KD,Income,22517.714828787513
TUR,2012,FP.CPI.TOTL.ZG,Inflation,8.891569965121626
TUR,2012,IT.NET.USER.ZS,Internet,45.13
TUR,2012,SP.DYN.LE00.IN,Life,75.552
TUR,2012,SP.POP.TOTL,Population,75175827.0
TUR,2012,NE.TRD.GNFS.ZS,Trade,53.32776129686072
TUR,2013,EG.ELC.ACCS.ZS,Electricity,100.0
TUR,2013,NY.GDP.MKTP.KD,GDP,781994134596.3695
TUR,2013,NY.GDP.MKTP.KD.ZG,Growth,8.488256892985106
TUR,2013,NY.GDP.PCAP.PP.KD,Income,24117.31210998387
TUR,2013,FP.CPI.TOTL.ZG,Inflation,7.493090305476931
TUR,2013,IT.NET.USER.ZS,Internet,46.25
TUR,2013,SP.DYN.LE00.IN,Life,76.171
TUR,2013,SP.POP.TOTL,Population,76147624.0
TUR,2013,NE.TRD.GNFS.ZS,Trade,53.06835300430433
TUR,2014,EG.ELC.ACCS.ZS,Electricity,100.0
TUR,2014,NY.GDP.MKTP.KD,GDP,817972077517.7611
TUR,2014,NY.GDP.MKTP.KD.ZG,Growth,4.600794472705587
TUR,2014,NY.GDP.PCAP.PP.KD,Income,24888.852174257572
TUR,2014,FP.CPI.TOTL.ZG,Inflation,8.85457271364316
TUR,2014,IT.NET.USER.ZS,Internet,51.0373665521645
TUR,2014,SP.DYN.LE00.IN,Life,76.452
TUR,2014,SP.POP.TOTL,Population,77181884.0
TUR,2014,NE.TRD.GNFS.ZS,Trade,54.30677404127998
TUR,2015,EG.ELC.ACCS.ZS,Electricity,100.0
TUR,2015,NY.GDP.MKTP.KD,GDP,865460050683.6558
TUR,2015,NY.GDP.MKTP.KD.ZG,Growth,5.805573866286835
TUR,2015,NY.GDP.PCAP.PP.KD,Income,25984.80273061772
TUR,2015,FP.CPI.TOTL.ZG,Inflation,7.670853648458848
TUR,2015,IT.NET.USER.ZS,Internet,53.7449791423583
TUR,2015,SP.DYN.LE00.IN,Life,76.539
TUR,2015,SP.POP.TOTL,Population,78218479.0
TUR,2015,NE.TRD.GNFS.ZS,Trade,51.87492525968317
TUR,2016,EG.ELC.ACCS.ZS,Electricity,100.0
TUR,2016,NY.GDP.MKTP.KD,GDP,894225044186.9265
TUR,2016,NY.GDP.MKTP.KD.ZG,Growth,3.323665082004453
TUR,2016,NY.GDP.PCAP.PP.KD,Income,26489.643681604568
TUR,2016,FP.CPI.TOTL.ZG,Inflation,7.775134153283301
TUR,2016,IT.NET.USER.ZS,Internet,58.3477340145685
TUR,2016,SP.DYN.LE00.IN,Life,76.595
TUR,2016,SP.POP.TOTL,Population,79277962.0
TUR,2016,NE.TRD.GNFS.ZS,Trade,48.87018380798705
TUR,2017,EG.ELC.ACCS.ZS,Electricity,100.0
TUR,2017,NY.GDP.MKTP.KD,GDP,964205820086.0892
TUR,2017,NY.GDP.MKTP.KD.ZG,Growth,7.825857300025945
TUR,2017,NY.GDP.PCAP.PP.KD,Income,28194.688309381043
TUR,2017,FP.CPI.TOTL.ZG,Inflation,11.14431108407642
TUR,2017,IT.NET.USER.ZS,Internet,64.6846176835371
TUR,2017,SP.DYN.LE00.IN,Life,77.037
TUR,2017,SP.POP.TOTL,Population,80312698.0
TUR,2017,NE.TRD.GNFS.ZS,Trade,56.135658515868904
TUR,2018,EG.ELC.ACCS.ZS,Electricity,100.0
TUR,2018,NY.GDP.MKTP.KD,GDP,997645953748.9948
TUR,2018,NY.GDP.MKTP.KD.ZG,Growth,3.468153060922191
TUR,2018,NY.GDP.PCAP.PP.KD,Income,28780.30364581514
TUR,2018,FP.CPI.TOTL.ZG,Inflation,16.33246389889289
TUR,2018,IT.NET.USER.ZS,Internet,71.0427608433809
TUR,2018,SP.DYN.LE00.IN,Life,77.454
TUR,2018,SP.POP.TOTL,Population,81407204.0
TUR,2018,NE.TRD.GNFS.ZS,Trade,62.825132385116525
TUR,2019,EG.ELC.ACCS.ZS,Electricity,100.0
TUR,2019,NY.GDP.MKTP.KD,GDP,1010631549472.6007
TUR,2019,NY.GDP.MKTP.KD.ZG,Growth,1.3016236546450273
TUR,2019,NY.GDP.PCAP.PP.KD,Income,28741.05350827015
TUR,2019,FP.CPI.TOTL.ZG,Inflation,15.17682157200223
TUR,2019,IT.NET.USER.ZS,Internet,73.9767022871511
TUR,2019,SP.DYN.LE00.IN,Life,77.737
TUR,2019,SP.POP.TOTL,Population,82579440.0
TUR,2019,NE.TRD.GNFS.ZS,Trade,62.57845893262392
TUR,2020,EG.ELC.ACCS.ZS,Electricity,100.0
TUR,2020,NY.GDP.MKTP.KD,GDP,1028853867659.9388
TUR,2020,NY.GDP.MKTP.KD.ZG,Growth,1.803062470872547
TUR,2020,NY.GDP.PCAP.PP.KD,Income,28976.717916161066
TUR,2020,FP.CPI.TOTL.ZG,Inflation,12.27895744625741
TUR,2020,IT.NET.USER.ZS,Internet,77.6695605
TUR,2020,SP.DYN.LE00.IN,Life,76.525
TUR,2020,SP.POP.TOTL,Population,83384680.0
TUR,2020,NE.TRD.GNFS.ZS,Trade,60.38985311729702
TUR,2021,EG.ELC.ACCS.ZS,Electricity,100.0
TUR,2021,NY.GDP.MKTP.KD,GDP,1150372769727.9773
TUR,2021,NY.GDP.MKTP.KD.ZG,Growth,11.811094450607001
TUR,2021,NY.GDP.PCAP.PP.KD,Income,32105.547440050563
TUR,2021,FP.CPI.TOTL.ZG,Inflation,19.5964926913324
TUR,2021,IT.NET.USER.ZS,Internet,81.40843745
TUR,2021,SP.DYN.LE00.IN,Life,75.722
TUR,2021,SP.POP.TOTL,Population,84147318.0
TUR,2021,NE.TRD.GNFS.ZS,Trade,69.60889760864374
TUR,2022,EG.ELC.ACCS.ZS,Electricity,100.0
TUR,2022,NY.GDP.MKTP.KD,GDP,1212967141770.1064
TUR,2022,NY.GDP.MKTP.KD.ZG,Growth,5.441225113224007
TUR,2022,NY.GDP.PCAP.PP.KD,Income,33520.811138420824
TUR,2022,FP.CPI.TOTL.ZG,Inflation,72.30883598912065
TUR,2022,IT.NET.USER.ZS,Internet,83.43716576
TUR,2022,SP.DYN.LE00.IN,Life,77.591
TUR,2022,SP.POP.TOTL,Population,84979913.0
TUR,2022,NE.TRD.GNFS.ZS,Trade,79.89827223143409
TUR,2023,EG.ELC.ACCS.ZS,Electricity,100.0
TUR,2023,NY.GDP.MKTP.KD,GDP,1274162834489.994
TUR,2023,NY.GDP.MKTP.KD.ZG,Growth,5.045123698122893
TUR,2023,NY.GDP.PCAP.PP.KD,Income,35069.17017146847
TUR,2023,FP.CPI.TOTL.ZG,Inflation,53.85940875933151
TUR,2023,IT.NET.USER.ZS,Internet,85.96074155
TUR,2023,SP.DYN.LE00.IN,Life,77.156
TUR,2023,SP.POP.TOTL,Population,85325965.0
TUR,2023,NE.TRD.GNFS.ZS,Trade,65.68320847386669
TUR,2024,EG.ELC.ACCS.ZS,Electricity,100.0
TUR,2024,NY.GDP.MKTP.KD,GDP,1316562171166.7805
TUR,2024,NY.GDP.MKTP.KD.ZG,Growth,3.327623089379898
TUR,2024,NY.GDP.PCAP.PP.KD,Income,36154.490436557004
TUR,2024,FP.CPI.TOTL.ZG,Inflation,58.50645073003415
TUR,2024,IT.NET.USER.ZS,Internet,87.3078767
TUR,2024,SP.DYN.LE00.IN,Life,77.421
TUR,2024,SP.POP.TOTL,Population,85518661.0
TUR,2024,NE.TRD.GNFS.ZS,Trade,54.59880611959156
USA,2000,EG.ELC.ACCS.ZS,Electricity,100.0
USA,2000,NY.GDP.MKTP.KD,GDP,13717679619695.082
USA,2000,NY.GDP.MKTP.KD.ZG,Growth,4.0775857599779926
USA,2000,NY.GDP.PCAP.PP.KD,Income,55045.67453115594
USA,2000,FP.CPI.TOTL.ZG,Inflation,3.376857271499291
USA,2000,IT.NET.USER.ZS,Internet,43.0791626375201
USA,2000,SP.DYN.LE00.IN,Life,76.63658536585366
USA,2000,SP.POP.TOTL,Population,282162411.0
USA,2000,NE.TRD.GNFS.ZS,Trade,25.102985556853646
USA,2001,EG.ELC.ACCS.ZS,Electricity,100.0
USA,2001,NY.GDP.MKTP.KD,GDP,13848757307490.389
USA,2001,NY.GDP.MKTP.KD.ZG,Growth,0.9555383375998474
USA,2001,NY.GDP.PCAP.PP.KD,Income,55024.35427662814
USA,2001,FP.CPI.TOTL.ZG,Inflation,2.826171118854072
USA,2001,IT.NET.USER.ZS,Internet,49.0808315896951
USA,2001,SP.DYN.LE00.IN,Life,76.83658536585367
USA,2001,SP.POP.TOTL,Population,284968955.0
USA,2001,NE.TRD.GNFS.ZS,Trade,22.967183015497458
USA,2002,EG.ELC.ACCS.ZS,Electricity,100.0
USA,2002,NY.GDP.MKTP.KD,GDP,14084248131472.203
USA,2002,NY.GDP.MKTP.KD.ZG,Growth,1.7004473307828505
USA,2002,NY.GDP.PCAP.PP.KD,Income,55443.21994356833
USA,2002,FP.CPI.TOTL.ZG,Inflation,1.586031626506012
USA,2002,IT.NET.USER.ZS,Internet,58.7854038836952
USA,2002,SP.DYN.LE00.IN,Life,76.93658536585366
USA,2002,SP.POP.TOTL,Population,287625193.0
USA,2002,NE.TRD.GNFS.ZS,Trade,22.286384213606453
USA,2003,EG.ELC.ACCS.ZS,Electricity,100.0
USA,2003,NY.GDP.MKTP.KD,GDP,14477988212190.066
USA,2003,NY.GDP.MKTP.KD.ZG,Growth,2.795605963786045
USA,2003,NY.GDP.PCAP.PP.KD,Income,56505.4468784112
USA,2003,FP.CPI.TOTL.ZG,Inflation,2.270094973361147
USA,2003,IT.NET.USER.ZS,Internet,61.6971171244207
USA,2003,SP.DYN.LE00.IN,Life,77.03658536585367
USA,2003,SP.POP.TOTL,Population,290107933.0
USA,2003,NE.TRD.GNFS.ZS,Trade,22.6272972866813
USA,2004,EG.ELC.ACCS.ZS,Electricity,100.0
USA,2004,NY.GDP.MKTP.KD,GDP,15035068144287.0
USA,2004,NY.GDP.MKTP.KD.ZG,Growth,3.847771692671273
USA,2004,NY.GDP.PCAP.PP.KD,Income,58139.082019522946
USA,2004,FP.CPI.TOTL.ZG,Inflation,2.677236693091719
USA,2004,IT.NET.USER.ZS,Internet,64.7582564759896
USA,2004,SP.DYN.LE00.IN,Life,77.48780487804878
USA,2004,SP.POP.TOTL,Population,292805298.0
USA,2004,NE.TRD.GNFS.ZS,Trade,24.448056657190406
USA,2005,EG.ELC.ACCS.ZS,Electricity,100.0
USA,2005,NY.GDP.MKTP.KD,GDP,15558822251170.72
USA,2005,NY.GDP.MKTP.KD.ZG,Growth,3.4835499371031204
USA,2005,NY.GDP.PCAP.PP.KD,Income,59612.39072155589
USA,2005,FP.CPI.TOTL.ZG,Inflation,3.392746845495504
USA,2005,IT.NET.USER.ZS,Internet,67.9681015
USA,2005,SP.DYN.LE00.IN,Life,77.48780487804878
USA,2005,SP.POP.TOTL,Population,295516599.0
USA,2005,NE.TRD.GNFS.ZS,Trade,25.638557343676915
USA,2006,EG.ELC.ACCS.ZS,Electricity,100.0
USA,2006,NY.GDP.MKTP.KD,GDP,15992063823764.863
USA,2006,NY.GDP.MKTP.KD.ZG,Growth,2.7845396367423945
USA,2006,NY.GDP.PCAP.PP.KD,Income,60684.33998325392
USA,2006,FP.CPI.TOTL.ZG,Inflation,3.22594410070404
USA,2006,IT.NET.USER.ZS,Internet,68.93119812
USA,2006,SP.DYN.LE00.IN,Life,77.68780487804878
USA,2006,SP.POP.TOTL,Population,298379912.0
USA,2006,NE.TRD.GNFS.ZS,Trade,26.975285805890348
USA,2007,EG.ELC.ACCS.ZS,Electricity,100.0
USA,2007,NY.GDP.MKTP.KD,GDP,16312522122670.295
USA,2007,NY.GDP.MKTP.KD.ZG,Growth,2.003858303949599
USA,2007,NY.GDP.PCAP.PP.KD,Income,61314.45208163674
USA,2007,FP.CPI.TOTL.ZG,Inflation,2.852672481501383
USA,2007,IT.NET.USER.ZS,Internet,75.0
USA,2007,SP.DYN.LE00.IN,Life,77.98780487804879
USA,2007,SP.POP.TOTL,Population,301231207.0
USA,2007,NE.TRD.GNFS.ZS,Trade,28.012015563109827
USA,2008,EG.ELC.ACCS.ZS,Electricity,100.0
USA,2008,NY.GDP.MKTP.KD,GDP,16331051067547.469
USA,2008,NY.GDP.MKTP.KD.ZG,Growth,0.1135872475012576
USA,2008,NY.GDP.PCAP.PP.KD,Income,60806.22387137132
USA,2008,FP.CPI.TOTL.ZG,Inflation,3.839100296650996
USA,2008,IT.NET.USER.ZS,Internet,74.0
USA,2008,SP.DYN.LE00.IN,Life,78.03902439024391
USA,2008,SP.POP.TOTL,Population,304093966.0
USA,2008,NE.TRD.GNFS.ZS,Trade,29.867787525706063
USA,2009,EG.ELC.ACCS.ZS,Electricity,100.0
USA,2009,NY.GDP.MKTP.KD,GDP,15910281498142.193
USA,2009,NY.GDP.MKTP.KD.ZG,Growth,-2.576500236665197
USA,2009,NY.GDP.PCAP.PP.KD,Income,58722.49676725096
USA,2009,FP.CPI.TOTL.ZG,Inflation,-0.3555462662997474
USA,2009,IT.NET.USER.ZS,Internet,71.0
USA,2009,SP.DYN.LE00.IN,Life,78.39024390243902
USA,2009,SP.POP.TOTL,Population,306771529.0
USA,2009,NE.TRD.GNFS.ZS,Trade,24.759527635837024
USA,2010,EG.ELC.ACCS.ZS,Electricity,100.0
USA,2010,NY.GDP.MKTP.KD,GDP,16339094225608.832
USA,2010,NY.GDP.MKTP.KD.ZG,Growth,2.6951925867352458
USA,2010,NY.GDP.PCAP.PP.KD,Income,59797.07365459365
USA,2010,FP.CPI.TOTL.ZG,Inflation,1.640043442389904
USA,2010,IT.NET.USER.ZS,Internet,71.69
USA,2010,SP.DYN.LE00.IN,Life,78.54146341463415
USA,2010,SP.POP.TOTL,Population,309378227.0
USA,2010,NE.TRD.GNFS.ZS,Trade,28.219882940833628
USA,2011,EG.ELC.ACCS.ZS,Electricity,100.0
USA,2011,NY.GDP.MKTP.KD,GDP,16594704135237.848
USA,2011,NY.GDP.MKTP.KD.ZG,Growth,1.5644068520541907
USA,2011,NY.GDP.PCAP.PP.KD,Income,60253.20357967189
USA,2011,FP.CPI.TOTL.ZG,Inflation,3.156841568622
USA,2011,IT.NET.USER.ZS,Internet,69.7294607619268
USA,2011,SP.DYN.LE00.IN,Life,78.64146341463415
USA,2011,SP.POP.TOTL,Population,311839461.0
USA,2011,NE.TRD.GNFS.ZS,Trade,30.842478575913994
USA,2012,EG.ELC.ACCS.ZS,Electricity,100.0
USA,2012,NY.GDP.MKTP.KD,GDP,16974575729644.67
USA,2012,NY.GDP.MKTP.KD.ZG,Growth,2.2891133900976683
USA,2012,NY.GDP.PCAP.PP.KD,Income,61142.36370342647
USA,2012,FP.CPI.TOTL.ZG,Inflation,2.069337265260666
USA,2012,IT.NET.USER.ZS,Internet,74.7
USA,2012,SP.DYN.LE00.IN,Life,78.74146341463415
USA,2012,SP.POP.TOTL,Population,314339099.0
USA,2012,NE.TRD.GNFS.ZS,Trade,30.681839575193017
USA,2013,EG.ELC.ACCS.ZS,Electricity,100.0
USA,2013,NY.GDP.MKTP.KD,GDP,17334068402849.695
USA,2013,NY.GDP.MKTP.KD.ZG,Growth,2.1178300944347086
USA,2013,NY.GDP.PCAP.PP.KD,Income,61966.6621370894
USA,2013,FP.CPI.TOTL.ZG,Inflation,1.464832655627167
USA,2013,IT.NET.USER.ZS,Internet,71.4
USA,2013,SP.DYN.LE00.IN,Life,78.74146341463415
USA,2013,SP.POP.TOTL,Population,316726282.0
USA,2013,NE.TRD.GNFS.ZS,Trade,29.941306284822716
USA,2014,EG.ELC.ACCS.ZS,Electricity,100.0
USA,2014,NY.GDP.MKTP.KD,GDP,17771549056393.42
USA,2014,NY.GDP.MKTP.KD.ZG,Growth,2.523819817578456
USA,2014,NY.GDP.PCAP.PP.KD,Income,63026.8779187814
USA,2014,FP.CPI.TOTL.ZG,Inflation,1.622222977408174
USA,2014,IT.NET.USER.ZS,Internet,73.0
USA,2014,SP.DYN.LE00.IN,Life,78.84146341463415
USA,2014,SP.POP.TOTL,Population,319257560.0
USA,2014,NE.TRD.GNFS.ZS,Trade,29.906569337427957
USA,2015,EG.ELC.ACCS.ZS,Electricity,100.0
USA,2015,NY.GDP.MKTP.KD,GDP,18295019000000.0
USA,2015,NY.GDP.MKTP.KD.ZG,Growth,2.945550452273366
USA,2015,NY.GDP.PCAP.PP.KD,Income,64367.7188912582
USA,2015,FP.CPI.TOTL.ZG,Inflation,0.1186271355524506
USA,2015,IT.NET.USER.ZS,Internet,74.5542024462761
USA,2015,SP.DYN.LE00.IN,Life,78.69024390243904
USA,2015,SP.POP.TOTL,Population,321815121.0
USA,2015,NE.TRD.GNFS.ZS,Trade,27.68821393407681
USA,2016,EG.ELC.ACCS.ZS,Electricity,100.0
USA,2016,NY.GDP.MKTP.KD,GDP,18627887993795.457
USA,2016,NY.GDP.MKTP.KD.ZG,Growth,1.819451479090887
USA,2016,NY.GDP.PCAP.PP.KD,Income,65025.98559806158
USA,2016,FP.CPI.TOTL.ZG,Inflation,1.261583205705358
USA,2016,IT.NET.USER.ZS,Internet,85.5444212887222
USA,2016,SP.DYN.LE00.IN,Life,78.53902439024391
USA,2016,SP.POP.TOTL,Population,324353340.0
USA,2016,NE.TRD.GNFS.ZS,Trade,26.452597786546526
USA,2017,EG.ELC.ACCS.ZS,Electricity,100.0
USA,2017,NY.GDP.MKTP.KD,GDP,19085691123385.547
USA,2017,NY.GDP.MKTP.KD.ZG,Growth,2.457622301264493
USA,2017,NY.GDP.PCAP.PP.KD,Income,66164.03200142893
USA,2017,FP.CPI.TOTL.ZG,Inflation,2.130110003659612
USA,2017,IT.NET.USER.ZS,Internet,87.2748891687657
USA,2017,SP.DYN.LE00.IN,Life,78.53902439024391
USA,2017,SP.POP.TOTL,Population,326608609.0
USA,2017,NE.TRD.GNFS.ZS,Trade,27.125338222287443
USA,2018,EG.ELC.ACCS.ZS,Electricity,100.0
USA,2018,NY.GDP.MKTP.KD,GDP,19651869117636.457
USA,2018,NY.GDP.MKTP.KD.ZG,Growth,2.966505067019426
USA,2018,NY.GDP.PCAP.PP.KD,Income,67728.44249210236
USA,2018,FP.CPI.TOTL.ZG,Inflation,2.442583296928166
USA,2018,IT.NET.USER.ZS,Internet,88.498903165152
USA,2018,SP.DYN.LE00.IN,Life,78.63902439024392
USA,2018,SP.POP.TOTL,Population,328529577.0
USA,2018,NE.TRD.GNFS.ZS,Trade,27.44535913026185
USA,2019,EG.ELC.ACCS.ZS,Electricity,100.0
USA,2019,NY.GDP.MKTP.KD,GDP,20159639089819.023
USA,2019,NY.GDP.MKTP.KD.ZG,Growth,2.583825330522245
USA,2019,NY.GDP.PCAP.PP.KD,Income,69121.45800167408
USA,2019,FP.CPI.TOTL.ZG,Inflation,1.812210075260205
USA,2019,IT.NET.USER.ZS,Internet,89.4302848575712
USA,2019,SP.DYN.LE00.IN,Life,78.78780487804877
USA,2019,SP.POP.TOTL,Population,330226227.0
USA,2019,NE.TRD.GNFS.ZS,Trade,26.25848062454277
USA,2020,EG.ELC.ACCS.ZS,Electricity,100.0
USA,2020,NY.GDP.MKTP.KD,GDP,19740041204593.156
USA,2020,NY.GDP.MKTP.KD.ZG,Growth,-2.081375977796
USA,2020,NY.GDP.PCAP.PP.KD,Income,67406.8311325507
USA,2020,FP.CPI.TOTL.ZG,Inflation,1.233584396306293
USA,2020,IT.NET.USER.ZS,Internet,90.34470367
USA,2020,SP.DYN.LE00.IN,Life,76.98048780487805
USA,2020,SP.POP.TOTL,Population,331578104.0
USA,2020,NE.TRD.GNFS.ZS,Trade,23.139943750914902
USA,2021,EG.ELC.ACCS.ZS,Electricity,100.0
USA,2021,NY.GDP.MKTP.KD,GDP,20954452976799.484
USA,2021,NY.GDP.MKTP.KD.ZG,Growth,6.1520224786752635
USA,2021,NY.GDP.PCAP.PP.KD,Income,71441.23198059498
USA,2021,FP.CPI.TOTL.ZG,Inflation,4.697858863637421
USA,2021,IT.NET.USER.ZS,Internet,91.2684021
USA,2021,SP.DYN.LE00.IN,Life,76.32926829268293
USA,2021,SP.POP.TOTL,Population,332100166.0
USA,2021,NE.TRD.GNFS.ZS,Trade,25.232726022833095
USA,2022,EG.ELC.ACCS.ZS,Electricity,100.0
USA,2022,NY.GDP.MKTP.KD,GDP,21483388181185.027
USA,2022,NY.GDP.MKTP.KD.ZG,Growth,2.524213850732224
USA,2022,NY.GDP.PCAP.PP.KD,Income,72828.74309071893
USA,2022,FP.CPI.TOTL.ZG,Inflation,8.00279982052121
USA,2022,IT.NET.USER.ZS,Internet,92.72850037
USA,2022,SP.DYN.LE00.IN,Life,77.43414634146343
USA,2022,SP.POP.TOTL,Population,333996304.0
USA,2022,NE.TRD.GNFS.ZS,Trade,26.907898155773868
USA,2023,EG.ELC.ACCS.ZS,Electricity,100.0
USA,2023,NY.GDP.MKTP.KD,GDP,22113788823329.15
USA,2023,NY.GDP.MKTP.KD.ZG,Growth,2.934363224401551
USA,2023,NY.GDP.PCAP.PP.KD,Income,74351.6718197429
USA,2023,FP.CPI.TOTL.ZG,Inflation,4.116338383744878
USA,2023,IT.NET.USER.ZS,Internet,93.52559662
USA,2023,SP.DYN.LE00.IN,Life,78.38536585365854
USA,2023,SP.POP.TOTL,Population,336755052.0
USA,2023,NE.TRD.GNFS.ZS,Trade,24.92929817528472
USA,2024,EG.ELC.ACCS.ZS,Electricity,100.0
USA,2024,NY.GDP.MKTP.KD,GDP,22731468331925.105
USA,2024,NY.GDP.MKTP.KD.ZG,Growth,2.7931871536384136
USA,2024,NY.GDP.PCAP.PP.KD,Income,75698.1773354629
USA,2024,FP.CPI.TOTL.ZG,Inflation,2.949525204852073
USA,2024,IT.NET.USER.ZS,Internet,94.69380188
USA,2024,SP.DYN.LE00.IN,Life,78.89024390243904
USA,2024,SP.POP.TOTL,Population,340003797.0
USA,2024,NE.TRD.GNFS.ZS,Trade,25.016017297828352
ZAF,2000,EG.ELC.ACCS.ZS,Electricity,72.4
ZAF,2000,NY.GDP.MKTP.KD,GDP,221691970228.1011
ZAF,2000,NY.GDP.MKTP.KD.ZG,Growth,4.2000000006782585
ZAF,2000,NY.GDP.PCAP.PP.KD,Income,11183.825503143025
ZAF,2000,FP.CPI.TOTL.ZG,Inflation,5.338959135998278
ZAF,2000,IT.NET.USER.ZS,Internet,5.34855973203537
ZAF,2000,SP.DYN.LE00.IN,Life,58.368
ZAF,2000,SP.POP.TOTL,Population,47159719.0
ZAF,2000,NE.TRD.GNFS.ZS,Trade,46.22072173540766
ZAF,2001,EG.ELC.ACCS.ZS,Electricity,70.2
ZAF,2001,NY.GDP.MKTP.KD,GDP,227677653424.68335
ZAF,2001,NY.GDP.MKTP.KD.ZG,Growth,2.7000000001910394
ZAF,2001,NY.GDP.PCAP.PP.KD,Income,11387.492366781962
ZAF,2001,FP.CPI.TOTL.ZG,Inflation,5.701894830496081
ZAF,2001,IT.NET.USER.ZS,Internet,6.34661931839768
ZAF,2001,SP.DYN.LE00.IN,Life,57.161
ZAF,2001,SP.POP.TOTL,Population,47566800.0
ZAF,2001,NE.TRD.GNFS.ZS,Trade,49.170945185829034
ZAF,2002,EG.ELC.ACCS.ZS,Electricity,76.7
ZAF,2002,NY.GDP.MKTP.KD,GDP,236102579035.78998
ZAF,2002,NY.GDP.MKTP.KD.ZG,Growth,3.700374404066679
ZAF,2002,NY.GDP.PCAP.PP.KD,Income,11697.565726168685
ZAF,2002,FP.CPI.TOTL.ZG,Inflation,9.494713780996003
ZAF,2002,IT.NET.USER.ZS,Internet,6.71032243705404
ZAF,2002,SP.DYN.LE00.IN,Life,55.58
ZAF,2002,SP.POP.TOTL,Population,48019415.0
ZAF,2002,NE.TRD.GNFS.ZS,Trade,53.46550162943685
ZAF,2003,EG.ELC.ACCS.ZS,Electricity,78.8
ZAF,2003,NY.GDP.MKTP.KD,GDP,243065422272.3687
ZAF,2003,NY.GDP.MKTP.KD.ZG,Growth,2.94907546754213
ZAF,2003,NY.GDP.PCAP.PP.KD,Income,11923.121101363264
ZAF,2003,FP.CPI.TOTL.ZG,Inflation,5.679424140687994
ZAF,2003,IT.NET.USER.ZS,Internet,7.00769172611251
ZAF,2003,SP.DYN.LE00.IN,Life,54.245
ZAF,2003,SP.POP.TOTL,Population,48500348.0
ZAF,2003,NE.TRD.GNFS.ZS,Trade,45.72386256897895
ZAF,2004,EG.ELC.ACCS.ZS,Electricity,80.6
ZAF,2004,NY.GDP.MKTP.KD,GDP,254135982543.4955
ZAF,2004,NY.GDP.MKTP.KD.ZG,Growth,4.554559907217737
ZAF,2004,NY.GDP.PCAP.PP.KD,Income,12341.210265582842
ZAF,2004,FP.CPI.TOTL.ZG,Inflation,-0.6920394378576867
ZAF,2004,IT.NET.USER.ZS,Internet,8.4251186825406
ZAF,2004,SP.DYN.LE00.IN,Life,53.963
ZAF,2004,SP.POP.TOTL,Population,48991421.0
ZAF,2004,NE.TRD.GNFS.ZS,Trade,45.64357522400406
ZAF,2005,EG.ELC.ACCS.ZS,Electricity,80.8
ZAF,2005,NY.GDP.MKTP.KD,GDP,267546870424.2948
ZAF,2005,NY.GDP.MKTP.KD.ZG,Growth,5.277051972954666
ZAF,2005,NY.GDP.PCAP.PP.KD,Income,12861.563308911373
ZAF,2005,FP.CPI.TOTL.ZG,Inflation,2.062853082234273
ZAF,2005,IT.NET.USER.ZS,Internet,7.48854252992921
ZAF,2005,SP.DYN.LE00.IN,Life,53.914
ZAF,2005,SP.POP.TOTL,Population,49490033.0
ZAF,2005,NE.TRD.GNFS.ZS,Trade,47.4277813970329
ZAF,2006,EG.ELC.ACCS.ZS,Electricity,80.7
ZAF,2006,NY.GDP.MKTP.KD,GDP,282539679229.8738
ZAF,2006,NY.GDP.MKTP.KD.ZG,Growth,5.603806458958886
ZAF,2006,NY.GDP.PCAP.PP.KD,Income,13444.233212605763
ZAF,2006,FP.CPI.TOTL.ZG,Inflation,3.243907654192295
ZAF,2006,IT.NET.USER.ZS,Internet,7.60713967477381
ZAF,2006,SP.DYN.LE00.IN,Life,54.22
ZAF,2006,SP.POP.TOTL,Population,49998277.0
ZAF,2006,NE.TRD.GNFS.ZS,Trade,53.768141274114534
ZAF,2007,EG.ELC.ACCS.ZS,Electricity,82.0
ZAF,2007,NY.GDP.MKTP.KD,GDP,297685145427.08105
ZAF,2007,NY.GDP.MKTP.KD.ZG,Growth,5.360474053941616
ZAF,2007,NY.GDP.PCAP.PP.KD,Income,14016.244471638598
ZAF,2007,FP.CPI.TOTL.ZG,Inflation,6.177812148093879
ZAF,2007,IT.NET.USER.ZS,Internet,8.06537517355504
ZAF,2007,SP.DYN.LE00.IN,Life,54.948
ZAF,2007,SP.POP.TOTL,Population,50528584.0
ZAF,2007,NE.TRD.GNFS.ZS,Trade,57.12513913774696
ZAF,2008,EG.ELC.ACCS.ZS,Electricity,81.9
ZAF,2008,NY.GDP.MKTP.KD,GDP,307184409060.7409
ZAF,2008,NY.GDP.MKTP.KD.ZG,Growth,3.1910438863287993
ZAF,2008,NY.GDP.PCAP.PP.KD,Income,14297.688780263246
ZAF,2008,FP.CPI.TOTL.ZG,Inflation,9.909984560054667
ZAF,2008,IT.NET.USER.ZS,Internet,8.43
ZAF,2008,SP.DYN.LE00.IN,Life,55.982
ZAF,2008,SP.POP.TOTL,Population,51114599.0
ZAF,2008,NE.TRD.GNFS.ZS,Trade,65.97452379962331
ZAF,2009,EG.ELC.ACCS.ZS,Electricity,82.6
ZAF,2009,NY.GDP.MKTP.KD,GDP,302459639039.7778
ZAF,2009,NY.GDP.MKTP.KD.ZG,Growth,-1.5380891352558308
ZAF,2009,NY.GDP.PCAP.PP.KD,Income,13910.701709339375
ZAF,2009,FP.CPI.TOTL.ZG,Inflation,7.238095238095269
ZAF,2009,IT.NET.USER.ZS,Internet,10.0
ZAF,2009,SP.DYN.LE00.IN,Life,57.413
ZAF,2009,SP.POP.TOTL,Population,51728516.0
ZAF,2009,NE.TRD.GNFS.ZS,Trade,49.5875353278801
ZAF,2010,EG.ELC.ACCS.ZS,Electricity,82.8
ZAF,2010,NY.GDP.MKTP.KD,GDP,311653604140.2694
ZAF,2010,NY.GDP.MKTP.KD.ZG,Growth,3.039732881279562
ZAF,2010,NY.GDP.PCAP.PP.KD,Income,14164.995836311546
ZAF,2010,FP.CPI.TOTL.ZG,Inflation,4.067495559502634
ZAF,2010,IT.NET.USER.ZS,Internet,24.0
ZAF,2010,SP.DYN.LE00.IN,Life,58.886
ZAF,2010,SP.POP.TOTL,Population,52344051.0
ZAF,2010,NE.TRD.GNFS.ZS,Trade,50.406087162599924
ZAF,2011,EG.ELC.ACCS.ZS,Electricity,83.6
ZAF,2011,NY.GDP.MKTP.KD,GDP,321528523981.7023
ZAF,2011,NY.GDP.MKTP.KD.ZG,Growth,3.1685562785881842
ZAF,2011,NY.GDP.PCAP.PP.KD,Income,14434.261145604813
ZAF,2011,FP.CPI.TOTL.ZG,Inflation,5.0008533879502
ZAF,2011,IT.NET.USER.ZS,Internet,33.97
ZAF,2011,SP.DYN.LE00.IN,Life,60.602
ZAF,2011,SP.POP.TOTL,Population,52995205.0
ZAF,2011,NE.TRD.GNFS.ZS,Trade,54.63635043589712
ZAF,2012,EG.ELC.ACCS.ZS,Electricity,85.2
ZAF,2012,NY.GDP.MKTP.KD,GDP,329233094599.26294
ZAF,2012,NY.GDP.MKTP.KD.ZG,Growth,2.396232384657452
ZAF,2012,NY.GDP.PCAP.PP.KD,Income,14563.762404103238
ZAF,2012,FP.CPI.TOTL.ZG,Inflation,5.73797139141739
ZAF,2012,IT.NET.USER.ZS,Internet,41.0
ZAF,2012,SP.DYN.LE00.IN,Life,61.737
ZAF,2012,SP.POP.TOTL,Population,53782567.0
ZAF,2012,NE.TRD.GNFS.ZS,Trade,55.58261719333446
ZAF,2013,EG.ELC.ACCS.ZS,Electricity,85.2
ZAF,2013,NY.GDP.MKTP.KD,GDP,337416077838.15137
ZAF,2013,NY.GDP.MKTP.KD.ZG,Growth,2.485468008265883
ZAF,2013,NY.GDP.PCAP.PP.KD,Income,14681.096638957037
ZAF,2013,FP.CPI.TOTL.ZG,Inflation,5.780169100691757
ZAF,2013,IT.NET.USER.ZS,Internet,46.5
ZAF,2013,SP.DYN.LE00.IN,Life,62.388
ZAF,2013,SP.POP.TOTL,Population,54678791.0
ZAF,2013,NE.TRD.GNFS.ZS,Trade,58.875027630051015
ZAF,2014,EG.ELC.ACCS.ZS,Electricity,85.9
ZAF,2014,NY.GDP.MKTP.KD,GDP,342186555600.7309
ZAF,2014,NY.GDP.MKTP.KD.ZG,Growth,1.4138264522379274
ZAF,2014,NY.GDP.PCAP.PP.KD,Income,14643.338478293632
ZAF,2014,FP.CPI.TOTL.ZG,Inflation,6.132829530591491
ZAF,2014,IT.NET.USER.ZS,Internet,49.0
ZAF,2014,SP.DYN.LE00.IN,Life,63.184
ZAF,2014,SP.POP.TOTL,Population,55594838.0
ZAF,2014,NE.TRD.GNFS.ZS,Trade,59.499574055059256
ZAF,2015,EG.ELC.ACCS.ZS,Electricity,85.3
ZAF,2015,NY.GDP.MKTP.KD,GDP,346709790458.56305
ZAF,2015,NY.GDP.MKTP.KD.ZG,Growth,1.3218622367822945
ZAF,2015,NY.GDP.PCAP.PP.KD,Income,14541.674861366873
ZAF,2015,FP.CPI.TOTL.ZG,Inflation,4.518690948925061
ZAF,2015,IT.NET.USER.ZS,Internet,51.91910172
ZAF,2015,SP.DYN.LE00.IN,Life,64.053
ZAF,2015,SP.POP.TOTL,Population,56723537.0
ZAF,2015,NE.TRD.GNFS.ZS,Trade,56.726676144715626
ZAF,2016,EG.ELC.ACCS.ZS,Electricity,83.9
ZAF,2016,NY.GDP.MKTP.KD,GDP,349013858372.6254
ZAF,2016,NY.GDP.MKTP.KD.ZG,Growth,0.6645523078581164
ZAF,2016,NY.GDP.PCAP.PP.KD,Income,14501.280782340202
ZAF,2016,FP.CPI.TOTL.ZG,Inflation,6.602908423948717
ZAF,2016,IT.NET.USER.ZS,Internet,54.0
ZAF,2016,SP.DYN.LE00.IN,Life,64.749
ZAF,2016,SP.POP.TOTL,Population,57259551.0
ZAF,2016,NE.TRD.GNFS.ZS,Trade,55.86125750487819
ZAF,2017,EG.ELC.ACCS.ZS,Electricity,84.4
ZAF,2017,NY.GDP.MKTP.KD,GDP,353055253707.07135
ZAF,2017,NY.GDP.MKTP.KD.ZG,Growth,1.157946951817351
ZAF,2017,NY.GDP.PCAP.PP.KD,Income,14573.598084000421
ZAF,2017,FP.CPI.TOTL.ZG,Inflation,5.186186555241493
ZAF,2017,IT.NET.USER.ZS,Internet,56.16740036
ZAF,2017,SP.DYN.LE00.IN,Life,65.422
ZAF,2017,SP.POP.TOTL,Population,57635162.0
ZAF,2017,NE.TRD.GNFS.ZS,Trade,53.53593182937409
ZAF,2018,EG.ELC.ACCS.ZS,Electricity,84.7
ZAF,2018,NY.GDP.MKTP.KD,GDP,358551560868.5332
ZAF,2018,NY.GDP.MKTP.KD.ZG,Growth,1.5567838472167637
ZAF,2018,NY.GDP.PCAP.PP.KD,Income,14553.561566895734
ZAF,2018,FP.CPI.TOTL.ZG,Inflation,4.509872648673875
ZAF,2018,IT.NET.USER.ZS,Internet,62.40000153
ZAF,2018,SP.DYN.LE00.IN,Life,65.726
ZAF,2018,SP.POP.TOTL,Population,58613001.0
ZAF,2018,NE.TRD.GNFS.ZS,Trade,54.48554512763406
ZAF,2019,EG.ELC.ACCS.ZS,Electricity,85.0
ZAF,2019,NY.GDP.MKTP.KD,GDP,359483563936.6759
ZAF,2019,NY.GDP.MKTP.KD.ZG,Growth,0.2599355768763303
ZAF,2019,NY.GDP.PCAP.PP.KD,Income,14352.669870987076
ZAF,2019,FP.CPI.TOTL.ZG,Inflation,4.102850754611558
ZAF,2019,IT.NET.USER.ZS,Internet,69.69689941
ZAF,2019,SP.DYN.LE00.IN,Life,66.071
ZAF,2019,SP.POP.TOTL,Population,59587885.0
ZAF,2019,NE.TRD.GNFS.ZS,Trade,53.8979964081406
ZAF,2020,EG.ELC.ACCS.ZS,Electricity,90.0
ZAF,2020,NY.GDP.MKTP.KD,GDP,337307318679.63873
ZAF,2020,NY.GDP.MKTP.KD.ZG,Growth,-6.1689177146757
ZAF,2020,NY.GDP.PCAP.PP.KD,Income,13250.566659445636
ZAF,2020,FP.CPI.TOTL.ZG,Inflation,3.232388316151135
ZAF,2020,IT.NET.USER.ZS,Internet,72.1128006
ZAF,2020,SP.DYN.LE00.IN,Life,65.15
ZAF,2020,SP.POP.TOTL,Population,60562381.0
ZAF,2020,NE.TRD.GNFS.ZS,Trade,50.75965908041766
ZAF,2021,EG.ELC.ACCS.ZS,Electricity,89.3
ZAF,2021,NY.GDP.MKTP.KD,GDP,353695896167.04706
ZAF,2021,NY.GDP.MKTP.KD.ZG,Growth,4.858648650601481
ZAF,2021,NY.GDP.PCAP.PP.KD,Income,13681.954814481312
ZAF,2021,FP.CPI.TOTL.ZG,Inflation,4.61874544887136
ZAF,2021,IT.NET.USER.ZS,Internet,74.96859741
ZAF,2021,SP.DYN.LE00.IN,Life,62.01
ZAF,2021,SP.POP.TOTL,Population,61502603.0
ZAF,2021,NE.TRD.GNFS.ZS,Trade,56.16471362775458
ZAF,2022,EG.ELC.ACCS.ZS,Electricity,86.5
ZAF,2022,NY.GDP.MKTP.KD,GDP,360975440918.61127
ZAF,2022,NY.GDP.MKTP.KD.ZG,Growth,2.058136616921928
ZAF,2022,NY.GDP.PCAP.PP.KD,Income,13767.496758993606
ZAF,2022,FP.CPI.TOTL.ZG,Inflation,7.039872725464818
ZAF,2022,IT.NET.USER.ZS,Internet,78.29319763
ZAF,2022,SP.DYN.LE00.IN,Life,65.454
ZAF,2022,SP.POP.TOTL,Population,62378410.0
ZAF,2022,NE.TRD.GNFS.ZS,Trade,64.94713440234001
ZAF,2023,EG.ELC.ACCS.ZS,Electricity,87.7
ZAF,2023,NY.GDP.MKTP.KD,GDP,363885280375.697
ZAF,2023,NY.GDP.MKTP.KD.ZG,Growth,0.8061045509580396
ZAF,2023,NY.GDP.PCAP.PP.KD,Income,13695.375569407595
ZAF,2023,FP.CPI.TOTL.ZG,Inflation,6.075243845796597
ZAF,2023,IT.NET.USER.ZS,Internet,78.33670044
ZAF,2023,SP.DYN.LE00.IN,Life,66.139
ZAF,2023,SP.POP.TOTL,Population,63212384.0
ZAF,2023,NE.TRD.GNFS.ZS,Trade,65.67987597407074
ZAF,2024,EG.ELC.ACCS.ZS,Electricity,90.2
ZAF,2024,NY.GDP.MKTP.KD,GDP,365831497261.3413
ZAF,2024,NY.GDP.MKTP.KD.ZG,Growth,0.534843531905139
ZAF,2024,NY.GDP.PCAP.PP.KD,Income,13597.653849599776
ZAF,2024,FP.CPI.TOTL.ZG,Inflation,4.361152465189621
ZAF,2024,IT.NET.USER.ZS,Internet,78.35759735
ZAF,2024,SP.DYN.LE00.IN,Life,66.312
ZAF,2024,SP.POP.TOTL,Population,64007187.0
ZAF,2024,NE.TRD.GNFS.ZS,Trade,61.64677047302495
